ISO-10303-21;
HEADER;
FILE_DESCRIPTION((''),'2;1');
FILE_NAME('SFW_R-1ST_LF','2009-06-09T',('gohd'),('FCI - CDC Division'),
'PRO/ENGINEER BY PARAMETRIC TECHNOLOGY CORPORATION, 2008010',
'PRO/ENGINEER BY PARAMETRIC TECHNOLOGY CORPORATION, 2008010','');
FILE_SCHEMA(('CONFIG_CONTROL_DESIGN'));
ENDSEC;
DATA;
#2=DIRECTION('',(0.E0,0.E0,1.E0));
#3=VECTOR('',#2,3.6E0);
#4=CARTESIAN_POINT('',(1.43E1,0.E0,-4.8E0));
#5=LINE('36917',#4,#3);
#6=DIRECTION('',(0.E0,0.E0,1.E0));
#7=VECTOR('',#6,3.6E0);
#8=CARTESIAN_POINT('',(2.03E1,0.E0,-4.8E0));
#9=LINE('39755',#8,#7);
#10=DIRECTION('',(1.E0,0.E0,0.E0));
#11=VECTOR('',#10,6.53E0);
#12=CARTESIAN_POINT('',(1.4035E1,3.5E-1,-4.8E0));
#13=LINE('39915',#12,#11);
#14=DIRECTION('',(0.E0,1.E0,-1.083577672034E-12));
#15=VECTOR('',#14,1.E-1);
#16=CARTESIAN_POINT('',(1.4035E1,2.5E-1,-4.8E0));
#17=LINE('26855',#16,#15);
#18=DIRECTION('',(-1.E0,0.E0,2.647777175710E-13));
#19=VECTOR('',#18,2.65E-1);
#20=CARTESIAN_POINT('',(1.43E1,2.5E-1,-4.8E0));
#21=LINE('26847',#20,#19);
#22=DIRECTION('',(-1.E0,0.E0,0.E0));
#23=VECTOR('',#22,6.E0);
#24=CARTESIAN_POINT('',(2.03E1,0.E0,-4.8E0));
#25=LINE('39916',#24,#23);
#26=DIRECTION('',(1.E0,0.E0,2.681293342491E-13));
#27=VECTOR('',#26,2.65E-1);
#28=CARTESIAN_POINT('',(2.03E1,2.5E-1,-4.8E0));
#29=LINE('38668',#28,#27);
#30=DIRECTION('',(0.E0,1.E0,-1.083577672034E-12));
#31=VECTOR('',#30,1.E-1);
#32=CARTESIAN_POINT('',(2.0565E1,2.5E-1,-4.8E0));
#33=LINE('38676',#32,#31);
#34=DIRECTION('',(-2.873478855664E-1,-2.546844905089E-13,9.578262852211E-1));
#35=VECTOR('',#34,5.220153254453E-1);
#36=CARTESIAN_POINT('',(1.71E1,3.499999999999E-1,-5.5E0));
#37=LINE('26391',#36,#35);
#38=DIRECTION('',(-2.873478855664E-1,2.546844905089E-13,-9.578262852211E-1));
#39=VECTOR('',#38,5.220153254453E-1);
#40=CARTESIAN_POINT('',(1.665E1,3.499999999997E-1,-5.E0));
#41=LINE('26387',#40,#39);
#42=DIRECTION('',(-2.873478855664E-1,-2.546844905089E-13,9.578262852211E-1));
#43=VECTOR('',#42,5.220153254453E-1);
#44=CARTESIAN_POINT('',(1.61E1,3.499999999999E-1,-5.5E0));
#45=LINE('26385',#44,#43);
#46=DIRECTION('',(1.E0,0.E0,3.256654205569E-14));
#47=VECTOR('',#46,2.999999999998E-1);
#48=CARTESIAN_POINT('',(1.565E1,3.499999999997E-1,-4.85E0));
#49=LINE('26361',#48,#47);
#50=DIRECTION('',(-2.873478855664E-1,2.546844905089E-13,-9.578262852211E-1));
#51=VECTOR('',#50,5.220153254453E-1);
#52=CARTESIAN_POINT('',(1.565E1,3.499999999997E-1,-5.E0));
#53=LINE('26382',#52,#51);
#54=DIRECTION('',(-2.873478855664E-1,-2.546844905089E-13,9.578262852211E-1));
#55=VECTOR('',#54,5.220153254453E-1);
#56=CARTESIAN_POINT('',(1.51E1,3.499999999999E-1,-5.5E0));
#57=LINE('26380',#56,#55);
#58=DIRECTION('',(-2.873478855664E-1,2.546844905089E-13,-9.578262852211E-1));
#59=VECTOR('',#58,5.220153254453E-1);
#60=CARTESIAN_POINT('',(1.465E1,3.499999999997E-1,-5.E0));
#61=LINE('26376',#60,#59);
#62=DIRECTION('',(-3.133774542039E-1,0.E0,9.496286491027E-1));
#63=VECTOR('',#62,5.265216044947E-1);
#64=CARTESIAN_POINT('',(1.42E1,3.499999999999E-1,-5.5E0));
#65=LINE('26374',#64,#63);
#66=DIRECTION('',(3.133774542039E-1,0.E0,9.496286491027E-1));
#67=VECTOR('',#66,5.265216044947E-1);
#68=CARTESIAN_POINT('',(2.04E1,3.499999999999E-1,-5.5E0));
#69=LINE('38457',#68,#67);
#70=DIRECTION('',(2.873478855664E-1,2.546844905089E-13,-9.578262852211E-1));
#71=VECTOR('',#70,5.220153254453E-1);
#72=CARTESIAN_POINT('',(1.995E1,3.499999999997E-1,-5.E0));
#73=LINE('38459',#72,#71);
#74=DIRECTION('',(2.873478855664E-1,-2.546844905089E-13,9.578262852211E-1));
#75=VECTOR('',#74,5.220153254453E-1);
#76=CARTESIAN_POINT('',(1.95E1,3.499999999999E-1,-5.5E0));
#77=LINE('38463',#76,#75);
#78=DIRECTION('',(2.873478855664E-1,2.546844905089E-13,-9.578262852211E-1));
#79=VECTOR('',#78,5.220153254453E-1);
#80=CARTESIAN_POINT('',(1.895E1,3.499999999997E-1,-5.E0));
#81=LINE('38465',#80,#79);
#82=DIRECTION('',(-1.E0,0.E0,3.256654205569E-14));
#83=VECTOR('',#82,2.999999999998E-1);
#84=CARTESIAN_POINT('',(1.895E1,3.499999999997E-1,-4.85E0));
#85=LINE('38451',#84,#83);
#86=DIRECTION('',(2.873478855664E-1,-2.546844905089E-13,9.578262852211E-1));
#87=VECTOR('',#86,5.220153254453E-1);
#88=CARTESIAN_POINT('',(1.85E1,3.499999999999E-1,-5.5E0));
#89=LINE('38468',#88,#87);
#90=DIRECTION('',(2.873478855664E-1,2.546844905089E-13,-9.578262852211E-1));
#91=VECTOR('',#90,5.220153254453E-1);
#92=CARTESIAN_POINT('',(1.795E1,3.499999999997E-1,-5.E0));
#93=LINE('38470',#92,#91);
#94=DIRECTION('',(2.873478855664E-1,-2.546844905089E-13,9.578262852211E-1));
#95=VECTOR('',#94,5.220153254453E-1);
#96=CARTESIAN_POINT('',(1.75E1,3.499999999999E-1,-5.5E0));
#97=LINE('38474',#96,#95);
#98=DIRECTION('',(1.E0,0.E0,0.E0));
#99=VECTOR('',#98,4.000000000001E-1);
#100=CARTESIAN_POINT('',(1.71E1,2.35E0,-5.5E0));
#101=LINE('48933',#100,#99);
#102=DIRECTION('',(-1.E0,0.E0,0.E0));
#103=VECTOR('',#102,4.000000000001E-1);
#104=CARTESIAN_POINT('',(1.75E1,3.499999999999E-1,-5.5E0));
#105=LINE('48934',#104,#103);
#106=DIRECTION('',(1.E0,0.E0,0.E0));
#107=VECTOR('',#106,6.53E0);
#108=CARTESIAN_POINT('',(1.4035E1,2.35E0,-4.8E0));
#109=LINE('43149',#108,#107);
#110=DIRECTION('',(0.E0,0.E0,1.E0));
#111=VECTOR('',#110,1.999999999998E-1);
#112=CARTESIAN_POINT('',(1.4035E1,2.35E0,-5.E0));
#113=LINE('43053',#112,#111);
#114=DIRECTION('',(3.133774542038E-1,0.E0,-9.496286491028E-1));
#115=VECTOR('',#114,5.265216044949E-1);
#116=CARTESIAN_POINT('',(1.4035E1,2.35E0,-5.E0));
#117=LINE('43050',#116,#115);
#118=DIRECTION('',(2.873478855664E-1,-2.365003369068E-13,9.578262852211E-1));
#119=VECTOR('',#118,5.220153254453E-1);
#120=CARTESIAN_POINT('',(1.45E1,2.35E0,-5.5E0));
#121=LINE('26775',#120,#119);
#122=DIRECTION('',(2.873478855664E-1,2.373510575432E-13,-9.578262852211E-1));
#123=VECTOR('',#122,5.220153254453E-1);
#124=CARTESIAN_POINT('',(1.495E1,2.35E0,-5.E0));
#125=LINE('26771',#124,#123);
#126=DIRECTION('',(2.873478855664E-1,-2.365003369068E-13,9.578262852211E-1));
#127=VECTOR('',#126,5.220153254453E-1);
#128=CARTESIAN_POINT('',(1.55E1,2.35E0,-5.5E0));
#129=LINE('26769',#128,#127);
#130=DIRECTION('',(-1.E0,0.E0,-3.256654205569E-14));
#131=VECTOR('',#130,2.999999999998E-1);
#132=CARTESIAN_POINT('',(1.595E1,2.35E0,-4.85E0));
#133=LINE('26363',#132,#131);
#134=DIRECTION('',(2.873478855664E-1,2.373510575432E-13,-9.578262852211E-1));
#135=VECTOR('',#134,5.220153254453E-1);
#136=CARTESIAN_POINT('',(1.595E1,2.35E0,-5.E0));
#137=LINE('26766',#136,#135);
#138=DIRECTION('',(2.873478855664E-1,-2.365003369068E-13,9.578262852211E-1));
#139=VECTOR('',#138,5.220153254453E-1);
#140=CARTESIAN_POINT('',(1.65E1,2.35E0,-5.5E0));
#141=LINE('26764',#140,#139);
#142=DIRECTION('',(2.873478855664E-1,2.373510575432E-13,-9.578262852211E-1));
#143=VECTOR('',#142,5.220153254453E-1);
#144=CARTESIAN_POINT('',(1.695E1,2.35E0,-5.E0));
#145=LINE('26760',#144,#143);
#146=DIRECTION('',(-2.873478855664E-1,2.365003369068E-13,-9.578262852211E-1));
#147=VECTOR('',#146,5.220153254453E-1);
#148=CARTESIAN_POINT('',(1.765E1,2.35E0,-5.E0));
#149=LINE('38614',#148,#147);
#150=DIRECTION('',(-2.873478855664E-1,-2.373510575432E-13,9.578262852211E-1));
#151=VECTOR('',#150,5.220153254453E-1);
#152=CARTESIAN_POINT('',(1.81E1,2.35E0,-5.5E0));
#153=LINE('38618',#152,#151);
#154=DIRECTION('',(-2.873478855664E-1,2.365003369068E-13,-9.578262852211E-1));
#155=VECTOR('',#154,5.220153254453E-1);
#156=CARTESIAN_POINT('',(1.865E1,2.35E0,-5.E0));
#157=LINE('38620',#156,#155);
#158=DIRECTION('',(1.E0,0.E0,-3.552713678803E-14));
#159=VECTOR('',#158,2.999999999998E-1);
#160=CARTESIAN_POINT('',(1.865E1,2.35E0,-4.85E0));
#161=LINE('38453',#160,#159);
#162=DIRECTION('',(-2.873478855664E-1,-2.373510575432E-13,9.578262852211E-1));
#163=VECTOR('',#162,5.220153254453E-1);
#164=CARTESIAN_POINT('',(1.91E1,2.35E0,-5.5E0));
#165=LINE('38623',#164,#163);
#166=DIRECTION('',(-2.873478855664E-1,2.365003369068E-13,-9.578262852211E-1));
#167=VECTOR('',#166,5.220153254453E-1);
#168=CARTESIAN_POINT('',(1.965E1,2.35E0,-5.E0));
#169=LINE('38625',#168,#167);
#170=DIRECTION('',(-2.873478855664E-1,-2.373510575432E-13,9.578262852211E-1));
#171=VECTOR('',#170,5.220153254453E-1);
#172=CARTESIAN_POINT('',(2.01E1,2.35E0,-5.5E0));
#173=LINE('38629',#172,#171);
#174=DIRECTION('',(-3.133774542038E-1,0.E0,-9.496286491028E-1));
#175=VECTOR('',#174,5.265216044949E-1);
#176=CARTESIAN_POINT('',(2.0565E1,2.35E0,-5.E0));
#177=LINE('43108',#176,#175);
#178=DIRECTION('',(0.E0,0.E0,1.E0));
#179=VECTOR('',#178,1.999999999998E-1);
#180=CARTESIAN_POINT('',(2.0565E1,2.35E0,-5.E0));
#181=LINE('43111',#180,#179);
#182=DIRECTION('',(0.E0,1.E0,0.E0));
#183=VECTOR('',#182,1.E-1);
#184=CARTESIAN_POINT('',(1.4035E1,2.35E0,-4.8E0));
#185=LINE('43052',#184,#183);
#186=DIRECTION('',(0.E0,1.E0,0.E0));
#187=VECTOR('',#186,1.E-1);
#188=CARTESIAN_POINT('',(2.0565E1,2.35E0,-4.8E0));
#189=LINE('43110',#188,#187);
#190=DIRECTION('',(1.E0,0.E0,0.E0));
#191=VECTOR('',#190,6.E0);
#192=CARTESIAN_POINT('',(1.43E1,2.7E0,0.E0));
#193=LINE('39913',#192,#191);
#194=DIRECTION('',(0.E0,-2.248201624866E-14,-1.E0));
#195=VECTOR('',#194,4.8E0);
#196=CARTESIAN_POINT('',(1.43E1,2.7E0,0.E0));
#197=LINE('27360',#196,#195);
#198=DIRECTION('',(-1.E0,0.E0,0.E0));
#199=VECTOR('',#198,6.E0);
#200=CARTESIAN_POINT('',(2.03E1,2.7E0,-4.8E0));
#201=LINE('39914',#200,#199);
#202=DIRECTION('',(0.E0,-2.248201624866E-14,-1.E0));
#203=VECTOR('',#202,4.8E0);
#204=CARTESIAN_POINT('',(2.03E1,2.7E0,0.E0));
#205=LINE('38929',#204,#203);
#206=DIRECTION('',(-9.043271182403E-13,-1.E0,0.E0));
#207=VECTOR('',#206,1.1E-1);
#208=CARTESIAN_POINT('',(1.5675E1,2.31E0,0.E0));
#209=LINE('26357',#208,#207);
#210=DIRECTION('',(-8.235836255403E-13,1.E0,0.E0));
#211=VECTOR('',#210,1.1E-1);
#212=CARTESIAN_POINT('',(1.4925E1,2.2E0,0.E0));
#213=LINE('26886',#212,#211);
#214=DIRECTION('',(-1.E0,0.E0,0.E0));
#215=VECTOR('',#214,2.499999999998E-1);
#216=CARTESIAN_POINT('',(1.4925E1,2.31E0,0.E0));
#217=LINE('26895',#216,#215);
#218=DIRECTION('',(-9.043271182403E-13,-1.E0,0.E0));
#219=VECTOR('',#218,1.1E-1);
#220=CARTESIAN_POINT('',(1.4675E1,2.31E0,0.E0));
#221=LINE('26882',#220,#219);
#222=DIRECTION('',(1.E0,4.165556788394E-13,0.E0));
#223=VECTOR('',#222,5.E-1);
#224=CARTESIAN_POINT('',(1.38E1,2.45E0,0.E0));
#225=LINE('26863',#224,#223);
#226=DIRECTION('',(-1.E0,4.165556788394E-13,0.E0));
#227=VECTOR('',#226,5.E-1);
#228=CARTESIAN_POINT('',(2.08E1,2.45E0,0.E0));
#229=LINE('38684',#228,#227);
#230=DIRECTION('',(9.043271182403E-13,-1.E0,0.E0));
#231=VECTOR('',#230,1.1E-1);
#232=CARTESIAN_POINT('',(1.9925E1,2.31E0,0.E0));
#233=LINE('38702',#232,#231);
#234=DIRECTION('',(1.E0,0.E0,0.E0));
#235=VECTOR('',#234,2.499999999998E-1);
#236=CARTESIAN_POINT('',(1.9675E1,2.31E0,0.E0));
#237=LINE('38715',#236,#235);
#238=DIRECTION('',(8.074349270002E-13,1.E0,0.E0));
#239=VECTOR('',#238,1.1E-1);
#240=CARTESIAN_POINT('',(1.9675E1,2.2E0,0.E0));
#241=LINE('38706',#240,#239);
#242=DIRECTION('',(9.043271182403E-13,-1.E0,0.E0));
#243=VECTOR('',#242,1.1E-1);
#244=CARTESIAN_POINT('',(1.8925E1,2.31E0,0.E0));
#245=LINE('38447',#244,#243);
#246=DIRECTION('',(1.E0,0.E0,0.E0));
#247=VECTOR('',#246,7.5E-1);
#248=CARTESIAN_POINT('',(1.6925E1,2.2E0,-1.E0));
#249=LINE('48938',#248,#247);
#250=DIRECTION('',(5.433562096768E-14,0.E0,1.E0));
#251=VECTOR('',#250,6.538461538728E-2);
#252=CARTESIAN_POINT('',(1.6925E1,2.2E0,-1.E0));
#253=LINE('48099',#252,#251);
#254=DIRECTION('',(-1.E0,0.E0,0.E0));
#255=VECTOR('',#254,7.5E-1);
#256=CARTESIAN_POINT('',(1.7675E1,2.2E0,0.E0));
#257=LINE('48939',#256,#255);
#258=DIRECTION('',(5.433562096768E-14,0.E0,1.E0));
#259=VECTOR('',#258,6.538461538728E-2);
#260=CARTESIAN_POINT('',(1.7675E1,2.2E0,-1.E0));
#261=LINE('48768',#260,#259);
#262=DIRECTION('',(1.E0,0.E0,0.E0));
#263=VECTOR('',#262,7.5E-1);
#264=CARTESIAN_POINT('',(1.6925E1,1.8E0,-1.E0));
#265=LINE('48937',#264,#263);
#266=DIRECTION('',(4.179663151378E-14,-1.E0,0.E0));
#267=VECTOR('',#266,8.500000000309E-2);
#268=CARTESIAN_POINT('',(1.6925E1,2.2E0,-1.E0));
#269=LINE('48097',#268,#267);
#270=DIRECTION('',(4.179663151378E-14,-1.E0,0.E0));
#271=VECTOR('',#270,8.500000000309E-2);
#272=CARTESIAN_POINT('',(1.7675E1,2.2E0,-1.E0));
#273=LINE('48766',#272,#271);
#274=DIRECTION('',(1.E0,0.E0,0.E0));
#275=VECTOR('',#274,7.5E-1);
#276=CARTESIAN_POINT('',(1.6925E1,1.8E0,-3.35E0));
#277=LINE('48932',#276,#275);
#278=DIRECTION('',(0.E0,0.E0,-1.E0));
#279=VECTOR('',#278,7.449152484090E-1);
#280=CARTESIAN_POINT('',(1.6925E1,1.8E0,-1.242307692306E0));
#281=LINE('48095',#280,#279);
#282=DIRECTION('',(0.E0,0.E0,-1.E0));
#283=VECTOR('',#282,7.449152484090E-1);
#284=CARTESIAN_POINT('',(1.7675E1,1.8E0,-1.242307692306E0));
#285=LINE('48764',#284,#283);
#286=DIRECTION('',(0.E0,-1.E0,0.E0));
#287=VECTOR('',#286,2.6E-1);
#288=CARTESIAN_POINT('',(1.6925E1,1.01E0,-3.35E0));
#289=LINE('28866',#288,#287);
#290=DIRECTION('',(-1.E0,0.E0,0.E0));
#291=VECTOR('',#290,2.5E-1);
#292=CARTESIAN_POINT('',(1.6925E1,1.01E0,-3.35E0));
#293=LINE('28867',#292,#291);
#294=DIRECTION('',(0.E0,-1.E0,0.E0));
#295=VECTOR('',#294,2.6E-1);
#296=CARTESIAN_POINT('',(1.6675E1,1.01E0,-3.35E0));
#297=LINE('28868',#296,#295);
#298=DIRECTION('',(0.E0,-1.E0,0.E0));
#299=VECTOR('',#298,2.6E-1);
#300=CARTESIAN_POINT('',(1.5925E1,1.01E0,-3.35E0));
#301=LINE('28917',#300,#299);
#302=DIRECTION('',(-1.E0,0.E0,0.E0));
#303=VECTOR('',#302,2.5E-1);
#304=CARTESIAN_POINT('',(1.5925E1,1.01E0,-3.35E0));
#305=LINE('28918',#304,#303);
#306=DIRECTION('',(0.E0,-1.E0,0.E0));
#307=VECTOR('',#306,2.6E-1);
#308=CARTESIAN_POINT('',(1.5675E1,1.01E0,-3.35E0));
#309=LINE('28919',#308,#307);
#310=DIRECTION('',(0.E0,-1.E0,0.E0));
#311=VECTOR('',#310,2.6E-1);
#312=CARTESIAN_POINT('',(1.4925E1,1.01E0,-3.35E0));
#313=LINE('28968',#312,#311);
#314=DIRECTION('',(-1.E0,0.E0,0.E0));
#315=VECTOR('',#314,2.5E-1);
#316=CARTESIAN_POINT('',(1.4925E1,1.01E0,-3.35E0));
#317=LINE('28969',#316,#315);
#318=DIRECTION('',(0.E0,-1.E0,0.E0));
#319=VECTOR('',#318,2.6E-1);
#320=CARTESIAN_POINT('',(1.4675E1,1.01E0,-3.35E0));
#321=LINE('28970',#320,#319);
#322=DIRECTION('',(-1.E0,1.964240735873E-14,0.E0));
#323=VECTOR('',#322,6.500000000006E-1);
#324=CARTESIAN_POINT('',(1.43E1,8.E-1,-3.35E0));
#325=LINE('43632',#324,#323);
#326=DIRECTION('',(0.E0,-1.E0,0.E0));
#327=VECTOR('',#326,1.E0);
#328=CARTESIAN_POINT('',(1.365E1,1.8E0,-3.35E0));
#329=LINE('43621',#328,#327);
#330=DIRECTION('',(1.E0,-2.564885972986E-13,4.505880763353E-14));
#331=VECTOR('',#330,1.025000000001E0);
#332=CARTESIAN_POINT('',(1.365E1,1.8E0,-3.35E0));
#333=LINE('43633',#332,#331);
#334=DIRECTION('',(-1.E0,-2.560553395329E-13,4.505880763353E-14));
#335=VECTOR('',#334,1.025000000001E0);
#336=CARTESIAN_POINT('',(2.095E1,1.8E0,-3.35E0));
#337=LINE('48354',#336,#335);
#338=DIRECTION('',(0.E0,-1.E0,0.E0));
#339=VECTOR('',#338,1.E0);
#340=CARTESIAN_POINT('',(2.095E1,1.8E0,-3.35E0));
#341=LINE('48347',#340,#339);
#342=DIRECTION('',(1.E0,1.964240735873E-14,0.E0));
#343=VECTOR('',#342,6.500000000006E-1);
#344=CARTESIAN_POINT('',(2.03E1,8.E-1,-3.35E0));
#345=LINE('48353',#344,#343);
#346=DIRECTION('',(-1.366428338E-14,-1.E0,0.E0));
#347=VECTOR('',#346,2.6E-1);
#348=CARTESIAN_POINT('',(1.9925E1,1.01E0,-3.35E0));
#349=LINE('39676',#348,#347);
#350=DIRECTION('',(1.E0,0.E0,0.E0));
#351=VECTOR('',#350,2.5E-1);
#352=CARTESIAN_POINT('',(1.9675E1,1.01E0,-3.35E0));
#353=LINE('39675',#352,#351);
#354=DIRECTION('',(-1.366428338E-14,-1.E0,0.E0));
#355=VECTOR('',#354,2.6E-1);
#356=CARTESIAN_POINT('',(1.9675E1,1.01E0,-3.35E0));
#357=LINE('39674',#356,#355);
#358=DIRECTION('',(-1.366428338E-14,-1.E0,0.E0));
#359=VECTOR('',#358,2.6E-1);
#360=CARTESIAN_POINT('',(1.8925E1,1.01E0,-3.35E0));
#361=LINE('39625',#360,#359);
#362=DIRECTION('',(1.E0,0.E0,0.E0));
#363=VECTOR('',#362,2.5E-1);
#364=CARTESIAN_POINT('',(1.8675E1,1.01E0,-3.35E0));
#365=LINE('39624',#364,#363);
#366=DIRECTION('',(-1.366428338E-14,-1.E0,0.E0));
#367=VECTOR('',#366,2.6E-1);
#368=CARTESIAN_POINT('',(1.8675E1,1.01E0,-3.35E0));
#369=LINE('39623',#368,#367);
#370=DIRECTION('',(0.E0,-1.E0,0.E0));
#371=VECTOR('',#370,2.6E-1);
#372=CARTESIAN_POINT('',(1.7925E1,1.01E0,-3.35E0));
#373=LINE('39574',#372,#371);
#374=DIRECTION('',(1.E0,0.E0,0.E0));
#375=VECTOR('',#374,2.5E-1);
#376=CARTESIAN_POINT('',(1.7675E1,1.01E0,-3.35E0));
#377=LINE('39573',#376,#375);
#378=DIRECTION('',(0.E0,-1.E0,0.E0));
#379=VECTOR('',#378,2.6E-1);
#380=CARTESIAN_POINT('',(1.7675E1,1.01E0,-3.35E0));
#381=LINE('39572',#380,#379);
#382=DIRECTION('',(1.E0,0.E0,0.E0));
#383=VECTOR('',#382,7.5E-1);
#384=CARTESIAN_POINT('',(1.6925E1,7.5E-1,-1.5E0));
#385=LINE('48935',#384,#383);
#386=DIRECTION('',(0.E0,0.E0,-1.E0));
#387=VECTOR('',#386,1.85E0);
#388=CARTESIAN_POINT('',(1.6925E1,7.5E-1,-1.5E0));
#389=LINE('28872',#388,#387);
#390=DIRECTION('',(-1.E0,0.E0,0.E0));
#391=VECTOR('',#390,7.5E-1);
#392=CARTESIAN_POINT('',(1.7675E1,7.5E-1,-3.35E0));
#393=LINE('48936',#392,#391);
#394=DIRECTION('',(0.E0,0.E0,-1.E0));
#395=VECTOR('',#394,1.85E0);
#396=CARTESIAN_POINT('',(1.7675E1,7.5E-1,-1.5E0));
#397=LINE('39578',#396,#395);
#398=DIRECTION('',(-1.E0,0.E0,0.E0));
#399=VECTOR('',#398,1.5E0);
#400=CARTESIAN_POINT('',(2.03E1,4.499999999997E-1,-1.2E0));
#401=LINE('40037',#400,#399);
#402=DIRECTION('',(1.E0,0.E0,0.E0));
#403=VECTOR('',#402,3.E0);
#404=CARTESIAN_POINT('',(1.58E1,4.499999999997E-1,-1.2E0));
#405=LINE('40520',#404,#403);
#406=DIRECTION('',(-1.E0,0.E0,0.E0));
#407=VECTOR('',#406,1.5E0);
#408=CARTESIAN_POINT('',(1.58E1,4.499999999997E-1,-1.2E0));
#409=LINE('40038',#408,#407);
#410=DIRECTION('',(0.E0,-7.071067811873E-1,7.071067811858E-1));
#411=VECTOR('',#410,7.071067812250E-2);
#412=CARTESIAN_POINT('',(1.4675E1,7.5E-1,-1.5E0));
#413=LINE('28967',#412,#411);
#414=DIRECTION('',(-1.E0,0.E0,0.E0));
#415=VECTOR('',#414,2.5E-1);
#416=CARTESIAN_POINT('',(1.4925E1,6.999999999972E-1,-1.449999999997E0));
#417=LINE('28966',#416,#415);
#418=DIRECTION('',(0.E0,-7.071067811873E-1,7.071067811858E-1));
#419=VECTOR('',#418,7.071067812250E-2);
#420=CARTESIAN_POINT('',(1.4925E1,7.5E-1,-1.5E0));
#421=LINE('28965',#420,#419);
#422=DIRECTION('',(0.E0,-7.071067811873E-1,7.071067811858E-1));
#423=VECTOR('',#422,7.071067812250E-2);
#424=CARTESIAN_POINT('',(1.5675E1,7.5E-1,-1.5E0));
#425=LINE('28916',#424,#423);
#426=DIRECTION('',(-1.E0,0.E0,0.E0));
#427=VECTOR('',#426,2.5E-1);
#428=CARTESIAN_POINT('',(1.5925E1,6.999999999972E-1,-1.449999999997E0));
#429=LINE('28915',#428,#427);
#430=DIRECTION('',(0.E0,-7.071067811873E-1,7.071067811858E-1));
#431=VECTOR('',#430,7.071067812250E-2);
#432=CARTESIAN_POINT('',(1.5925E1,7.5E-1,-1.5E0));
#433=LINE('28914',#432,#431);
#434=DIRECTION('',(0.E0,-7.071067811873E-1,7.071067811858E-1));
#435=VECTOR('',#434,7.071067812250E-2);
#436=CARTESIAN_POINT('',(1.6675E1,7.5E-1,-1.5E0));
#437=LINE('28865',#436,#435);
#438=DIRECTION('',(-1.E0,0.E0,0.E0));
#439=VECTOR('',#438,2.5E-1);
#440=CARTESIAN_POINT('',(1.6925E1,6.999999999972E-1,-1.449999999997E0));
#441=LINE('28864',#440,#439);
#442=DIRECTION('',(0.E0,-7.071067811873E-1,7.071067811858E-1));
#443=VECTOR('',#442,7.071067812250E-2);
#444=CARTESIAN_POINT('',(1.6925E1,7.5E-1,-1.5E0));
#445=LINE('28863',#444,#443);
#446=DIRECTION('',(0.E0,-7.071067811873E-1,7.071067811858E-1));
#447=VECTOR('',#446,7.071067812250E-2);
#448=CARTESIAN_POINT('',(1.7675E1,7.5E-1,-1.5E0));
#449=LINE('39569',#448,#447);
#450=DIRECTION('',(1.E0,0.E0,0.E0));
#451=VECTOR('',#450,2.5E-1);
#452=CARTESIAN_POINT('',(1.7675E1,6.999999999972E-1,-1.449999999997E0));
#453=LINE('39570',#452,#451);
#454=DIRECTION('',(0.E0,-7.071067811873E-1,7.071067811858E-1));
#455=VECTOR('',#454,7.071067812250E-2);
#456=CARTESIAN_POINT('',(1.7925E1,7.5E-1,-1.5E0));
#457=LINE('39571',#456,#455);
#458=DIRECTION('',(1.004859173503E-13,-7.071067811873E-1,7.071067811858E-1));
#459=VECTOR('',#458,7.071067812250E-2);
#460=CARTESIAN_POINT('',(1.8675E1,7.5E-1,-1.5E0));
#461=LINE('39620',#460,#459);
#462=DIRECTION('',(1.E0,0.E0,0.E0));
#463=VECTOR('',#462,2.5E-1);
#464=CARTESIAN_POINT('',(1.8675E1,6.999999999972E-1,-1.449999999997E0));
#465=LINE('39621',#464,#463);
#466=DIRECTION('',(5.024295867515E-14,-7.071067811873E-1,7.071067811858E-1));
#467=VECTOR('',#466,7.071067812250E-2);
#468=CARTESIAN_POINT('',(1.8925E1,7.5E-1,-1.5E0));
#469=LINE('39622',#468,#467);
#470=DIRECTION('',(1.004859173503E-13,-7.071067811873E-1,7.071067811858E-1));
#471=VECTOR('',#470,7.071067812250E-2);
#472=CARTESIAN_POINT('',(1.9675E1,7.5E-1,-1.5E0));
#473=LINE('39671',#472,#471);
#474=DIRECTION('',(1.E0,0.E0,0.E0));
#475=VECTOR('',#474,2.5E-1);
#476=CARTESIAN_POINT('',(1.9675E1,6.999999999972E-1,-1.449999999997E0));
#477=LINE('39672',#476,#475);
#478=DIRECTION('',(5.024295867515E-14,-7.071067811873E-1,7.071067811858E-1));
#479=VECTOR('',#478,7.071067812250E-2);
#480=CARTESIAN_POINT('',(1.9925E1,7.5E-1,-1.5E0));
#481=LINE('39673',#480,#479);
#482=DIRECTION('',(1.E0,0.E0,0.E0));
#483=VECTOR('',#482,6.E0);
#484=CARTESIAN_POINT('',(1.43E1,6.500000000001E-1,-1.2E0));
#485=LINE('40523',#484,#483);
#486=DIRECTION('',(0.E0,1.E0,0.E0));
#487=VECTOR('',#486,5.000000000033E-2);
#488=CARTESIAN_POINT('',(1.58E1,4.499999999997E-1,-1.2E0));
#489=LINE('40526',#488,#487);
#490=DIRECTION('',(1.E0,0.E0,0.E0));
#491=VECTOR('',#490,3.E0);
#492=CARTESIAN_POINT('',(1.58E1,5.E-1,-1.2E0));
#493=LINE('40002',#492,#491);
#494=DIRECTION('',(0.E0,1.E0,0.E0));
#495=VECTOR('',#494,5.000000000033E-2);
#496=CARTESIAN_POINT('',(1.88E1,4.499999999997E-1,-1.2E0));
#497=LINE('40527',#496,#495);
#498=DIRECTION('',(1.E0,0.E0,8.326672684690E-14));
#499=VECTOR('',#498,4.E-1);
#500=CARTESIAN_POINT('',(1.16E1,2.2E0,-1.2E0));
#501=LINE('40404',#500,#499);
#502=CARTESIAN_POINT('',(1.16E1,2.E0,-1.2E0));
#503=DIRECTION('',(0.E0,0.E0,1.E0));
#504=DIRECTION('',(2.664535259100E-14,1.E0,0.E0));
#505=AXIS2_PLACEMENT_3D('',#502,#503,#504);
#507=CARTESIAN_POINT('',(1.16E1,3.5E-1,-1.2E0));
#508=DIRECTION('',(0.E0,0.E0,1.E0));
#509=DIRECTION('',(-1.E0,0.E0,0.E0));
#510=AXIS2_PLACEMENT_3D('',#507,#508,#509);
#512=DIRECTION('',(-1.E0,0.E0,-1.590120864653E-13));
#513=VECTOR('',#512,2.639197514083E-1);
#514=CARTESIAN_POINT('',(1.316391975141E1,5.E-2,-1.2E0));
#515=LINE('34800',#514,#513);
#516=DIRECTION('',(1.667110893777E-11,-1.E0,-1.221245327088E-14));
#517=VECTOR('',#516,2.E-1);
#518=CARTESIAN_POINT('',(1.316391975140E1,2.5E-1,-1.2E0));
#519=LINE('42315',#518,#517);
#520=DIRECTION('',(-1.666222715357E-11,-1.E0,-1.332267629550E-14));
#521=VECTOR('',#520,2.E-1);
#522=CARTESIAN_POINT('',(2.143608024860E1,2.5E-1,-1.2E0));
#523=LINE('42406',#522,#521);
#524=DIRECTION('',(1.E0,0.E0,-1.590120864653E-13));
#525=VECTOR('',#524,2.639197514083E-1);
#526=CARTESIAN_POINT('',(2.143608024859E1,5.E-2,-1.2E0));
#527=LINE('42071',#526,#525);
#528=CARTESIAN_POINT('',(2.3E1,3.5E-1,-1.2E0));
#529=DIRECTION('',(0.E0,0.E0,-1.E0));
#530=DIRECTION('',(1.E0,0.E0,0.E0));
#531=AXIS2_PLACEMENT_3D('',#528,#529,#530);
#533=CARTESIAN_POINT('',(2.3E1,2.E0,-1.2E0));
#534=DIRECTION('',(0.E0,0.E0,-1.E0));
#535=DIRECTION('',(-1.776356839400E-14,1.E0,0.E0));
#536=AXIS2_PLACEMENT_3D('',#533,#534,#535);
#538=DIRECTION('',(-1.E0,0.E0,8.382183835921E-14));
#539=VECTOR('',#538,4.E-1);
#540=CARTESIAN_POINT('',(2.3E1,2.2E0,-1.2E0));
#541=LINE('40425',#540,#539);
#542=DIRECTION('',(0.E0,1.E0,0.E0));
#543=VECTOR('',#542,5.E-2);
#544=CARTESIAN_POINT('',(1.379506272187E1,8.E-1,-1.2E0));
#545=LINE('42235',#544,#543);
#546=DIRECTION('',(7.105427357601E-14,1.E0,0.E0));
#547=VECTOR('',#546,5.E-2);
#548=CARTESIAN_POINT('',(2.080493727813E1,8.E-1,-1.2E0));
#549=LINE('42321',#548,#547);
#550=DIRECTION('',(0.E0,-1.E0,0.E0));
#551=VECTOR('',#550,2.000000000004E-1);
#552=CARTESIAN_POINT('',(2.03E1,6.500000000001E-1,-1.2E0));
#553=LINE('40207',#552,#551);
#554=DIRECTION('',(0.E0,-7.071067811870E-1,7.071067811861E-1));
#555=VECTOR('',#554,4.242640687121E-1);
#556=CARTESIAN_POINT('',(2.03E1,7.5E-1,-1.5E0));
#557=LINE('40435',#556,#555);
#558=DIRECTION('',(2.415845301584E-12,1.E0,0.E0));
#559=VECTOR('',#558,5.000000000002E-2);
#560=CARTESIAN_POINT('',(2.03E1,7.5E-1,-3.35E0));
#561=LINE('38366',#560,#559);
#562=DIRECTION('',(-3.248195363475E-13,3.679596310186E-14,1.E0));
#563=VECTOR('',#562,3.5E-1);
#564=CARTESIAN_POINT('',(2.03E1,8.E-1,-3.35E0));
#565=LINE('40441',#564,#563);
#566=DIRECTION('',(0.E0,0.E0,-1.E0));
#567=VECTOR('',#566,1.5E0);
#568=CARTESIAN_POINT('',(2.03E1,8.E-1,-1.5E0));
#569=LINE('42170',#568,#567);
#570=DIRECTION('',(0.E0,-7.071067811873E-1,7.071067811858E-1));
#571=VECTOR('',#570,7.071067811858E-2);
#572=CARTESIAN_POINT('',(2.03E1,8.E-1,-1.5E0));
#573=LINE('41596',#572,#571);
#574=DIRECTION('',(0.E0,0.E0,-1.E0));
#575=VECTOR('',#574,1.499999999997E-1);
#576=CARTESIAN_POINT('',(2.03E1,7.5E-1,-1.3E0));
#577=LINE('40210',#576,#575);
#578=DIRECTION('',(0.E0,-7.071067811861E-1,7.071067811870E-1));
#579=VECTOR('',#578,1.414213562373E-1);
#580=CARTESIAN_POINT('',(2.03E1,7.5E-1,-1.3E0));
#581=LINE('40209',#580,#579);
#582=DIRECTION('',(0.E0,0.E0,-1.E0));
#583=VECTOR('',#582,1.85E0);
#584=CARTESIAN_POINT('',(1.9925E1,7.5E-1,-1.5E0));
#585=LINE('39679',#584,#583);
#586=DIRECTION('',(1.E0,-7.549516567451E-14,0.E0));
#587=VECTOR('',#586,3.75E-1);
#588=CARTESIAN_POINT('',(1.9925E1,7.5E-1,-3.35E0));
#589=LINE('39713',#588,#587);
#590=DIRECTION('',(0.E0,0.E0,1.E0));
#591=VECTOR('',#590,1.85E0);
#592=CARTESIAN_POINT('',(2.03E1,7.5E-1,-3.35E0));
#593=LINE('38701',#592,#591);
#594=DIRECTION('',(-1.E0,6.868579779014E-14,5.998164927708E-13));
#595=VECTOR('',#594,3.75E-1);
#596=CARTESIAN_POINT('',(2.03E1,7.5E-1,-1.5E0));
#597=LINE('39712',#596,#595);
#598=DIRECTION('',(3.197442310937E-13,-1.643130076454E-13,-1.E0));
#599=VECTOR('',#598,5.999999999970E-1);
#600=CARTESIAN_POINT('',(1.9925E1,2.31E0,-4.85E0));
#601=LINE('39703',#600,#599);
#602=DIRECTION('',(-2.960594732331E-14,-1.E0,9.992007221618E-14));
#603=VECTOR('',#602,2.400000000002E-1);
#604=CARTESIAN_POINT('',(1.9925E1,2.55E0,-5.449999999997E0));
#605=LINE('38053',#604,#603);
#606=DIRECTION('',(0.E0,1.414213562369E-1,-9.899494936612E-1));
#607=VECTOR('',#606,1.060660171783E0);
#608=CARTESIAN_POINT('',(1.9925E1,2.55E0,-5.449999999997E0));
#609=LINE('38051',#608,#607);
#610=DIRECTION('',(-2.368475785865E-14,1.E0,-7.105427357596E-13));
#611=VECTOR('',#610,3.000000000002E-1);
#612=CARTESIAN_POINT('',(1.9925E1,2.4E0,-6.5E0));
#613=LINE('38049',#612,#611);
#614=DIRECTION('',(1.004859173553E-14,-1.414213562366E-1,9.899494936613E-1));
#615=VECTOR('',#614,7.071067811895E-1);
#616=CARTESIAN_POINT('',(1.9925E1,2.4E0,-6.5E0));
#617=LINE('38046',#616,#615);
#618=DIRECTION('',(0.E0,1.E0,-1.253898945459E-14));
#619=VECTOR('',#618,1.7E0);
#620=CARTESIAN_POINT('',(1.9925E1,6.E-1,-5.799999999997E0));
#621=LINE('38060',#620,#619);
#622=DIRECTION('',(1.944643276823E-13,0.E0,-1.E0));
#623=VECTOR('',#622,9.499999999970E-1);
#624=CARTESIAN_POINT('',(1.9925E1,6.E-1,-4.85E0));
#625=LINE('39711',#624,#623);
#626=DIRECTION('',(-1.278976924394E-12,0.E0,1.E0));
#627=VECTOR('',#626,1.499999999970E-1);
#628=CARTESIAN_POINT('',(1.9925E1,1.01E0,-4.999999999997E0));
#629=LINE('39708',#628,#627);
#630=DIRECTION('',(0.E0,-1.E0,0.E0));
#631=VECTOR('',#630,9.E-1);
#632=CARTESIAN_POINT('',(1.9925E1,1.91E0,-4.999999999997E0));
#633=LINE('38057',#632,#631);
#634=DIRECTION('',(1.231607408676E-12,0.E0,-1.E0));
#635=VECTOR('',#634,1.499999999970E-1);
#636=CARTESIAN_POINT('',(1.9925E1,1.91E0,-4.85E0));
#637=LINE('39707',#636,#635);
#638=DIRECTION('',(-1.691768418476E-14,-1.E0,0.E0));
#639=VECTOR('',#638,2.1E-1);
#640=CARTESIAN_POINT('',(1.9925E1,1.01E0,-3.E0));
#641=LINE('40300',#640,#639);
#642=DIRECTION('',(0.E0,0.E0,1.E0));
#643=VECTOR('',#642,3.5E-1);
#644=CARTESIAN_POINT('',(1.9925E1,1.01E0,-3.35E0));
#645=LINE('40517',#644,#643);
#646=DIRECTION('',(0.E0,-1.E0,2.083222483320E-11));
#647=VECTOR('',#646,5.000000000208E-2);
#648=CARTESIAN_POINT('',(1.9925E1,7.499999999993E-1,-1.449999999998E0));
#649=LINE('41906',#648,#647);
#650=DIRECTION('',(5.024295867672E-14,-7.071067811800E-1,7.071067811931E-1));
#651=VECTOR('',#650,7.071067812029E-2);
#652=CARTESIAN_POINT('',(1.9925E1,8.E-1,-1.5E0));
#653=LINE('41625',#652,#651);
#654=DIRECTION('',(0.E0,0.E0,-1.E0));
#655=VECTOR('',#654,1.5E0);
#656=CARTESIAN_POINT('',(1.9925E1,8.E-1,-1.5E0));
#657=LINE('41553',#656,#655);
#658=DIRECTION('',(1.E0,0.E0,-3.256654205569E-14));
#659=VECTOR('',#658,2.999999999998E-1);
#660=CARTESIAN_POINT('',(1.965E1,3.499999999997E-1,-4.85E0));
#661=LINE('38461',#660,#659);
#662=DIRECTION('',(-1.E0,0.E0,3.552713678803E-14));
#663=VECTOR('',#662,2.999999999998E-1);
#664=CARTESIAN_POINT('',(1.995E1,2.35E0,-4.85E0));
#665=LINE('38627',#664,#663);
#666=DIRECTION('',(-7.764833913121E-13,1.E0,-5.241262891357E-13));
#667=VECTOR('',#666,2.287694571803E-1);
#668=CARTESIAN_POINT('',(1.9675E1,1.681230542820E0,-4.85E0));
#669=LINE('39721',#668,#667);
#670=DIRECTION('',(0.E0,-1.E0,0.E0));
#671=VECTOR('',#670,4.E-1);
#672=CARTESIAN_POINT('',(1.9675E1,2.31E0,-4.85E0));
#673=LINE('39687',#672,#671);
#674=DIRECTION('',(1.E0,0.E0,0.E0));
#675=VECTOR('',#674,2.5E-1);
#676=CARTESIAN_POINT('',(1.9675E1,2.31E0,-4.85E0));
#677=LINE('39691',#676,#675);
#678=DIRECTION('',(0.E0,-1.E0,0.E0));
#679=VECTOR('',#678,4.E-1);
#680=CARTESIAN_POINT('',(1.9925E1,2.31E0,-4.85E0));
#681=LINE('39692',#680,#679);
#682=DIRECTION('',(-8.075427269646E-13,-1.E0,5.241262891357E-13));
#683=VECTOR('',#682,2.287694571803E-1);
#684=CARTESIAN_POINT('',(1.9925E1,1.91E0,-4.85E0));
#685=LINE('39718',#684,#683);
#686=DIRECTION('',(0.E0,-1.E0,0.E0));
#687=VECTOR('',#686,4.1E-1);
#688=CARTESIAN_POINT('',(1.9675E1,1.01E0,-4.85E0));
#689=LINE('39688',#688,#687);
#690=DIRECTION('',(1.E0,0.E0,0.E0));
#691=VECTOR('',#690,2.5E-1);
#692=CARTESIAN_POINT('',(1.9675E1,1.01E0,-4.85E0));
#693=LINE('39690',#692,#691);
#694=DIRECTION('',(0.E0,-1.E0,0.E0));
#695=VECTOR('',#694,4.1E-1);
#696=CARTESIAN_POINT('',(1.9925E1,1.01E0,-4.85E0));
#697=LINE('39693',#696,#695);
#698=DIRECTION('',(-1.E0,0.E0,0.E0));
#699=VECTOR('',#698,2.5E-1);
#700=CARTESIAN_POINT('',(1.9925E1,6.E-1,-4.85E0));
#701=LINE('39689',#700,#699);
#702=DIRECTION('',(8.289665250541E-13,0.E0,-1.E0));
#703=VECTOR('',#702,1.499999999999E-1);
#704=CARTESIAN_POINT('',(1.995E1,3.499999999997E-1,-4.85E0));
#705=LINE('38460',#704,#703);
#706=DIRECTION('',(-8.289665250541E-13,0.E0,1.E0));
#707=VECTOR('',#706,1.499999999999E-1);
#708=CARTESIAN_POINT('',(1.995E1,2.35E0,-5.E0));
#709=LINE('38628',#708,#707);
#710=DIRECTION('',(0.E0,-1.E0,0.E0));
#711=VECTOR('',#710,2.E0);
#712=CARTESIAN_POINT('',(1.995E1,2.35E0,-4.85E0));
#713=LINE('38710',#712,#711);
#714=DIRECTION('',(0.E0,1.E0,0.E0));
#715=VECTOR('',#714,2.E0);
#716=CARTESIAN_POINT('',(2.01E1,3.499999999999E-1,-5.5E0));
#717=LINE('38644',#716,#715);
#718=DIRECTION('',(0.E0,-1.E0,0.E0));
#719=VECTOR('',#718,2.E0);
#720=CARTESIAN_POINT('',(1.995E1,2.35E0,-5.E0));
#721=LINE('38714',#720,#719);
#722=DIRECTION('',(1.E0,4.026408835973E-13,1.154631945610E-13));
#723=VECTOR('',#722,3.000000000001E-1);
#724=CARTESIAN_POINT('',(2.01E1,2.35E0,-5.5E0));
#725=LINE('38630',#724,#723);
#726=DIRECTION('',(-1.E0,0.E0,-1.184237892933E-13));
#727=VECTOR('',#726,3.000000000001E-1);
#728=CARTESIAN_POINT('',(2.04E1,3.499999999999E-1,-5.5E0));
#729=LINE('38458',#728,#727);
#730=DIRECTION('',(0.E0,-1.E0,0.E0));
#731=VECTOR('',#730,2.E0);
#732=CARTESIAN_POINT('',(2.04E1,2.35E0,-5.5E0));
#733=LINE('38643',#732,#731);
#734=DIRECTION('',(2.842170943040E-14,1.E0,1.043609643148E-13));
#735=VECTOR('',#734,2.E0);
#736=CARTESIAN_POINT('',(2.0565E1,3.499999999999E-1,-5.E0));
#737=LINE('43113',#736,#735);
#738=DIRECTION('',(2.842170943040E-13,6.528111384796E-13,1.E0));
#739=VECTOR('',#738,2.E-1);
#740=CARTESIAN_POINT('',(2.0565E1,3.499999999999E-1,-5.E0));
#741=LINE('38456',#740,#739);
#742=DIRECTION('',(0.E0,0.E0,-1.E0));
#743=VECTOR('',#742,6.999999999999E-1);
#744=CARTESIAN_POINT('',(2.0565E1,2.5E-1,-4.1E0));
#745=LINE('43114',#744,#743);
#746=DIRECTION('',(0.E0,1.E0,0.E0));
#747=VECTOR('',#746,2.2E0);
#748=CARTESIAN_POINT('',(2.0565E1,2.5E-1,-4.1E0));
#749=LINE('43109',#748,#747);
#750=DIRECTION('',(1.E0,0.E0,0.E0));
#751=VECTOR('',#750,1.163919751405E0);
#752=CARTESIAN_POINT('',(2.143608024860E1,2.5E-1,-1.2E0));
#753=LINE('40200',#752,#751);
#754=DIRECTION('',(7.071067811867E-1,0.E0,7.071067811864E-1));
#755=VECTOR('',#754,9.192388155423E-1);
#756=CARTESIAN_POINT('',(2.195E1,2.5E-1,-4.65E0));
#757=LINE('38671',#756,#755);
#758=DIRECTION('',(-1.E0,0.E0,3.248195363474E-13));
#759=VECTOR('',#758,3.500000000001E-1);
#760=CARTESIAN_POINT('',(2.155E1,2.5E-1,-5.5E0));
#761=LINE('38634',#760,#759);
#762=DIRECTION('',(3.133774542038E-1,0.E0,-9.496286491028E-1));
#763=VECTOR('',#762,5.265216044949E-1);
#764=CARTESIAN_POINT('',(2.1035E1,2.5E-1,-5.E0));
#765=LINE('38667',#764,#763);
#766=DIRECTION('',(1.E0,0.E0,-1.114260199261E-12));
#767=VECTOR('',#766,1.099999999999E-1);
#768=CARTESIAN_POINT('',(2.0925E1,2.5E-1,-4.1E0));
#769=LINE('43143',#768,#767);
#770=DIRECTION('',(0.E0,0.E0,1.E0));
#771=VECTOR('',#770,2.4E0);
#772=CARTESIAN_POINT('',(2.0925E1,2.5E-1,-4.1E0));
#773=LINE('43130',#772,#771);
#774=DIRECTION('',(1.E0,0.E0,0.E0));
#775=VECTOR('',#774,2.5E-1);
#776=CARTESIAN_POINT('',(2.0675E1,2.5E-1,-1.7E0));
#777=LINE('43131',#776,#775);
#778=DIRECTION('',(0.E0,0.E0,1.E0));
#779=VECTOR('',#778,2.4E0);
#780=CARTESIAN_POINT('',(2.0675E1,2.5E-1,-4.1E0));
#781=LINE('43132',#780,#779);
#782=DIRECTION('',(1.E0,0.E0,0.E0));
#783=VECTOR('',#782,1.1E-1);
#784=CARTESIAN_POINT('',(2.0565E1,2.5E-1,-4.1E0));
#785=LINE('43142',#784,#783);
#786=DIRECTION('',(1.E0,0.E0,0.E0));
#787=VECTOR('',#786,1.136080248595E0);
#788=CARTESIAN_POINT('',(2.03E1,2.5E-1,-1.2E0));
#789=LINE('40434',#788,#787);
#790=DIRECTION('',(0.E0,-1.E0,0.E0));
#791=VECTOR('',#790,3.5E-1);
#792=CARTESIAN_POINT('',(2.26E1,6.E-1,-1.2E0));
#793=LINE('40227',#792,#791);
#794=DIRECTION('',(0.E0,0.E0,-1.E0));
#795=VECTOR('',#794,2.8E0);
#796=CARTESIAN_POINT('',(2.26E1,2.5E-1,-1.2E0));
#797=LINE('40437',#796,#795);
#798=DIRECTION('',(-1.E0,0.E0,0.E0));
#799=VECTOR('',#798,1.E-1);
#800=CARTESIAN_POINT('',(2.26E1,6.E-1,-1.2E0));
#801=LINE('40229',#800,#799);
#802=DIRECTION('',(1.592595787048E-14,0.E0,-1.E0));
#803=VECTOR('',#802,2.9E0);
#804=CARTESIAN_POINT('',(2.25E1,6.E-1,-1.2E0));
#805=LINE('43314',#804,#803);
#806=DIRECTION('',(-7.071067811863E-1,0.E0,-7.071067811868E-1));
#807=VECTOR('',#806,1.414213562373E-1);
#808=CARTESIAN_POINT('',(2.26E1,6.E-1,-4.E0));
#809=LINE('43304',#808,#807);
#810=DIRECTION('',(0.E0,0.E0,1.E0));
#811=VECTOR('',#810,2.8E0);
#812=CARTESIAN_POINT('',(2.26E1,6.E-1,-4.E0));
#813=LINE('40443',#812,#811);
#814=DIRECTION('',(0.E0,-1.E0,0.E0));
#815=VECTOR('',#814,1.5E0);
#816=CARTESIAN_POINT('',(2.25E1,2.1E0,-1.2E0));
#817=LINE('43311',#816,#815);
#818=DIRECTION('',(1.E0,0.E0,0.E0));
#819=VECTOR('',#818,1.E-1);
#820=CARTESIAN_POINT('',(2.25E1,2.1E0,-1.2E0));
#821=LINE('40245',#820,#819);
#822=DIRECTION('',(0.E0,0.E0,-1.E0));
#823=VECTOR('',#822,2.8E0);
#824=CARTESIAN_POINT('',(2.26E1,2.1E0,-1.2E0));
#825=LINE('40444',#824,#823);
#826=DIRECTION('',(7.071067811863E-1,0.E0,7.071067811868E-1));
#827=VECTOR('',#826,1.414213562373E-1);
#828=CARTESIAN_POINT('',(2.25E1,2.1E0,-4.1E0));
#829=LINE('43305',#828,#827);
#830=DIRECTION('',(1.592595787048E-14,0.E0,-1.E0));
#831=VECTOR('',#830,2.9E0);
#832=CARTESIAN_POINT('',(2.25E1,2.1E0,-1.2E0));
#833=LINE('43315',#832,#831);
#834=DIRECTION('',(0.E0,1.E0,0.E0));
#835=VECTOR('',#834,1.E-1);
#836=CARTESIAN_POINT('',(2.26E1,2.1E0,-1.2E0));
#837=LINE('40228',#836,#835);
#838=DIRECTION('',(0.E0,-1.E0,0.E0));
#839=VECTOR('',#838,2.5E-1);
#840=CARTESIAN_POINT('',(2.26E1,2.45E0,-1.2E0));
#841=LINE('40431',#840,#839);
#842=DIRECTION('',(0.E0,0.E0,1.E0));
#843=VECTOR('',#842,2.8E0);
#844=CARTESIAN_POINT('',(2.26E1,2.45E0,-4.E0));
#845=LINE('38682',#844,#843);
#846=DIRECTION('',(1.E0,0.E0,0.E0));
#847=VECTOR('',#846,9.E-1);
#848=CARTESIAN_POINT('',(1.2E1,2.2E0,-1.2E0));
#849=LINE('40015',#848,#847);
#850=DIRECTION('',(0.E0,1.E0,0.E0));
#851=VECTOR('',#850,2.5E-1);
#852=CARTESIAN_POINT('',(1.379506272187E1,5.5E-1,-1.2E0));
#853=LINE('40024',#852,#851);
#854=DIRECTION('',(-1.E0,0.E0,0.E0));
#855=VECTOR('',#854,5.049372781280E-1);
#856=CARTESIAN_POINT('',(1.43E1,5.5E-1,-1.2E0));
#857=LINE('40023',#856,#855);
#858=DIRECTION('',(0.E0,-1.E0,0.E0));
#859=VECTOR('',#858,3.E-1);
#860=CARTESIAN_POINT('',(1.43E1,5.5E-1,-1.2E0));
#861=LINE('40021',#860,#859);
#862=DIRECTION('',(0.E0,1.E0,0.E0));
#863=VECTOR('',#862,2.05E0);
#864=CARTESIAN_POINT('',(1.316391975141E1,2.5E-1,-1.2E0));
#865=LINE('40018',#864,#863);
#866=DIRECTION('',(1.E0,0.E0,0.E0));
#867=VECTOR('',#866,2.639197514050E-1);
#868=CARTESIAN_POINT('',(1.29E1,2.3E0,-1.2E0));
#869=LINE('40017',#868,#867);
#870=DIRECTION('',(0.E0,1.E0,0.E0));
#871=VECTOR('',#870,1.E-1);
#872=CARTESIAN_POINT('',(1.29E1,2.2E0,-1.2E0));
#873=LINE('40016',#872,#871);
#874=DIRECTION('',(-1.E0,0.E0,0.E0));
#875=VECTOR('',#874,9.E-1);
#876=CARTESIAN_POINT('',(2.26E1,2.2E0,-1.2E0));
#877=LINE('40025',#876,#875);
#878=DIRECTION('',(0.E0,1.E0,0.E0));
#879=VECTOR('',#878,1.E-1);
#880=CARTESIAN_POINT('',(2.17E1,2.2E0,-1.2E0));
#881=LINE('40026',#880,#879);
#882=DIRECTION('',(-1.E0,0.E0,0.E0));
#883=VECTOR('',#882,2.639197514050E-1);
#884=CARTESIAN_POINT('',(2.17E1,2.3E0,-1.2E0));
#885=LINE('40027',#884,#883);
#886=DIRECTION('',(0.E0,-1.E0,0.E0));
#887=VECTOR('',#886,2.05E0);
#888=CARTESIAN_POINT('',(2.143608024859E1,2.3E0,-1.2E0));
#889=LINE('40028',#888,#887);
#890=DIRECTION('',(0.E0,1.E0,0.E0));
#891=VECTOR('',#890,3.E-1);
#892=CARTESIAN_POINT('',(2.03E1,2.5E-1,-1.2E0));
#893=LINE('40031',#892,#891);
#894=DIRECTION('',(1.E0,0.E0,0.E0));
#895=VECTOR('',#894,5.049372781280E-1);
#896=CARTESIAN_POINT('',(2.03E1,5.5E-1,-1.2E0));
#897=LINE('40033',#896,#895);
#898=DIRECTION('',(0.E0,-1.E0,0.E0));
#899=VECTOR('',#898,2.5E-1);
#900=CARTESIAN_POINT('',(2.080493727813E1,8.E-1,-1.2E0));
#901=LINE('40034',#900,#899);
#902=DIRECTION('',(0.E0,1.E0,0.E0));
#903=VECTOR('',#902,3.999999999997E-1);
#904=CARTESIAN_POINT('',(1.58E1,5.E-2,-1.2E0));
#905=LINE('40035',#904,#903);
#906=DIRECTION('',(0.E0,1.E0,0.E0));
#907=VECTOR('',#906,3.999999999997E-1);
#908=CARTESIAN_POINT('',(1.88E1,5.E-2,-1.2E0));
#909=LINE('40036',#908,#907);
#910=DIRECTION('',(1.E0,0.E0,0.E0));
#911=VECTOR('',#910,1.5E0);
#912=CARTESIAN_POINT('',(1.88E1,5.E-2,-1.2E0));
#913=LINE('42097',#912,#911);
#914=DIRECTION('',(1.E0,0.E0,0.E0));
#915=VECTOR('',#914,6.E0);
#916=CARTESIAN_POINT('',(1.43E1,0.E0,-1.2E0));
#917=LINE('39905',#916,#915);
#918=DIRECTION('',(1.E0,0.E0,0.E0));
#919=VECTOR('',#918,1.5E0);
#920=CARTESIAN_POINT('',(1.43E1,5.E-2,-1.2E0));
#921=LINE('42096',#920,#919);
#922=DIRECTION('',(-2.812564995717E-14,-1.258252761242E-14,1.E0));
#923=VECTOR('',#922,1.2E0);
#924=CARTESIAN_POINT('',(1.29E1,2.2E0,-1.2E0));
#925=LINE('40390',#924,#923);
#926=CARTESIAN_POINT('',(1.346391975140E1,2.3E0,-1.6E0));
#927=DIRECTION('',(0.E0,-1.E0,0.E0));
#928=DIRECTION('',(1.001154714686E-11,0.E0,1.E0));
#929=AXIS2_PLACEMENT_3D('',#926,#927,#928);
#931=DIRECTION('',(7.071067811866E-1,5.840743946303E-14,-7.071067811865E-1));
#932=VECTOR('',#931,7.071067811866E-1);
#933=CARTESIAN_POINT('',(1.315E1,2.3E0,-2.771856484814E-14));
#934=LINE('34829',#933,#932);
#935=DIRECTION('',(0.E0,-2.146431180942E-14,-1.E0));
#936=VECTOR('',#935,1.2E0);
#937=CARTESIAN_POINT('',(1.29E1,2.3E0,-4.178138982673E-14));
#938=LINE('40391',#937,#936);
#939=DIRECTION('',(0.E0,-1.E0,0.E0));
#940=VECTOR('',#939,2.25E0);
#941=CARTESIAN_POINT('',(1.346391975141E1,2.3E0,-1.1E0));
#942=LINE('34835',#941,#940);
#943=CARTESIAN_POINT('',(1.346391975140E1,5.E-2,-1.6E0));
#944=DIRECTION('',(0.E0,-1.E0,0.E0));
#945=DIRECTION('',(1.001509986054E-11,0.E0,1.E0));
#946=AXIS2_PLACEMENT_3D('',#943,#944,#945);
#948=DIRECTION('',(-1.E0,0.E0,0.E0));
#949=VECTOR('',#948,8.8E0);
#950=CARTESIAN_POINT('',(2.17E1,5.E-2,-8.504308035295E-14));
#951=LINE('42090',#950,#949);
#952=CARTESIAN_POINT('',(2.113608024860E1,5.E-2,-1.6E0));
#953=DIRECTION('',(0.E0,1.E0,0.E0));
#954=DIRECTION('',(-1.001154714686E-11,0.E0,1.E0));
#955=AXIS2_PLACEMENT_3D('',#952,#953,#954);
#957=DIRECTION('',(0.E0,0.E0,1.E0));
#958=VECTOR('',#957,5.E-1);
#959=CARTESIAN_POINT('',(1.88E1,5.E-2,-1.2E0));
#960=LINE('42409',#959,#958);
#961=DIRECTION('',(1.E0,0.E0,0.E0));
#962=VECTOR('',#961,3.E0);
#963=CARTESIAN_POINT('',(1.58E1,5.E-2,-7.E-1));
#964=LINE('42091',#963,#962);
#965=DIRECTION('',(0.E0,0.E0,1.E0));
#966=VECTOR('',#965,5.E-1);
#967=CARTESIAN_POINT('',(1.58E1,5.E-2,-1.2E0));
#968=LINE('42408',#967,#966);
#969=DIRECTION('',(0.E0,0.E0,-1.E0));
#970=VECTOR('',#969,3.6E0);
#971=CARTESIAN_POINT('',(1.43E1,2.5E-1,-1.2E0));
#972=LINE('40307',#971,#970);
#973=DIRECTION('',(6.750155989721E-14,1.E0,0.E0));
#974=VECTOR('',#973,5.E-1);
#975=CARTESIAN_POINT('',(1.43E1,5.E-2,-1.1E0));
#976=LINE('34890',#975,#974);
#977=DIRECTION('',(2.842170943040E-13,0.E0,1.E0));
#978=VECTOR('',#977,1.E-1);
#979=CARTESIAN_POINT('',(1.43E1,5.E-2,-1.2E0));
#980=LINE('42290',#979,#978);
#981=DIRECTION('',(0.E0,1.E0,0.E0));
#982=VECTOR('',#981,5.E-2);
#983=CARTESIAN_POINT('',(1.43E1,0.E0,-1.2E0));
#984=LINE('42317',#983,#982);
#985=DIRECTION('',(0.E0,-1.E0,0.E0));
#986=VECTOR('',#985,2.5E-1);
#987=CARTESIAN_POINT('',(1.43E1,2.5E-1,-4.8E0));
#988=LINE('36966',#987,#986);
#989=DIRECTION('',(-1.E0,0.E0,0.E0));
#990=VECTOR('',#989,1.163919751405E0);
#991=CARTESIAN_POINT('',(1.316391975141E1,2.5E-1,-1.2E0));
#992=LINE('40098',#991,#990);
#993=DIRECTION('',(-1.E0,0.E0,0.E0));
#994=VECTOR('',#993,1.136080248595E0);
#995=CARTESIAN_POINT('',(1.43E1,2.5E-1,-1.2E0));
#996=LINE('40305',#995,#994);
#997=DIRECTION('',(-1.E0,0.E0,0.E0));
#998=VECTOR('',#997,1.1E-1);
#999=CARTESIAN_POINT('',(1.4035E1,2.5E-1,-4.1E0));
#1000=LINE('43084',#999,#998);
#1001=DIRECTION('',(0.E0,0.E0,1.E0));
#1002=VECTOR('',#1001,2.4E0);
#1003=CARTESIAN_POINT('',(1.3925E1,2.5E-1,-4.1E0));
#1004=LINE('43074',#1003,#1002);
#1005=DIRECTION('',(-1.E0,0.E0,0.E0));
#1006=VECTOR('',#1005,2.5E-1);
#1007=CARTESIAN_POINT('',(1.3925E1,2.5E-1,-1.7E0));
#1008=LINE('43073',#1007,#1006);
#1009=DIRECTION('',(0.E0,0.E0,1.E0));
#1010=VECTOR('',#1009,2.4E0);
#1011=CARTESIAN_POINT('',(1.3675E1,2.5E-1,-4.1E0));
#1012=LINE('43072',#1011,#1010);
#1013=DIRECTION('',(-1.E0,0.E0,-1.114260199261E-12));
#1014=VECTOR('',#1013,1.099999999999E-1);
#1015=CARTESIAN_POINT('',(1.3675E1,2.5E-1,-4.1E0));
#1016=LINE('43085',#1015,#1014);
#1017=DIRECTION('',(-3.133774542038E-1,0.E0,-9.496286491028E-1));
#1018=VECTOR('',#1017,5.265216044949E-1);
#1019=CARTESIAN_POINT('',(1.3565E1,2.5E-1,-5.E0));
#1020=LINE('26846',#1019,#1018);
#1021=DIRECTION('',(1.E0,0.E0,3.248195363474E-13));
#1022=VECTOR('',#1021,3.500000000001E-1);
#1023=CARTESIAN_POINT('',(1.305E1,2.5E-1,-5.5E0));
#1024=LINE('26780',#1023,#1022);
#1025=DIRECTION('',(-7.071067811867E-1,0.E0,7.071067811864E-1));
#1026=VECTOR('',#1025,9.192388155423E-1);
#1027=CARTESIAN_POINT('',(1.265E1,2.5E-1,-4.65E0));
#1028=LINE('26850',#1027,#1026);
#1029=DIRECTION('',(-2.930988785010E-14,1.E0,1.043609643148E-13));
#1030=VECTOR('',#1029,2.E0);
#1031=CARTESIAN_POINT('',(1.4035E1,3.499999999999E-1,-5.E0));
#1032=LINE('43055',#1031,#1030);
#1033=DIRECTION('',(0.E0,1.E0,0.E0));
#1034=VECTOR('',#1033,2.2E0);
#1035=CARTESIAN_POINT('',(1.4035E1,2.5E-1,-4.1E0));
#1036=LINE('43051',#1035,#1034);
#1037=DIRECTION('',(0.E0,0.E0,-1.E0));
#1038=VECTOR('',#1037,6.999999999999E-1);
#1039=CARTESIAN_POINT('',(1.4035E1,2.5E-1,-4.1E0));
#1040=LINE('43056',#1039,#1038);
#1041=DIRECTION('',(-2.930988785010E-13,6.528111384796E-13,1.E0));
#1042=VECTOR('',#1041,2.E-1);
#1043=CARTESIAN_POINT('',(1.4035E1,3.499999999999E-1,-5.E0));
#1044=LINE('26373',#1043,#1042);
#1045=DIRECTION('',(0.E0,-1.E0,0.E0));
#1046=VECTOR('',#1045,2.E0);
#1047=CARTESIAN_POINT('',(1.42E1,2.35E0,-5.5E0));
#1048=LINE('26819',#1047,#1046);
#1049=DIRECTION('',(1.E0,0.E0,-1.154631945610E-13));
#1050=VECTOR('',#1049,3.000000000001E-1);
#1051=CARTESIAN_POINT('',(1.42E1,3.499999999999E-1,-5.5E0));
#1052=LINE('26375',#1051,#1050);
#1053=DIRECTION('',(-1.E0,4.026408835973E-13,1.184237892933E-13));
#1054=VECTOR('',#1053,3.000000000001E-1);
#1055=CARTESIAN_POINT('',(1.45E1,2.35E0,-5.5E0));
#1056=LINE('26776',#1055,#1054);
#1057=DIRECTION('',(0.E0,-1.E0,0.E0));
#1058=VECTOR('',#1057,2.E0);
#1059=CARTESIAN_POINT('',(1.465E1,2.35E0,-5.E0));
#1060=LINE('26894',#1059,#1058);
#1061=DIRECTION('',(0.E0,1.E0,0.E0));
#1062=VECTOR('',#1061,2.E0);
#1063=CARTESIAN_POINT('',(1.45E1,3.499999999999E-1,-5.5E0));
#1064=LINE('26820',#1063,#1062);
#1065=DIRECTION('',(-8.171241461248E-13,0.E0,-1.E0));
#1066=VECTOR('',#1065,1.499999999999E-1);
#1067=CARTESIAN_POINT('',(1.465E1,3.499999999997E-1,-4.85E0));
#1068=LINE('26377',#1067,#1066);
#1069=DIRECTION('',(0.E0,-1.E0,0.E0));
#1070=VECTOR('',#1069,2.E0);
#1071=CARTESIAN_POINT('',(1.465E1,2.35E0,-4.85E0));
#1072=LINE('26890',#1071,#1070);
#1073=DIRECTION('',(8.171241461248E-13,0.E0,1.E0));
#1074=VECTOR('',#1073,1.499999999999E-1);
#1075=CARTESIAN_POINT('',(1.465E1,2.35E0,-5.E0));
#1076=LINE('26774',#1075,#1074);
#1077=DIRECTION('',(-1.E0,0.E0,-3.256654205569E-14));
#1078=VECTOR('',#1077,2.999999999998E-1);
#1079=CARTESIAN_POINT('',(1.495E1,3.499999999997E-1,-4.85E0));
#1080=LINE('26378',#1079,#1078);
#1081=DIRECTION('',(1.E0,0.E0,3.256654205569E-14));
#1082=VECTOR('',#1081,2.999999999998E-1);
#1083=CARTESIAN_POINT('',(1.465E1,2.35E0,-4.85E0));
#1084=LINE('26773',#1083,#1082);
#1085=DIRECTION('',(7.842482252252E-13,1.E0,-5.241262891357E-13));
#1086=VECTOR('',#1085,2.287694571803E-1);
#1087=CARTESIAN_POINT('',(1.4925E1,1.681230542820E0,-4.85E0));
#1088=LINE('29015',#1087,#1086);
#1089=DIRECTION('',(7.997778930515E-13,-1.E0,5.241262891357E-13));
#1090=VECTOR('',#1089,2.287694571803E-1);
#1091=CARTESIAN_POINT('',(1.4675E1,1.91E0,-4.85E0));
#1092=LINE('29012',#1091,#1090);
#1093=DIRECTION('',(0.E0,-1.E0,0.E0));
#1094=VECTOR('',#1093,4.E-1);
#1095=CARTESIAN_POINT('',(1.4675E1,2.31E0,-4.85E0));
#1096=LINE('28986',#1095,#1094);
#1097=DIRECTION('',(-1.E0,0.E0,0.E0));
#1098=VECTOR('',#1097,2.5E-1);
#1099=CARTESIAN_POINT('',(1.4925E1,2.31E0,-4.85E0));
#1100=LINE('28985',#1099,#1098);
#1101=DIRECTION('',(0.E0,-1.E0,0.E0));
#1102=VECTOR('',#1101,4.E-1);
#1103=CARTESIAN_POINT('',(1.4925E1,2.31E0,-4.85E0));
#1104=LINE('28981',#1103,#1102);
#1105=DIRECTION('',(0.E0,-1.E0,0.E0));
#1106=VECTOR('',#1105,4.1E-1);
#1107=CARTESIAN_POINT('',(1.4925E1,1.01E0,-4.85E0));
#1108=LINE('28982',#1107,#1106);
#1109=DIRECTION('',(1.E0,0.E0,0.E0));
#1110=VECTOR('',#1109,2.5E-1);
#1111=CARTESIAN_POINT('',(1.4675E1,6.E-1,-4.85E0));
#1112=LINE('28983',#1111,#1110);
#1113=DIRECTION('',(0.E0,-1.E0,0.E0));
#1114=VECTOR('',#1113,4.1E-1);
#1115=CARTESIAN_POINT('',(1.4675E1,1.01E0,-4.85E0));
#1116=LINE('28987',#1115,#1114);
#1117=DIRECTION('',(-1.E0,0.E0,0.E0));
#1118=VECTOR('',#1117,2.5E-1);
#1119=CARTESIAN_POINT('',(1.4925E1,1.01E0,-4.85E0));
#1120=LINE('28984',#1119,#1118);
#1121=DIRECTION('',(-8.644936618422E-13,0.E0,1.E0));
#1122=VECTOR('',#1121,1.499999999999E-1);
#1123=CARTESIAN_POINT('',(1.495E1,3.499999999997E-1,-5.E0));
#1124=LINE('26379',#1123,#1122);
#1125=DIRECTION('',(8.763360407715E-13,0.E0,-1.E0));
#1126=VECTOR('',#1125,1.499999999999E-1);
#1127=CARTESIAN_POINT('',(1.495E1,2.35E0,-4.85E0));
#1128=LINE('26772',#1127,#1126);
#1129=DIRECTION('',(0.E0,1.E0,0.E0));
#1130=VECTOR('',#1129,2.E0);
#1131=CARTESIAN_POINT('',(1.495E1,3.499999999997E-1,-4.85E0));
#1132=LINE('26891',#1131,#1130);
#1133=DIRECTION('',(0.E0,-1.E0,0.E0));
#1134=VECTOR('',#1133,2.E0);
#1135=CARTESIAN_POINT('',(1.51E1,2.35E0,-5.5E0));
#1136=LINE('26821',#1135,#1134);
#1137=DIRECTION('',(0.E0,1.E0,0.E0));
#1138=VECTOR('',#1137,2.E0);
#1139=CARTESIAN_POINT('',(1.495E1,3.499999999997E-1,-5.E0));
#1140=LINE('26893',#1139,#1138);
#1141=DIRECTION('',(1.E0,0.E0,-1.332267629550E-14));
#1142=VECTOR('',#1141,4.000000000001E-1);
#1143=CARTESIAN_POINT('',(1.51E1,3.499999999999E-1,-5.5E0));
#1144=LINE('26381',#1143,#1142);
#1145=DIRECTION('',(-1.E0,0.E0,1.110223024625E-14));
#1146=VECTOR('',#1145,4.000000000001E-1);
#1147=CARTESIAN_POINT('',(1.55E1,2.35E0,-5.5E0));
#1148=LINE('26770',#1147,#1146);
#1149=DIRECTION('',(0.E0,1.E0,0.E0));
#1150=VECTOR('',#1149,2.E0);
#1151=CARTESIAN_POINT('',(1.55E1,3.499999999999E-1,-5.5E0));
#1152=LINE('26822',#1151,#1150);
#1153=DIRECTION('',(-8.052817671954E-13,0.E0,-1.E0));
#1154=VECTOR('',#1153,1.499999999999E-1);
#1155=CARTESIAN_POINT('',(1.565E1,3.499999999997E-1,-4.85E0));
#1156=LINE('26383',#1155,#1154);
#1157=DIRECTION('',(0.E0,-1.E0,0.E0));
#1158=VECTOR('',#1157,2.E0);
#1159=CARTESIAN_POINT('',(1.565E1,2.35E0,-4.85E0));
#1160=LINE('26362',#1159,#1158);
#1161=DIRECTION('',(8.171241461248E-13,0.E0,1.E0));
#1162=VECTOR('',#1161,1.499999999999E-1);
#1163=CARTESIAN_POINT('',(1.565E1,2.35E0,-5.E0));
#1164=LINE('26768',#1163,#1162);
#1165=DIRECTION('',(0.E0,1.E0,0.E0));
#1166=VECTOR('',#1165,2.E0);
#1167=CARTESIAN_POINT('',(1.565E1,3.499999999997E-1,-5.E0));
#1168=LINE('27462',#1167,#1166);
#1169=DIRECTION('',(7.997778930515E-13,-1.E0,5.241262891357E-13));
#1170=VECTOR('',#1169,2.287694571803E-1);
#1171=CARTESIAN_POINT('',(1.5675E1,1.91E0,-4.85E0));
#1172=LINE('28959',#1171,#1170);
#1173=DIRECTION('',(0.E0,-1.E0,0.E0));
#1174=VECTOR('',#1173,4.E-1);
#1175=CARTESIAN_POINT('',(1.5675E1,2.31E0,-4.85E0));
#1176=LINE('28930',#1175,#1174);
#1177=DIRECTION('',(-1.E0,0.E0,0.E0));
#1178=VECTOR('',#1177,2.5E-1);
#1179=CARTESIAN_POINT('',(1.5925E1,2.31E0,-4.85E0));
#1180=LINE('28929',#1179,#1178);
#1181=DIRECTION('',(0.E0,-1.E0,0.E0));
#1182=VECTOR('',#1181,4.E-1);
#1183=CARTESIAN_POINT('',(1.5925E1,2.31E0,-4.85E0));
#1184=LINE('28925',#1183,#1182);
#1185=DIRECTION('',(0.E0,-1.E0,0.E0));
#1186=VECTOR('',#1185,4.1E-1);
#1187=CARTESIAN_POINT('',(1.5925E1,1.01E0,-4.85E0));
#1188=LINE('28926',#1187,#1186);
#1189=DIRECTION('',(1.E0,0.E0,0.E0));
#1190=VECTOR('',#1189,2.5E-1);
#1191=CARTESIAN_POINT('',(1.5675E1,6.E-1,-4.85E0));
#1192=LINE('28927',#1191,#1190);
#1193=DIRECTION('',(0.E0,-1.E0,0.E0));
#1194=VECTOR('',#1193,4.1E-1);
#1195=CARTESIAN_POINT('',(1.5675E1,1.01E0,-4.85E0));
#1196=LINE('28931',#1195,#1194);
#1197=DIRECTION('',(-1.E0,0.E0,0.E0));
#1198=VECTOR('',#1197,2.5E-1);
#1199=CARTESIAN_POINT('',(1.5925E1,1.01E0,-4.85E0));
#1200=LINE('28928',#1199,#1198);
#1201=DIRECTION('',(-8.644936618422E-13,0.E0,1.E0));
#1202=VECTOR('',#1201,1.499999999999E-1);
#1203=CARTESIAN_POINT('',(1.595E1,3.499999999997E-1,-5.E0));
#1204=LINE('26384',#1203,#1202);
#1205=DIRECTION('',(0.E0,-1.E0,0.E0));
#1206=VECTOR('',#1205,2.E0);
#1207=CARTESIAN_POINT('',(1.595E1,2.35E0,-5.E0));
#1208=LINE('27463',#1207,#1206);
#1209=DIRECTION('',(8.763360407715E-13,0.E0,-1.E0));
#1210=VECTOR('',#1209,1.499999999999E-1);
#1211=CARTESIAN_POINT('',(1.595E1,2.35E0,-4.85E0));
#1212=LINE('26767',#1211,#1210);
#1213=DIRECTION('',(0.E0,1.E0,0.E0));
#1214=VECTOR('',#1213,2.E0);
#1215=CARTESIAN_POINT('',(1.595E1,3.499999999997E-1,-4.85E0));
#1216=LINE('26364',#1215,#1214);
#1217=DIRECTION('',(0.E0,-1.E0,0.E0));
#1218=VECTOR('',#1217,2.E0);
#1219=CARTESIAN_POINT('',(1.61E1,2.35E0,-5.5E0));
#1220=LINE('26823',#1219,#1218);
#1221=DIRECTION('',(1.E0,0.E0,-1.332267629550E-14));
#1222=VECTOR('',#1221,4.000000000001E-1);
#1223=CARTESIAN_POINT('',(1.61E1,3.499999999999E-1,-5.5E0));
#1224=LINE('26386',#1223,#1222);
#1225=DIRECTION('',(-1.E0,0.E0,1.110223024625E-14));
#1226=VECTOR('',#1225,4.000000000001E-1);
#1227=CARTESIAN_POINT('',(1.65E1,2.35E0,-5.5E0));
#1228=LINE('26765',#1227,#1226);
#1229=DIRECTION('',(0.E0,-1.E0,0.E0));
#1230=VECTOR('',#1229,2.E0);
#1231=CARTESIAN_POINT('',(1.665E1,2.35E0,-5.E0));
#1232=LINE('27175',#1231,#1230);
#1233=DIRECTION('',(0.E0,1.E0,0.E0));
#1234=VECTOR('',#1233,2.E0);
#1235=CARTESIAN_POINT('',(1.65E1,3.499999999999E-1,-5.5E0));
#1236=LINE('26824',#1235,#1234);
#1237=DIRECTION('',(-8.289665250541E-13,0.E0,-1.E0));
#1238=VECTOR('',#1237,1.499999999999E-1);
#1239=CARTESIAN_POINT('',(1.665E1,3.499999999997E-1,-4.85E0));
#1240=LINE('26388',#1239,#1238);
#1241=DIRECTION('',(0.E0,-1.E0,0.E0));
#1242=VECTOR('',#1241,2.E0);
#1243=CARTESIAN_POINT('',(1.665E1,2.35E0,-4.85E0));
#1244=LINE('27171',#1243,#1242);
#1245=DIRECTION('',(8.289665250541E-13,0.E0,1.E0));
#1246=VECTOR('',#1245,1.499999999999E-1);
#1247=CARTESIAN_POINT('',(1.665E1,2.35E0,-5.E0));
#1248=LINE('26763',#1247,#1246);
#1249=DIRECTION('',(-1.E0,0.E0,-3.256654205569E-14));
#1250=VECTOR('',#1249,2.999999999998E-1);
#1251=CARTESIAN_POINT('',(1.695E1,3.499999999997E-1,-4.85E0));
#1252=LINE('26389',#1251,#1250);
#1253=DIRECTION('',(1.E0,0.E0,3.256654205569E-14));
#1254=VECTOR('',#1253,2.999999999998E-1);
#1255=CARTESIAN_POINT('',(1.665E1,2.35E0,-4.85E0));
#1256=LINE('26762',#1255,#1254);
#1257=DIRECTION('',(8.075427269646E-13,-1.E0,5.241262891357E-13));
#1258=VECTOR('',#1257,2.287694571803E-1);
#1259=CARTESIAN_POINT('',(1.6675E1,1.91E0,-4.85E0));
#1260=LINE('28908',#1259,#1258);
#1261=DIRECTION('',(0.E0,-1.E0,0.E0));
#1262=VECTOR('',#1261,4.E-1);
#1263=CARTESIAN_POINT('',(1.6675E1,2.31E0,-4.85E0));
#1264=LINE('28881',#1263,#1262);
#1265=DIRECTION('',(-1.E0,0.E0,0.E0));
#1266=VECTOR('',#1265,2.5E-1);
#1267=CARTESIAN_POINT('',(1.6925E1,2.31E0,-4.85E0));
#1268=LINE('28880',#1267,#1266);
#1269=DIRECTION('',(0.E0,-1.E0,0.E0));
#1270=VECTOR('',#1269,4.E-1);
#1271=CARTESIAN_POINT('',(1.6925E1,2.31E0,-4.85E0));
#1272=LINE('28876',#1271,#1270);
#1273=DIRECTION('',(0.E0,-1.E0,0.E0));
#1274=VECTOR('',#1273,4.1E-1);
#1275=CARTESIAN_POINT('',(1.6925E1,1.01E0,-4.85E0));
#1276=LINE('28877',#1275,#1274);
#1277=DIRECTION('',(1.E0,0.E0,0.E0));
#1278=VECTOR('',#1277,2.5E-1);
#1279=CARTESIAN_POINT('',(1.6675E1,6.E-1,-4.85E0));
#1280=LINE('28878',#1279,#1278);
#1281=DIRECTION('',(0.E0,-1.E0,0.E0));
#1282=VECTOR('',#1281,4.1E-1);
#1283=CARTESIAN_POINT('',(1.6675E1,1.01E0,-4.85E0));
#1284=LINE('28882',#1283,#1282);
#1285=DIRECTION('',(-1.E0,0.E0,0.E0));
#1286=VECTOR('',#1285,2.5E-1);
#1287=CARTESIAN_POINT('',(1.6925E1,1.01E0,-4.85E0));
#1288=LINE('28879',#1287,#1286);
#1289=DIRECTION('',(-8.526512829128E-13,0.E0,1.E0));
#1290=VECTOR('',#1289,1.499999999999E-1);
#1291=CARTESIAN_POINT('',(1.695E1,3.499999999997E-1,-5.E0));
#1292=LINE('26390',#1291,#1290);
#1293=DIRECTION('',(9.000207986302E-13,0.E0,-1.E0));
#1294=VECTOR('',#1293,1.499999999999E-1);
#1295=CARTESIAN_POINT('',(1.695E1,2.35E0,-4.85E0));
#1296=LINE('26761',#1295,#1294);
#1297=DIRECTION('',(0.E0,1.E0,0.E0));
#1298=VECTOR('',#1297,2.E0);
#1299=CARTESIAN_POINT('',(1.695E1,3.499999999997E-1,-4.85E0));
#1300=LINE('27172',#1299,#1298);
#1301=DIRECTION('',(0.E0,-1.E0,0.E0));
#1302=VECTOR('',#1301,2.E0);
#1303=CARTESIAN_POINT('',(1.71E1,2.35E0,-5.5E0));
#1304=LINE('26825',#1303,#1302);
#1305=DIRECTION('',(0.E0,1.E0,0.E0));
#1306=VECTOR('',#1305,2.E0);
#1307=CARTESIAN_POINT('',(1.695E1,3.499999999997E-1,-5.E0));
#1308=LINE('27174',#1307,#1306);
#1309=DIRECTION('',(-2.180080762173E-14,6.750019999360E-1,-7.378158985020E-1));
#1310=VECTOR('',#1309,1.629624801266E-1);
#1311=CARTESIAN_POINT('',(1.6925E1,1.8E0,-1.987222940715E0));
#1312=LINE('48103',#1311,#1310);
#1313=DIRECTION('',(0.E0,-3.014304623876E-14,-1.E0));
#1314=VECTOR('',#1313,1.362777059285E0);
#1315=CARTESIAN_POINT('',(1.6925E1,1.8E0,-1.987222940715E0));
#1316=LINE('48117',#1315,#1314);
#1317=DIRECTION('',(-7.478171920526E-13,-1.E0,2.991268768210E-14));
#1318=VECTOR('',#1317,1.187694571801E-1);
#1319=CARTESIAN_POINT('',(1.6925E1,1.8E0,-3.35E0));
#1320=LINE('26201',#1319,#1318);
#1321=DIRECTION('',(7.764833913121E-13,1.E0,-5.241262891357E-13));
#1322=VECTOR('',#1321,2.287694571803E-1);
#1323=CARTESIAN_POINT('',(1.6925E1,1.681230542820E0,-4.85E0));
#1324=LINE('28910',#1323,#1322);
#1325=DIRECTION('',(0.E0,7.926239891033E-1,6.097107608513E-1));
#1326=VECTOR('',#1325,3.974141640013E-1);
#1327=CARTESIAN_POINT('',(1.6925E1,1.8E0,-1.242307692306E0));
#1328=LINE('48104',#1327,#1326);
#1329=DIRECTION('',(-1.127845612329E-14,-1.E0,4.617117975472E-14));
#1330=VECTOR('',#1329,3.149999999968E-1);
#1331=CARTESIAN_POINT('',(1.6925E1,2.114999999997E0,-1.E0));
#1332=LINE('48109',#1331,#1330);
#1333=DIRECTION('',(1.466199296021E-14,-2.859088627241E-13,-1.E0));
#1334=VECTOR('',#1333,2.423076923064E-1);
#1335=CARTESIAN_POINT('',(1.6925E1,1.8E0,-1.E0));
#1336=LINE('48116',#1335,#1334);
#1337=DIRECTION('',(-2.559969171121E-14,7.926239891033E-1,6.097107608513E-1));
#1338=VECTOR('',#1337,1.387795493352E-1);
#1339=CARTESIAN_POINT('',(1.6925E1,2.2E0,-9.346153846127E-1));
#1340=LINE('48105',#1339,#1338);
#1341=DIRECTION('',(8.074349270002E-13,-1.E0,0.E0));
#1342=VECTOR('',#1341,1.1E-1);
#1343=CARTESIAN_POINT('',(1.6925E1,2.31E0,0.E0));
#1344=LINE('27003',#1343,#1342);
#1345=DIRECTION('',(0.E0,1.154631945613E-13,-1.E0));
#1346=VECTOR('',#1345,9.346153846127E-1);
#1347=CARTESIAN_POINT('',(1.6925E1,2.2E0,0.E0));
#1348=LINE('48111',#1347,#1346);
#1349=DIRECTION('',(-2.180080762173E-14,6.750019999360E-1,-7.378158985020E-1));
#1350=VECTOR('',#1349,1.629624801266E-1);
#1351=CARTESIAN_POINT('',(1.6675E1,1.8E0,-1.987222940715E0));
#1352=LINE('48100',#1351,#1350);
#1353=DIRECTION('',(8.375552550989E-13,-1.E0,2.617360172184E-14));
#1354=VECTOR('',#1353,1.187694571801E-1);
#1355=CARTESIAN_POINT('',(1.6675E1,1.8E0,-3.35E0));
#1356=LINE('26199',#1355,#1354);
#1357=DIRECTION('',(0.E0,3.030598162383E-14,1.E0));
#1358=VECTOR('',#1357,1.362777059285E0);
#1359=CARTESIAN_POINT('',(1.6675E1,1.8E0,-3.35E0));
#1360=LINE('48114',#1359,#1358);
#1361=DIRECTION('',(0.E0,7.926239891033E-1,6.097107608513E-1));
#1362=VECTOR('',#1361,3.974141640013E-1);
#1363=CARTESIAN_POINT('',(1.6675E1,1.8E0,-1.242307692306E0));
#1364=LINE('48101',#1363,#1362);
#1365=DIRECTION('',(-1.466199296021E-14,2.877416118441E-13,1.E0));
#1366=VECTOR('',#1365,2.423076923064E-1);
#1367=CARTESIAN_POINT('',(1.6675E1,1.8E0,-1.242307692306E0));
#1368=LINE('48115',#1367,#1366);
#1369=DIRECTION('',(-1.127845612329E-14,-1.E0,4.617117975472E-14));
#1370=VECTOR('',#1369,3.149999999968E-1);
#1371=CARTESIAN_POINT('',(1.6675E1,2.114999999997E0,-1.E0));
#1372=LINE('48108',#1371,#1370);
#1373=DIRECTION('',(-2.559969171121E-14,7.926239891033E-1,6.097107608513E-1));
#1374=VECTOR('',#1373,1.387795493352E-1);
#1375=CARTESIAN_POINT('',(1.6675E1,2.2E0,-9.346153846127E-1));
#1376=LINE('48102',#1375,#1374);
#1377=DIRECTION('',(0.E0,1.154631945613E-13,-1.E0));
#1378=VECTOR('',#1377,9.346153846127E-1);
#1379=CARTESIAN_POINT('',(1.6675E1,2.2E0,0.E0));
#1380=LINE('48110',#1379,#1378);
#1381=DIRECTION('',(-9.043271182403E-13,-1.E0,0.E0));
#1382=VECTOR('',#1381,1.1E-1);
#1383=CARTESIAN_POINT('',(1.6675E1,2.31E0,0.E0));
#1384=LINE('27005',#1383,#1382);
#1385=DIRECTION('',(1.E0,0.E0,0.E0));
#1386=VECTOR('',#1385,2.5E-1);
#1387=CARTESIAN_POINT('',(1.6675E1,1.91E0,-2.107459249412E0));
#1388=LINE('48107',#1387,#1386);
#1389=DIRECTION('',(0.E0,0.E0,-1.E0));
#1390=VECTOR('',#1389,2.742540750588E0);
#1391=CARTESIAN_POINT('',(1.6925E1,1.91E0,-2.107459249412E0));
#1392=LINE('48119',#1391,#1390);
#1393=DIRECTION('',(1.278976924394E-12,0.E0,-1.E0));
#1394=VECTOR('',#1393,1.499999999970E-1);
#1395=CARTESIAN_POINT('',(1.6925E1,1.91E0,-4.85E0));
#1396=LINE('28890',#1395,#1394);
#1397=DIRECTION('',(0.E0,0.E0,1.E0));
#1398=VECTOR('',#1397,2.742540750588E0);
#1399=CARTESIAN_POINT('',(1.6675E1,1.91E0,-4.85E0));
#1400=LINE('48118',#1399,#1398);
#1401=DIRECTION('',(0.E0,1.414213562369E-1,-9.899494936612E-1));
#1402=VECTOR('',#1401,1.060660171783E0);
#1403=CARTESIAN_POINT('',(1.6925E1,2.55E0,-5.449999999997E0));
#1404=LINE('26058',#1403,#1402);
#1405=DIRECTION('',(0.E0,-1.414213562366E-1,9.899494936613E-1));
#1406=VECTOR('',#1405,7.071067811895E-1);
#1407=CARTESIAN_POINT('',(1.6925E1,2.4E0,-6.5E0));
#1408=LINE('26056',#1407,#1406);
#1409=DIRECTION('',(-1.691768418476E-14,-1.E0,0.E0));
#1410=VECTOR('',#1409,2.1E-1);
#1411=CARTESIAN_POINT('',(1.6925E1,1.01E0,-3.E0));
#1412=LINE('40191',#1411,#1410);
#1413=DIRECTION('',(5.024295867672E-14,-7.071067811800E-1,7.071067811931E-1));
#1414=VECTOR('',#1413,7.071067812029E-2);
#1415=CARTESIAN_POINT('',(1.6925E1,8.E-1,-1.5E0));
#1416=LINE('41590',#1415,#1414);
#1417=DIRECTION('',(0.E0,0.E0,-1.E0));
#1418=VECTOR('',#1417,1.5E0);
#1419=CARTESIAN_POINT('',(1.6925E1,8.E-1,-1.5E0));
#1420=LINE('41452',#1419,#1418);
#1421=DIRECTION('',(1.E0,0.E0,0.E0));
#1422=VECTOR('',#1421,2.500000000004E-1);
#1423=CARTESIAN_POINT('',(1.6675E1,2.31E0,-5.449999999997E0));
#1424=LINE('26069',#1423,#1422);
#1425=DIRECTION('',(3.315866100231E-13,-1.643130076454E-13,-1.E0));
#1426=VECTOR('',#1425,5.999999999970E-1);
#1427=CARTESIAN_POINT('',(1.6925E1,2.31E0,-4.85E0));
#1428=LINE('28887',#1427,#1426);
#1429=DIRECTION('',(-1.302661682253E-12,0.E0,-1.E0));
#1430=VECTOR('',#1429,1.499999999970E-1);
#1431=CARTESIAN_POINT('',(1.6675E1,1.91E0,-4.85E0));
#1432=LINE('28899',#1431,#1430);
#1433=DIRECTION('',(0.E0,-1.E0,0.E0));
#1434=VECTOR('',#1433,9.E-1);
#1435=CARTESIAN_POINT('',(1.6675E1,1.91E0,-4.999999999997E0));
#1436=LINE('26074',#1435,#1434);
#1437=DIRECTION('',(1.278976924394E-12,0.E0,1.E0));
#1438=VECTOR('',#1437,1.499999999970E-1);
#1439=CARTESIAN_POINT('',(1.6675E1,1.01E0,-4.999999999997E0));
#1440=LINE('28900',#1439,#1438);
#1441=DIRECTION('',(-2.019437249009E-13,0.E0,-1.E0));
#1442=VECTOR('',#1441,9.499999999970E-1);
#1443=CARTESIAN_POINT('',(1.6675E1,6.E-1,-4.85E0));
#1444=LINE('28903',#1443,#1442);
#1445=DIRECTION('',(0.E0,1.E0,-1.253898945459E-14));
#1446=VECTOR('',#1445,1.7E0);
#1447=CARTESIAN_POINT('',(1.6675E1,6.E-1,-5.799999999997E0));
#1448=LINE('26077',#1447,#1446);
#1449=DIRECTION('',(0.E0,-1.414213562366E-1,9.899494936613E-1));
#1450=VECTOR('',#1449,7.071067811895E-1);
#1451=CARTESIAN_POINT('',(1.6675E1,2.4E0,-6.5E0));
#1452=LINE('26063',#1451,#1450);
#1453=DIRECTION('',(0.E0,1.E0,-7.105427357596E-13));
#1454=VECTOR('',#1453,3.000000000002E-1);
#1455=CARTESIAN_POINT('',(1.6675E1,2.4E0,-6.5E0));
#1456=LINE('26066',#1455,#1454);
#1457=DIRECTION('',(0.E0,1.414213562369E-1,-9.899494936612E-1));
#1458=VECTOR('',#1457,1.060660171783E0);
#1459=CARTESIAN_POINT('',(1.6675E1,2.55E0,-5.449999999997E0));
#1460=LINE('26068',#1459,#1458);
#1461=DIRECTION('',(0.E0,-1.E0,9.992007221618E-14));
#1462=VECTOR('',#1461,2.400000000002E-1);
#1463=CARTESIAN_POINT('',(1.6675E1,2.55E0,-5.449999999997E0));
#1464=LINE('26070',#1463,#1462);
#1465=DIRECTION('',(-3.197442310937E-13,-1.635728589623E-13,-1.E0));
#1466=VECTOR('',#1465,5.999999999970E-1);
#1467=CARTESIAN_POINT('',(1.6675E1,2.31E0,-4.85E0));
#1468=LINE('28895',#1467,#1466);
#1469=DIRECTION('',(-1.691768418476E-14,-1.E0,0.E0));
#1470=VECTOR('',#1469,2.1E-1);
#1471=CARTESIAN_POINT('',(1.6675E1,1.01E0,-3.E0));
#1472=LINE('40193',#1471,#1470);
#1473=DIRECTION('',(0.E0,0.E0,-1.E0));
#1474=VECTOR('',#1473,1.5E0);
#1475=CARTESIAN_POINT('',(1.6675E1,8.E-1,-1.5E0));
#1476=LINE('41456',#1475,#1474);
#1477=DIRECTION('',(5.024295867672E-14,-7.071067811800E-1,7.071067811931E-1));
#1478=VECTOR('',#1477,7.071067812029E-2);
#1479=CARTESIAN_POINT('',(1.6675E1,8.E-1,-1.5E0));
#1480=LINE('41591',#1479,#1478);
#1481=DIRECTION('',(-7.105427357305E-14,-1.E0,2.083222483320E-11));
#1482=VECTOR('',#1481,5.000000000208E-2);
#1483=CARTESIAN_POINT('',(1.6675E1,7.499999999993E-1,-1.449999999998E0));
#1484=LINE('41678',#1483,#1482);
#1485=DIRECTION('',(1.015061051086E-14,0.E0,1.E0));
#1486=VECTOR('',#1485,3.5E-1);
#1487=CARTESIAN_POINT('',(1.6675E1,1.01E0,-3.35E0));
#1488=LINE('40380',#1487,#1486);
#1489=DIRECTION('',(0.E0,-1.E0,0.E0));
#1490=VECTOR('',#1489,9.E-1);
#1491=CARTESIAN_POINT('',(1.6925E1,1.91E0,-4.999999999997E0));
#1492=LINE('26060',#1491,#1490);
#1493=DIRECTION('',(1.E0,0.E0,0.E0));
#1494=VECTOR('',#1493,2.500000000004E-1);
#1495=CARTESIAN_POINT('',(1.6675E1,1.91E0,-4.999999999997E0));
#1496=LINE('26072',#1495,#1494);
#1497=DIRECTION('',(1.E0,0.E0,0.E0));
#1498=VECTOR('',#1497,2.500000000004E-1);
#1499=CARTESIAN_POINT('',(1.6675E1,1.01E0,-4.999999999997E0));
#1500=LINE('26073',#1499,#1498);
#1501=DIRECTION('',(-1.326346440112E-12,0.E0,1.E0));
#1502=VECTOR('',#1501,1.499999999970E-1);
#1503=CARTESIAN_POINT('',(1.6925E1,1.01E0,-4.999999999997E0));
#1504=LINE('28891',#1503,#1502);
#1505=DIRECTION('',(1.015061051086E-14,0.E0,1.E0));
#1506=VECTOR('',#1505,3.5E-1);
#1507=CARTESIAN_POINT('',(1.6925E1,1.01E0,-3.35E0));
#1508=LINE('40379',#1507,#1506);
#1509=DIRECTION('',(0.E0,0.E0,-1.E0));
#1510=VECTOR('',#1509,1.550000000003E0);
#1511=CARTESIAN_POINT('',(1.6925E1,1.01E0,-1.449999999997E0));
#1512=LINE('42153',#1511,#1510);
#1513=DIRECTION('',(-1.E0,0.E0,0.E0));
#1514=VECTOR('',#1513,2.5E-1);
#1515=CARTESIAN_POINT('',(1.6925E1,1.01E0,-1.449999999997E0));
#1516=LINE('42154',#1515,#1514);
#1517=DIRECTION('',(0.E0,0.E0,-1.E0));
#1518=VECTOR('',#1517,1.550000000003E0);
#1519=CARTESIAN_POINT('',(1.6675E1,1.01E0,-1.449999999997E0));
#1520=LINE('42155',#1519,#1518);
#1521=DIRECTION('',(7.105427357601E-14,-1.E0,0.E0));
#1522=VECTOR('',#1521,5.E-2);
#1523=CARTESIAN_POINT('',(1.6925E1,1.06E0,-3.E0));
#1524=LINE('42284',#1523,#1522);
#1525=DIRECTION('',(-1.E0,0.E0,0.E0));
#1526=VECTOR('',#1525,7.5E-1);
#1527=CARTESIAN_POINT('',(1.7675E1,8.E-1,-3.E0));
#1528=LINE('48951',#1527,#1526);
#1529=DIRECTION('',(0.E0,1.E0,0.E0));
#1530=VECTOR('',#1529,4.5E-1);
#1531=CARTESIAN_POINT('',(2.08E1,8.5E-1,-3.E0));
#1532=LINE('48272',#1531,#1530);
#1533=DIRECTION('',(0.E0,1.E0,0.E0));
#1534=VECTOR('',#1533,4.5E-1);
#1535=CARTESIAN_POINT('',(1.38E1,8.5E-1,-3.E0));
#1536=LINE('43665',#1535,#1534);
#1537=DIRECTION('',(-1.E0,1.851852005075E-12,-4.629185923477E-12));
#1538=VECTOR('',#1537,3.75E-1);
#1539=CARTESIAN_POINT('',(1.4675E1,7.499999999993E-1,-1.449999999998E0));
#1540=LINE('41702',#1539,#1538);
#1541=DIRECTION('',(-1.E0,0.E0,0.E0));
#1542=VECTOR('',#1541,7.5E-1);
#1543=CARTESIAN_POINT('',(1.7675E1,7.499999999993E-1,-1.449999999998E0));
#1544=LINE('48953',#1543,#1542);
#1545=DIRECTION('',(1.E0,0.E0,0.E0));
#1546=VECTOR('',#1545,7.5E-1);
#1547=CARTESIAN_POINT('',(1.6925E1,8.E-1,-1.5E0));
#1548=LINE('48952',#1547,#1546);
#1549=DIRECTION('',(-1.E0,0.E0,0.E0));
#1550=VECTOR('',#1549,7.5E-1);
#1551=CARTESIAN_POINT('',(1.6675E1,7.499999999993E-1,-1.449999999998E0));
#1552=LINE('42244',#1551,#1550);
#1553=DIRECTION('',(-1.E0,0.E0,0.E0));
#1554=VECTOR('',#1553,7.5E-1);
#1555=CARTESIAN_POINT('',(1.5675E1,7.499999999993E-1,-1.449999999998E0));
#1556=LINE('42245',#1555,#1554);
#1557=DIRECTION('',(1.E0,1.851852005075E-12,-4.629185923477E-12));
#1558=VECTOR('',#1557,3.75E-1);
#1559=CARTESIAN_POINT('',(1.9925E1,7.499999999993E-1,-1.449999999998E0));
#1560=LINE('41784',#1559,#1558);
#1561=DIRECTION('',(1.E0,0.E0,0.E0));
#1562=VECTOR('',#1561,7.5E-1);
#1563=CARTESIAN_POINT('',(1.7925E1,7.499999999993E-1,-1.449999999998E0));
#1564=LINE('42330',#1563,#1562);
#1565=DIRECTION('',(1.E0,0.E0,0.E0));
#1566=VECTOR('',#1565,7.5E-1);
#1567=CARTESIAN_POINT('',(1.8925E1,7.499999999993E-1,-1.449999999998E0));
#1568=LINE('42331',#1567,#1566);
#1569=DIRECTION('',(0.E0,1.E0,0.E0));
#1570=VECTOR('',#1569,2.000000000004E-1);
#1571=CARTESIAN_POINT('',(1.43E1,4.499999999997E-1,-1.2E0));
#1572=LINE('40105',#1571,#1570);
#1573=DIRECTION('',(0.E0,-7.071067811861E-1,7.071067811870E-1));
#1574=VECTOR('',#1573,1.414213562373E-1);
#1575=CARTESIAN_POINT('',(1.43E1,7.5E-1,-1.3E0));
#1576=LINE('40107',#1575,#1574);
#1577=DIRECTION('',(0.E0,0.E0,-1.E0));
#1578=VECTOR('',#1577,1.499999999997E-1);
#1579=CARTESIAN_POINT('',(1.43E1,7.5E-1,-1.3E0));
#1580=LINE('40108',#1579,#1578);
#1581=DIRECTION('',(0.E0,-7.071067811873E-1,7.071067811858E-1));
#1582=VECTOR('',#1581,7.071067811858E-2);
#1583=CARTESIAN_POINT('',(1.43E1,8.E-1,-1.5E0));
#1584=LINE('41565',#1583,#1582);
#1585=DIRECTION('',(0.E0,0.E0,-1.E0));
#1586=VECTOR('',#1585,1.5E0);
#1587=CARTESIAN_POINT('',(1.43E1,8.E-1,-1.5E0));
#1588=LINE('42103',#1587,#1586);
#1589=DIRECTION('',(3.501960626246E-13,3.679596310186E-14,1.E0));
#1590=VECTOR('',#1589,3.5E-1);
#1591=CARTESIAN_POINT('',(1.43E1,8.E-1,-3.35E0));
#1592=LINE('40312',#1591,#1590);
#1593=DIRECTION('',(-2.415845301584E-12,1.E0,0.E0));
#1594=VECTOR('',#1593,5.000000000002E-2);
#1595=CARTESIAN_POINT('',(1.43E1,7.5E-1,-3.35E0));
#1596=LINE('26187',#1595,#1594);
#1597=DIRECTION('',(0.E0,-7.071067811870E-1,7.071067811861E-1));
#1598=VECTOR('',#1597,4.242640687121E-1);
#1599=CARTESIAN_POINT('',(1.43E1,7.5E-1,-1.5E0));
#1600=LINE('40306',#1599,#1598);
#1601=DIRECTION('',(-1.E0,0.E0,0.E0));
#1602=VECTOR('',#1601,6.E0);
#1603=CARTESIAN_POINT('',(2.03E1,7.5E-1,-1.3E0));
#1604=LINE('40521',#1603,#1602);
#1605=DIRECTION('',(0.E0,-1.E0,2.083222483320E-11));
#1606=VECTOR('',#1605,5.000000000208E-2);
#1607=CARTESIAN_POINT('',(1.9675E1,7.499999999993E-1,-1.449999999998E0));
#1608=LINE('41905',#1607,#1606);
#1609=DIRECTION('',(1.E0,0.E0,0.E0));
#1610=VECTOR('',#1609,2.5E-1);
#1611=CARTESIAN_POINT('',(1.9675E1,7.499999999993E-1,-1.449999999998E0));
#1612=LINE('42227',#1611,#1610);
#1613=DIRECTION('',(0.E0,-1.414213562366E-1,9.899494936613E-1));
#1614=VECTOR('',#1613,7.071067811895E-1);
#1615=CARTESIAN_POINT('',(1.9675E1,2.4E0,-6.5E0));
#1616=LINE('38039',#1615,#1614);
#1617=DIRECTION('',(0.E0,1.414213562369E-1,-9.899494936612E-1));
#1618=VECTOR('',#1617,1.060660171783E0);
#1619=CARTESIAN_POINT('',(1.9675E1,2.55E0,-5.449999999997E0));
#1620=LINE('38041',#1619,#1618);
#1621=DIRECTION('',(-1.691768418476E-14,-1.E0,0.E0));
#1622=VECTOR('',#1621,2.1E-1);
#1623=CARTESIAN_POINT('',(1.9675E1,1.01E0,-3.E0));
#1624=LINE('40298',#1623,#1622);
#1625=DIRECTION('',(0.E0,0.E0,-1.E0));
#1626=VECTOR('',#1625,1.5E0);
#1627=CARTESIAN_POINT('',(1.9675E1,8.E-1,-1.5E0));
#1628=LINE('41549',#1627,#1626);
#1629=DIRECTION('',(5.024295867672E-14,-7.071067811800E-1,7.071067811931E-1));
#1630=VECTOR('',#1629,7.071067812029E-2);
#1631=CARTESIAN_POINT('',(1.9675E1,8.E-1,-1.5E0));
#1632=LINE('41624',#1631,#1630);
#1633=DIRECTION('',(-1.E0,0.E0,0.E0));
#1634=VECTOR('',#1633,2.5E-1);
#1635=CARTESIAN_POINT('',(1.9925E1,1.91E0,-2.107459249412E0));
#1636=LINE('48844',#1635,#1634);
#1637=DIRECTION('',(0.E0,0.E0,1.E0));
#1638=VECTOR('',#1637,2.742540750588E0);
#1639=CARTESIAN_POINT('',(1.9925E1,1.91E0,-4.85E0));
#1640=LINE('48856',#1639,#1638);
#1641=DIRECTION('',(-1.326346440112E-12,0.E0,-1.E0));
#1642=VECTOR('',#1641,1.499999999970E-1);
#1643=CARTESIAN_POINT('',(1.9675E1,1.91E0,-4.85E0));
#1644=LINE('39698',#1643,#1642);
#1645=DIRECTION('',(0.E0,0.E0,-1.E0));
#1646=VECTOR('',#1645,2.742540750588E0);
#1647=CARTESIAN_POINT('',(1.9675E1,1.91E0,-2.107459249412E0));
#1648=LINE('48857',#1647,#1646);
#1649=DIRECTION('',(-2.180080762173E-14,6.750019999360E-1,-7.378158985020E-1));
#1650=VECTOR('',#1649,1.629624801266E-1);
#1651=CARTESIAN_POINT('',(1.9925E1,1.8E0,-1.987222940715E0));
#1652=LINE('48833',#1651,#1650);
#1653=DIRECTION('',(0.E0,3.014304623876E-14,1.E0));
#1654=VECTOR('',#1653,1.362777059285E0);
#1655=CARTESIAN_POINT('',(1.9925E1,1.8E0,-3.35E0));
#1656=LINE('48852',#1655,#1654);
#1657=DIRECTION('',(-8.375552550989E-13,-1.E0,2.991268768210E-14));
#1658=VECTOR('',#1657,1.187694571801E-1);
#1659=CARTESIAN_POINT('',(1.9925E1,1.8E0,-3.35E0));
#1660=LINE('38370',#1659,#1658);
#1661=DIRECTION('',(0.E0,7.926239891033E-1,6.097107608513E-1));
#1662=VECTOR('',#1661,3.974141640013E-1);
#1663=CARTESIAN_POINT('',(1.9925E1,1.8E0,-1.242307692306E0));
#1664=LINE('48834',#1663,#1662);
#1665=DIRECTION('',(0.E0,2.859088627241E-13,1.E0));
#1666=VECTOR('',#1665,2.423076923064E-1);
#1667=CARTESIAN_POINT('',(1.9925E1,1.8E0,-1.242307692306E0));
#1668=LINE('48853',#1667,#1666);
#1669=DIRECTION('',(-2.559969171121E-14,7.926239891033E-1,6.097107608513E-1));
#1670=VECTOR('',#1669,1.387795493352E-1);
#1671=CARTESIAN_POINT('',(1.9925E1,2.2E0,-9.346153846127E-1));
#1672=LINE('48835',#1671,#1670);
#1673=DIRECTION('',(0.E0,0.E0,-1.E0));
#1674=VECTOR('',#1673,7.449152484090E-1);
#1675=CARTESIAN_POINT('',(1.9925E1,1.8E0,-1.242307692306E0));
#1676=LINE('48832',#1675,#1674);
#1677=DIRECTION('',(1.E0,-1.120315961213E-12,-4.662936703427E-13));
#1678=VECTOR('',#1677,2.199999999999E-1);
#1679=CARTESIAN_POINT('',(2.08E1,1.8E0,-1.2E0));
#1680=LINE('38356',#1679,#1678);
#1681=DIRECTION('',(4.472135954999E-1,-1.529241038418E-12,8.944271909999E-1));
#1682=VECTOR('',#1681,1.565247584232E-1);
#1683=CARTESIAN_POINT('',(2.095E1,1.8E0,-1.339999999999E0));
#1684=LINE('48349',#1683,#1682);
#1685=DIRECTION('',(0.E0,-6.750019999360E-1,7.378158985020E-1));
#1686=VECTOR('',#1685,5.925908368240E-1);
#1687=CARTESIAN_POINT('',(1.9925E1,1.8E0,-1.987222940715E0));
#1688=LINE('48862',#1687,#1686);
#1689=DIRECTION('',(0.E0,7.926239891033E-1,6.097107608513E-1));
#1690=VECTOR('',#1689,5.046529066733E-1);
#1691=CARTESIAN_POINT('',(1.9925E1,1.4E0,-1.55E0));
#1692=LINE('48863',#1691,#1690);
#1693=DIRECTION('',(0.E0,7.926239891033E-1,6.097107608513E-1));
#1694=VECTOR('',#1693,1.072387426720E-1);
#1695=CARTESIAN_POINT('',(1.9925E1,2.114999999997E0,-1.E0));
#1696=LINE('48864',#1695,#1694);
#1697=DIRECTION('',(1.E0,0.E0,0.E0));
#1698=VECTOR('',#1697,2.5E-1);
#1699=CARTESIAN_POINT('',(1.9675E1,1.4E0,-1.55E0));
#1700=LINE('48830',#1699,#1698);
#1701=DIRECTION('',(0.E0,7.926239891033E-1,6.097107608513E-1));
#1702=VECTOR('',#1701,5.046529066733E-1);
#1703=CARTESIAN_POINT('',(1.9675E1,1.4E0,-1.55E0));
#1704=LINE('48860',#1703,#1702);
#1705=DIRECTION('',(0.E0,-6.750019999360E-1,7.378158985020E-1));
#1706=VECTOR('',#1705,5.925908368240E-1);
#1707=CARTESIAN_POINT('',(1.9675E1,1.8E0,-1.987222940715E0));
#1708=LINE('48859',#1707,#1706);
#1709=DIRECTION('',(0.E0,7.926239891033E-1,6.097107608513E-1));
#1710=VECTOR('',#1709,1.072387426720E-1);
#1711=CARTESIAN_POINT('',(1.9675E1,2.114999999997E0,-1.E0));
#1712=LINE('48861',#1711,#1710);
#1713=DIRECTION('',(0.E0,0.E0,-1.E0));
#1714=VECTOR('',#1713,7.449152484090E-1);
#1715=CARTESIAN_POINT('',(1.9675E1,1.8E0,-1.242307692306E0));
#1716=LINE('48831',#1715,#1714);
#1717=DIRECTION('',(-1.E0,0.E0,0.E0));
#1718=VECTOR('',#1717,7.5E-1);
#1719=CARTESIAN_POINT('',(1.9675E1,1.8E0,-3.35E0));
#1720=LINE('38373',#1719,#1718);
#1721=DIRECTION('',(0.E0,0.E0,-1.E0));
#1722=VECTOR('',#1721,7.449152484090E-1);
#1723=CARTESIAN_POINT('',(1.8925E1,1.8E0,-1.242307692306E0));
#1724=LINE('48797',#1723,#1722);
#1725=DIRECTION('',(-2.180080762173E-14,6.750019999360E-1,-7.378158985020E-1));
#1726=VECTOR('',#1725,1.629624801266E-1);
#1727=CARTESIAN_POINT('',(1.9675E1,1.8E0,-1.987222940715E0));
#1728=LINE('48836',#1727,#1726);
#1729=DIRECTION('',(7.777298797347E-13,-1.E0,2.617360172184E-14));
#1730=VECTOR('',#1729,1.187694571801E-1);
#1731=CARTESIAN_POINT('',(1.9675E1,1.8E0,-3.35E0));
#1732=LINE('38372',#1731,#1730);
#1733=DIRECTION('',(0.E0,-3.030598162383E-14,-1.E0));
#1734=VECTOR('',#1733,1.362777059285E0);
#1735=CARTESIAN_POINT('',(1.9675E1,1.8E0,-1.987222940715E0));
#1736=LINE('48855',#1735,#1734);
#1737=DIRECTION('',(0.E0,7.926239891033E-1,6.097107608513E-1));
#1738=VECTOR('',#1737,3.974141640013E-1);
#1739=CARTESIAN_POINT('',(1.9675E1,1.8E0,-1.242307692306E0));
#1740=LINE('48837',#1739,#1738);
#1741=DIRECTION('',(1.466199296021E-14,-2.877416118441E-13,-1.E0));
#1742=VECTOR('',#1741,2.423076923064E-1);
#1743=CARTESIAN_POINT('',(1.9675E1,1.8E0,-1.E0));
#1744=LINE('48854',#1743,#1742);
#1745=DIRECTION('',(-2.559969171121E-14,7.926239891033E-1,6.097107608513E-1));
#1746=VECTOR('',#1745,1.387795493352E-1);
#1747=CARTESIAN_POINT('',(1.9675E1,2.2E0,-9.346153846127E-1));
#1748=LINE('48838',#1747,#1746);
#1749=DIRECTION('',(1.E0,0.E0,0.E0));
#1750=VECTOR('',#1749,2.499999999996E-1);
#1751=CARTESIAN_POINT('',(1.9675E1,1.681230542820E0,-4.85E0));
#1752=LINE('38712',#1751,#1750);
#1753=DIRECTION('',(5.210646728908E-14,1.511383610856E-13,1.E0));
#1754=VECTOR('',#1753,1.5E0);
#1755=CARTESIAN_POINT('',(1.9925E1,1.681230542820E0,-4.85E0));
#1756=LINE('38705',#1755,#1754);
#1757=DIRECTION('',(-1.E0,0.E0,0.E0));
#1758=VECTOR('',#1757,2.499999999998E-1);
#1759=CARTESIAN_POINT('',(1.9925E1,1.681230542820E0,-3.35E0));
#1760=LINE('38371',#1759,#1758);
#1761=DIRECTION('',(5.921189464668E-14,-1.514344205589E-13,-1.E0));
#1762=VECTOR('',#1761,1.5E0);
#1763=CARTESIAN_POINT('',(1.9675E1,1.681230542820E0,-3.35E0));
#1764=LINE('38709',#1763,#1762);
#1765=DIRECTION('',(4.179663151378E-14,-1.E0,0.E0));
#1766=VECTOR('',#1765,8.500000000309E-2);
#1767=CARTESIAN_POINT('',(1.9675E1,2.2E0,-1.E0));
#1768=LINE('48841',#1767,#1766);
#1769=DIRECTION('',(-1.127845612329E-14,-1.E0,4.617117975472E-14));
#1770=VECTOR('',#1769,3.149999999968E-1);
#1771=CARTESIAN_POINT('',(1.9675E1,2.114999999997E0,-1.E0));
#1772=LINE('48848',#1771,#1770);
#1773=DIRECTION('',(-1.E0,0.E0,0.E0));
#1774=VECTOR('',#1773,7.5E-1);
#1775=CARTESIAN_POINT('',(1.9675E1,1.8E0,-1.E0));
#1776=LINE('38427',#1775,#1774);
#1777=DIRECTION('',(1.127845612329E-14,1.E0,-4.617117975472E-14));
#1778=VECTOR('',#1777,3.149999999968E-1);
#1779=CARTESIAN_POINT('',(1.8925E1,1.8E0,-1.E0));
#1780=LINE('48812',#1779,#1778);
#1781=DIRECTION('',(4.179663151378E-14,-1.E0,0.E0));
#1782=VECTOR('',#1781,8.500000000309E-2);
#1783=CARTESIAN_POINT('',(1.8925E1,2.2E0,-1.E0));
#1784=LINE('48802',#1783,#1782);
#1785=DIRECTION('',(-2.180080762173E-14,6.750019999360E-1,-7.378158985020E-1));
#1786=VECTOR('',#1785,1.629624801266E-1);
#1787=CARTESIAN_POINT('',(1.8925E1,1.8E0,-1.987222940715E0));
#1788=LINE('48799',#1787,#1786);
#1789=DIRECTION('',(0.E0,3.014304623876E-14,1.E0));
#1790=VECTOR('',#1789,1.362777059285E0);
#1791=CARTESIAN_POINT('',(1.8925E1,1.8E0,-3.35E0));
#1792=LINE('48817',#1791,#1790);
#1793=DIRECTION('',(-8.375552550989E-13,-1.E0,2.991268768210E-14));
#1794=VECTOR('',#1793,1.187694571801E-1);
#1795=CARTESIAN_POINT('',(1.8925E1,1.8E0,-3.35E0));
#1796=LINE('38374',#1795,#1794);
#1797=DIRECTION('',(0.E0,7.926239891033E-1,6.097107608513E-1));
#1798=VECTOR('',#1797,3.974141640013E-1);
#1799=CARTESIAN_POINT('',(1.8925E1,1.8E0,-1.242307692306E0));
#1800=LINE('48800',#1799,#1798);
#1801=DIRECTION('',(-1.466199296021E-14,2.859088627241E-13,1.E0));
#1802=VECTOR('',#1801,2.423076923064E-1);
#1803=CARTESIAN_POINT('',(1.8925E1,1.8E0,-1.242307692306E0));
#1804=LINE('48818',#1803,#1802);
#1805=DIRECTION('',(-2.559969171121E-14,7.926239891033E-1,6.097107608513E-1));
#1806=VECTOR('',#1805,1.387795493352E-1);
#1807=CARTESIAN_POINT('',(1.8925E1,2.2E0,-9.346153846127E-1));
#1808=LINE('48801',#1807,#1806);
#1809=DIRECTION('',(-1.E0,0.E0,0.E0));
#1810=VECTOR('',#1809,2.5E-1);
#1811=CARTESIAN_POINT('',(1.8925E1,1.91E0,-2.107459249412E0));
#1812=LINE('48810',#1811,#1810);
#1813=DIRECTION('',(0.E0,0.E0,1.E0));
#1814=VECTOR('',#1813,2.742540750588E0);
#1815=CARTESIAN_POINT('',(1.8925E1,1.91E0,-4.85E0));
#1816=LINE('48821',#1815,#1814);
#1817=DIRECTION('',(-1.350031197972E-12,0.E0,-1.E0));
#1818=VECTOR('',#1817,1.499999999970E-1);
#1819=CARTESIAN_POINT('',(1.8675E1,1.91E0,-4.85E0));
#1820=LINE('39647',#1819,#1818);
#1821=DIRECTION('',(0.E0,0.E0,-1.E0));
#1822=VECTOR('',#1821,2.742540750588E0);
#1823=CARTESIAN_POINT('',(1.8675E1,1.91E0,-2.107459249412E0));
#1824=LINE('48822',#1823,#1822);
#1825=DIRECTION('',(3.197442310937E-13,-1.643130076454E-13,-1.E0));
#1826=VECTOR('',#1825,5.999999999970E-1);
#1827=CARTESIAN_POINT('',(1.8925E1,2.31E0,-4.85E0));
#1828=LINE('39652',#1827,#1826);
#1829=DIRECTION('',(-2.960594732331E-14,-1.E0,9.992007221618E-14));
#1830=VECTOR('',#1829,2.400000000002E-1);
#1831=CARTESIAN_POINT('',(1.8925E1,2.55E0,-5.449999999997E0));
#1832=LINE('38345',#1831,#1830);
#1833=DIRECTION('',(0.E0,1.414213562369E-1,-9.899494936612E-1));
#1834=VECTOR('',#1833,1.060660171783E0);
#1835=CARTESIAN_POINT('',(1.8925E1,2.55E0,-5.449999999997E0));
#1836=LINE('38343',#1835,#1834);
#1837=DIRECTION('',(-2.368475785865E-14,1.E0,-7.105427357596E-13));
#1838=VECTOR('',#1837,3.000000000002E-1);
#1839=CARTESIAN_POINT('',(1.8925E1,2.4E0,-6.5E0));
#1840=LINE('38341',#1839,#1838);
#1841=DIRECTION('',(1.004859173553E-14,-1.414213562366E-1,9.899494936613E-1));
#1842=VECTOR('',#1841,7.071067811895E-1);
#1843=CARTESIAN_POINT('',(1.8925E1,2.4E0,-6.5E0));
#1844=LINE('38338',#1843,#1842);
#1845=DIRECTION('',(0.E0,1.E0,-1.253898945459E-14));
#1846=VECTOR('',#1845,1.7E0);
#1847=CARTESIAN_POINT('',(1.8925E1,6.E-1,-5.799999999997E0));
#1848=LINE('38352',#1847,#1846);
#1849=DIRECTION('',(1.944643276823E-13,0.E0,-1.E0));
#1850=VECTOR('',#1849,9.499999999970E-1);
#1851=CARTESIAN_POINT('',(1.8925E1,6.E-1,-4.85E0));
#1852=LINE('39660',#1851,#1850);
#1853=DIRECTION('',(-1.278976924394E-12,0.E0,1.E0));
#1854=VECTOR('',#1853,1.499999999970E-1);
#1855=CARTESIAN_POINT('',(1.8925E1,1.01E0,-4.999999999997E0));
#1856=LINE('39657',#1855,#1854);
#1857=DIRECTION('',(0.E0,-1.E0,0.E0));
#1858=VECTOR('',#1857,9.E-1);
#1859=CARTESIAN_POINT('',(1.8925E1,1.91E0,-4.999999999997E0));
#1860=LINE('38349',#1859,#1858);
#1861=DIRECTION('',(1.231607408676E-12,0.E0,-1.E0));
#1862=VECTOR('',#1861,1.499999999970E-1);
#1863=CARTESIAN_POINT('',(1.8925E1,1.91E0,-4.85E0));
#1864=LINE('39656',#1863,#1862);
#1865=DIRECTION('',(-1.691768418476E-14,-1.E0,0.E0));
#1866=VECTOR('',#1865,2.1E-1);
#1867=CARTESIAN_POINT('',(1.8925E1,1.01E0,-3.E0));
#1868=LINE('40297',#1867,#1866);
#1869=DIRECTION('',(0.E0,0.E0,1.E0));
#1870=VECTOR('',#1869,3.5E-1);
#1871=CARTESIAN_POINT('',(1.8925E1,1.01E0,-3.35E0));
#1872=LINE('40513',#1871,#1870);
#1873=DIRECTION('',(0.E0,-1.E0,2.083222483320E-11));
#1874=VECTOR('',#1873,5.000000000208E-2);
#1875=CARTESIAN_POINT('',(1.8925E1,7.499999999993E-1,-1.449999999998E0));
#1876=LINE('41902',#1875,#1874);
#1877=DIRECTION('',(5.024295867672E-14,-7.071067811800E-1,7.071067811931E-1));
#1878=VECTOR('',#1877,7.071067812029E-2);
#1879=CARTESIAN_POINT('',(1.8925E1,8.E-1,-1.5E0));
#1880=LINE('41623',#1879,#1878);
#1881=DIRECTION('',(0.E0,0.E0,-1.E0));
#1882=VECTOR('',#1881,1.5E0);
#1883=CARTESIAN_POINT('',(1.8925E1,8.E-1,-1.5E0));
#1884=LINE('41548',#1883,#1882);
#1885=DIRECTION('',(0.E0,-1.E0,0.E0));
#1886=VECTOR('',#1885,4.E-1);
#1887=CARTESIAN_POINT('',(1.8675E1,2.31E0,-4.85E0));
#1888=LINE('39631',#1887,#1886);
#1889=DIRECTION('',(1.E0,0.E0,0.E0));
#1890=VECTOR('',#1889,2.5E-1);
#1891=CARTESIAN_POINT('',(1.8675E1,2.31E0,-4.85E0));
#1892=LINE('39635',#1891,#1890);
#1893=DIRECTION('',(0.E0,-1.E0,0.E0));
#1894=VECTOR('',#1893,4.E-1);
#1895=CARTESIAN_POINT('',(1.8925E1,2.31E0,-4.85E0));
#1896=LINE('39636',#1895,#1894);
#1897=DIRECTION('',(-8.075427269646E-13,-1.E0,5.241262891357E-13));
#1898=VECTOR('',#1897,2.287694571803E-1);
#1899=CARTESIAN_POINT('',(1.8925E1,1.91E0,-4.85E0));
#1900=LINE('39665',#1899,#1898);
#1901=DIRECTION('',(0.E0,-1.E0,0.E0));
#1902=VECTOR('',#1901,4.1E-1);
#1903=CARTESIAN_POINT('',(1.8675E1,1.01E0,-4.85E0));
#1904=LINE('39632',#1903,#1902);
#1905=DIRECTION('',(1.E0,0.E0,0.E0));
#1906=VECTOR('',#1905,2.5E-1);
#1907=CARTESIAN_POINT('',(1.8675E1,1.01E0,-4.85E0));
#1908=LINE('39634',#1907,#1906);
#1909=DIRECTION('',(0.E0,-1.E0,0.E0));
#1910=VECTOR('',#1909,4.1E-1);
#1911=CARTESIAN_POINT('',(1.8925E1,1.01E0,-4.85E0));
#1912=LINE('39637',#1911,#1910);
#1913=DIRECTION('',(-1.E0,0.E0,0.E0));
#1914=VECTOR('',#1913,2.5E-1);
#1915=CARTESIAN_POINT('',(1.8925E1,6.E-1,-4.85E0));
#1916=LINE('39633',#1915,#1914);
#1917=DIRECTION('',(8.289665250541E-13,0.E0,-1.E0));
#1918=VECTOR('',#1917,1.499999999999E-1);
#1919=CARTESIAN_POINT('',(1.895E1,3.499999999997E-1,-4.85E0));
#1920=LINE('38466',#1919,#1918);
#1921=DIRECTION('',(0.E0,1.E0,0.E0));
#1922=VECTOR('',#1921,2.E0);
#1923=CARTESIAN_POINT('',(1.895E1,3.499999999997E-1,-5.E0));
#1924=LINE('38975',#1923,#1922);
#1925=DIRECTION('',(-8.289665250541E-13,0.E0,1.E0));
#1926=VECTOR('',#1925,1.499999999999E-1);
#1927=CARTESIAN_POINT('',(1.895E1,2.35E0,-5.E0));
#1928=LINE('38622',#1927,#1926);
#1929=DIRECTION('',(0.E0,-1.E0,0.E0));
#1930=VECTOR('',#1929,2.E0);
#1931=CARTESIAN_POINT('',(1.895E1,2.35E0,-4.85E0));
#1932=LINE('38452',#1931,#1930);
#1933=DIRECTION('',(0.E0,1.E0,0.E0));
#1934=VECTOR('',#1933,2.E0);
#1935=CARTESIAN_POINT('',(1.91E1,3.499999999999E-1,-5.5E0));
#1936=LINE('38646',#1935,#1934);
#1937=DIRECTION('',(1.E0,0.E0,1.110223024625E-14));
#1938=VECTOR('',#1937,4.000000000001E-1);
#1939=CARTESIAN_POINT('',(1.91E1,2.35E0,-5.5E0));
#1940=LINE('38624',#1939,#1938);
#1941=DIRECTION('',(-1.E0,0.E0,-1.110223024625E-14));
#1942=VECTOR('',#1941,4.000000000001E-1);
#1943=CARTESIAN_POINT('',(1.95E1,3.499999999999E-1,-5.5E0));
#1944=LINE('38464',#1943,#1942);
#1945=DIRECTION('',(0.E0,1.E0,0.E0));
#1946=VECTOR('',#1945,2.E0);
#1947=CARTESIAN_POINT('',(1.965E1,3.499999999997E-1,-5.E0));
#1948=LINE('38713',#1947,#1946);
#1949=DIRECTION('',(0.E0,-1.E0,0.E0));
#1950=VECTOR('',#1949,2.E0);
#1951=CARTESIAN_POINT('',(1.95E1,2.35E0,-5.5E0));
#1952=LINE('38645',#1951,#1950);
#1953=DIRECTION('',(8.526512829128E-13,0.E0,1.E0));
#1954=VECTOR('',#1953,1.499999999999E-1);
#1955=CARTESIAN_POINT('',(1.965E1,3.499999999997E-1,-5.E0));
#1956=LINE('38462',#1955,#1954);
#1957=DIRECTION('',(0.E0,1.E0,0.E0));
#1958=VECTOR('',#1957,2.E0);
#1959=CARTESIAN_POINT('',(1.965E1,3.499999999997E-1,-4.85E0));
#1960=LINE('38711',#1959,#1958);
#1961=DIRECTION('',(-8.526512829128E-13,0.E0,-1.E0));
#1962=VECTOR('',#1961,1.499999999999E-1);
#1963=CARTESIAN_POINT('',(1.965E1,2.35E0,-4.85E0));
#1964=LINE('38626',#1963,#1962);
#1965=DIRECTION('',(8.526512829128E-13,0.E0,1.E0));
#1966=VECTOR('',#1965,1.499999999999E-1);
#1967=CARTESIAN_POINT('',(1.865E1,3.499999999997E-1,-5.E0));
#1968=LINE('38467',#1967,#1966);
#1969=DIRECTION('',(0.E0,1.E0,0.E0));
#1970=VECTOR('',#1969,2.E0);
#1971=CARTESIAN_POINT('',(1.865E1,3.499999999997E-1,-4.85E0));
#1972=LINE('38454',#1971,#1970);
#1973=DIRECTION('',(-8.526512829128E-13,0.E0,-1.E0));
#1974=VECTOR('',#1973,1.499999999999E-1);
#1975=CARTESIAN_POINT('',(1.865E1,2.35E0,-4.85E0));
#1976=LINE('38621',#1975,#1974);
#1977=DIRECTION('',(0.E0,-1.E0,0.E0));
#1978=VECTOR('',#1977,2.E0);
#1979=CARTESIAN_POINT('',(1.865E1,2.35E0,-5.E0));
#1980=LINE('38976',#1979,#1978);
#1981=DIRECTION('',(0.E0,-1.E0,0.E0));
#1982=VECTOR('',#1981,2.E0);
#1983=CARTESIAN_POINT('',(1.85E1,2.35E0,-5.5E0));
#1984=LINE('38647',#1983,#1982);
#1985=DIRECTION('',(1.E0,0.E0,1.554312234475E-14));
#1986=VECTOR('',#1985,4.000000000001E-1);
#1987=CARTESIAN_POINT('',(1.81E1,2.35E0,-5.5E0));
#1988=LINE('38619',#1987,#1986);
#1989=DIRECTION('',(-1.E0,0.E0,-1.110223024625E-14));
#1990=VECTOR('',#1989,4.000000000001E-1);
#1991=CARTESIAN_POINT('',(1.85E1,3.499999999999E-1,-5.5E0));
#1992=LINE('38469',#1991,#1990);
#1993=DIRECTION('',(0.E0,1.E0,0.E0));
#1994=VECTOR('',#1993,2.E0);
#1995=CARTESIAN_POINT('',(1.81E1,3.499999999999E-1,-5.5E0));
#1996=LINE('38648',#1995,#1994);
#1997=DIRECTION('',(0.E0,-1.E0,0.E0));
#1998=VECTOR('',#1997,2.E0);
#1999=CARTESIAN_POINT('',(1.795E1,2.35E0,-5.E0));
#2000=LINE('38846',#1999,#1998);
#2001=DIRECTION('',(8.289665250541E-13,0.E0,-1.E0));
#2002=VECTOR('',#2001,1.499999999999E-1);
#2003=CARTESIAN_POINT('',(1.795E1,3.499999999997E-1,-4.85E0));
#2004=LINE('38471',#2003,#2002);
#2005=DIRECTION('',(-8.289665250541E-13,0.E0,1.E0));
#2006=VECTOR('',#2005,1.499999999999E-1);
#2007=CARTESIAN_POINT('',(1.795E1,2.35E0,-5.E0));
#2008=LINE('38617',#2007,#2006);
#2009=DIRECTION('',(0.E0,-1.E0,0.E0));
#2010=VECTOR('',#2009,2.E0);
#2011=CARTESIAN_POINT('',(1.795E1,2.35E0,-4.85E0));
#2012=LINE('38842',#2011,#2010);
#2013=DIRECTION('',(1.E0,0.E0,-3.256654205569E-14));
#2014=VECTOR('',#2013,2.999999999998E-1);
#2015=CARTESIAN_POINT('',(1.765E1,3.499999999997E-1,-4.85E0));
#2016=LINE('38472',#2015,#2014);
#2017=DIRECTION('',(-1.E0,0.E0,3.552713678803E-14));
#2018=VECTOR('',#2017,2.999999999998E-1);
#2019=CARTESIAN_POINT('',(1.795E1,2.35E0,-4.85E0));
#2020=LINE('38616',#2019,#2018);
#2021=DIRECTION('',(0.E0,-1.E0,0.E0));
#2022=VECTOR('',#2021,4.E-1);
#2023=CARTESIAN_POINT('',(1.7675E1,2.31E0,-4.85E0));
#2024=LINE('39582',#2023,#2022);
#2025=DIRECTION('',(1.E0,0.E0,0.E0));
#2026=VECTOR('',#2025,2.5E-1);
#2027=CARTESIAN_POINT('',(1.7675E1,2.31E0,-4.85E0));
#2028=LINE('39586',#2027,#2026);
#2029=DIRECTION('',(0.E0,-1.E0,0.E0));
#2030=VECTOR('',#2029,4.E-1);
#2031=CARTESIAN_POINT('',(1.7925E1,2.31E0,-4.85E0));
#2032=LINE('39587',#2031,#2030);
#2033=DIRECTION('',(-7.920130591384E-13,-1.E0,5.241262891357E-13));
#2034=VECTOR('',#2033,2.287694571803E-1);
#2035=CARTESIAN_POINT('',(1.7925E1,1.91E0,-4.85E0));
#2036=LINE('39614',#2035,#2034);
#2037=DIRECTION('',(0.E0,-1.E0,0.E0));
#2038=VECTOR('',#2037,4.1E-1);
#2039=CARTESIAN_POINT('',(1.7675E1,1.01E0,-4.85E0));
#2040=LINE('39583',#2039,#2038);
#2041=DIRECTION('',(1.E0,0.E0,0.E0));
#2042=VECTOR('',#2041,2.5E-1);
#2043=CARTESIAN_POINT('',(1.7675E1,1.01E0,-4.85E0));
#2044=LINE('39585',#2043,#2042);
#2045=DIRECTION('',(0.E0,-1.E0,0.E0));
#2046=VECTOR('',#2045,4.1E-1);
#2047=CARTESIAN_POINT('',(1.7925E1,1.01E0,-4.85E0));
#2048=LINE('39588',#2047,#2046);
#2049=DIRECTION('',(-1.E0,0.E0,0.E0));
#2050=VECTOR('',#2049,2.5E-1);
#2051=CARTESIAN_POINT('',(1.7925E1,6.E-1,-4.85E0));
#2052=LINE('39584',#2051,#2050);
#2053=DIRECTION('',(8.526512829128E-13,0.E0,1.E0));
#2054=VECTOR('',#2053,1.499999999999E-1);
#2055=CARTESIAN_POINT('',(1.765E1,3.499999999997E-1,-5.E0));
#2056=LINE('38473',#2055,#2054);
#2057=DIRECTION('',(0.E0,1.E0,0.E0));
#2058=VECTOR('',#2057,2.E0);
#2059=CARTESIAN_POINT('',(1.765E1,3.499999999997E-1,-4.85E0));
#2060=LINE('38843',#2059,#2058);
#2061=DIRECTION('',(-8.763360407715E-13,0.E0,-1.E0));
#2062=VECTOR('',#2061,1.499999999999E-1);
#2063=CARTESIAN_POINT('',(1.765E1,2.35E0,-4.85E0));
#2064=LINE('38615',#2063,#2062);
#2065=DIRECTION('',(0.E0,1.E0,0.E0));
#2066=VECTOR('',#2065,2.E0);
#2067=CARTESIAN_POINT('',(1.765E1,3.499999999997E-1,-5.E0));
#2068=LINE('38845',#2067,#2066);
#2069=DIRECTION('',(0.E0,-1.E0,0.E0));
#2070=VECTOR('',#2069,2.E0);
#2071=CARTESIAN_POINT('',(1.75E1,2.35E0,-5.5E0));
#2072=LINE('38649',#2071,#2070);
#2073=DIRECTION('',(-2.180080762173E-14,6.750019999360E-1,-7.378158985020E-1));
#2074=VECTOR('',#2073,1.629624801266E-1);
#2075=CARTESIAN_POINT('',(1.7675E1,1.8E0,-1.987222940715E0));
#2076=LINE('48772',#2075,#2074);
#2077=DIRECTION('',(-7.920130591384E-13,1.E0,-5.241262891357E-13));
#2078=VECTOR('',#2077,2.287694571803E-1);
#2079=CARTESIAN_POINT('',(1.7675E1,1.681230542820E0,-4.85E0));
#2080=LINE('39616',#2079,#2078);
#2081=DIRECTION('',(7.777298797347E-13,-1.E0,2.617360172184E-14));
#2082=VECTOR('',#2081,1.187694571801E-1);
#2083=CARTESIAN_POINT('',(1.7675E1,1.8E0,-3.35E0));
#2084=LINE('38380',#2083,#2082);
#2085=DIRECTION('',(0.E0,-3.030598162383E-14,-1.E0));
#2086=VECTOR('',#2085,1.362777059285E0);
#2087=CARTESIAN_POINT('',(1.7675E1,1.8E0,-1.987222940715E0));
#2088=LINE('48786',#2087,#2086);
#2089=DIRECTION('',(0.E0,7.926239891033E-1,6.097107608513E-1));
#2090=VECTOR('',#2089,3.974141640013E-1);
#2091=CARTESIAN_POINT('',(1.7675E1,1.8E0,-1.242307692306E0));
#2092=LINE('48773',#2091,#2090);
#2093=DIRECTION('',(1.466199296021E-14,-2.877416118441E-13,-1.E0));
#2094=VECTOR('',#2093,2.423076923064E-1);
#2095=CARTESIAN_POINT('',(1.7675E1,1.8E0,-1.E0));
#2096=LINE('48785',#2095,#2094);
#2097=DIRECTION('',(-1.127845612329E-14,-1.E0,4.617117975472E-14));
#2098=VECTOR('',#2097,3.149999999968E-1);
#2099=CARTESIAN_POINT('',(1.7675E1,2.114999999997E0,-1.E0));
#2100=LINE('48778',#2099,#2098);
#2101=DIRECTION('',(-2.559969171121E-14,7.926239891033E-1,6.097107608513E-1));
#2102=VECTOR('',#2101,1.387795493352E-1);
#2103=CARTESIAN_POINT('',(1.7675E1,2.2E0,-9.346153846127E-1));
#2104=LINE('48774',#2103,#2102);
#2105=DIRECTION('',(0.E0,1.154631945613E-13,-1.E0));
#2106=VECTOR('',#2105,9.346153846127E-1);
#2107=CARTESIAN_POINT('',(1.7675E1,2.2E0,0.E0));
#2108=LINE('48780',#2107,#2106);
#2109=DIRECTION('',(-8.397323240803E-13,-1.E0,0.E0));
#2110=VECTOR('',#2109,1.1E-1);
#2111=CARTESIAN_POINT('',(1.7675E1,2.31E0,0.E0));
#2112=LINE('38762',#2111,#2110);
#2113=DIRECTION('',(-2.180080762173E-14,6.750019999360E-1,-7.378158985020E-1));
#2114=VECTOR('',#2113,1.629624801266E-1);
#2115=CARTESIAN_POINT('',(1.7925E1,1.8E0,-1.987222940715E0));
#2116=LINE('48769',#2115,#2114);
#2117=DIRECTION('',(0.E0,3.014304623876E-14,1.E0));
#2118=VECTOR('',#2117,1.362777059285E0);
#2119=CARTESIAN_POINT('',(1.7925E1,1.8E0,-3.35E0));
#2120=LINE('48783',#2119,#2118);
#2121=DIRECTION('',(-8.375552550989E-13,-1.E0,2.991268768210E-14));
#2122=VECTOR('',#2121,1.187694571801E-1);
#2123=CARTESIAN_POINT('',(1.7925E1,1.8E0,-3.35E0));
#2124=LINE('38378',#2123,#2122);
#2125=DIRECTION('',(0.E0,7.926239891033E-1,6.097107608513E-1));
#2126=VECTOR('',#2125,3.974141640013E-1);
#2127=CARTESIAN_POINT('',(1.7925E1,1.8E0,-1.242307692306E0));
#2128=LINE('48770',#2127,#2126);
#2129=DIRECTION('',(-1.127845612329E-14,-1.E0,4.617117975472E-14));
#2130=VECTOR('',#2129,3.149999999968E-1);
#2131=CARTESIAN_POINT('',(1.7925E1,2.114999999997E0,-1.E0));
#2132=LINE('48777',#2131,#2130);
#2133=DIRECTION('',(-1.466199296021E-14,2.877416118441E-13,1.E0));
#2134=VECTOR('',#2133,2.423076923064E-1);
#2135=CARTESIAN_POINT('',(1.7925E1,1.8E0,-1.242307692306E0));
#2136=LINE('48784',#2135,#2134);
#2137=DIRECTION('',(-2.559969171121E-14,7.926239891033E-1,6.097107608513E-1));
#2138=VECTOR('',#2137,1.387795493352E-1);
#2139=CARTESIAN_POINT('',(1.7925E1,2.2E0,-9.346153846127E-1));
#2140=LINE('48771',#2139,#2138);
#2141=DIRECTION('',(9.043271182403E-13,-1.E0,0.E0));
#2142=VECTOR('',#2141,1.1E-1);
#2143=CARTESIAN_POINT('',(1.7925E1,2.31E0,0.E0));
#2144=LINE('38764',#2143,#2142);
#2145=DIRECTION('',(0.E0,1.154631945613E-13,-1.E0));
#2146=VECTOR('',#2145,9.346153846127E-1);
#2147=CARTESIAN_POINT('',(1.7925E1,2.2E0,0.E0));
#2148=LINE('48779',#2147,#2146);
#2149=DIRECTION('',(0.E0,0.E0,-1.E0));
#2150=VECTOR('',#2149,7.449152484090E-1);
#2151=CARTESIAN_POINT('',(1.8675E1,1.8E0,-1.242307692306E0));
#2152=LINE('48798',#2151,#2150);
#2153=DIRECTION('',(-1.E0,0.E0,0.E0));
#2154=VECTOR('',#2153,7.5E-1);
#2155=CARTESIAN_POINT('',(1.8675E1,1.8E0,-3.35E0));
#2156=LINE('38377',#2155,#2154);
#2157=DIRECTION('',(0.E0,0.E0,-1.E0));
#2158=VECTOR('',#2157,7.449152484090E-1);
#2159=CARTESIAN_POINT('',(1.7925E1,1.8E0,-1.242307692306E0));
#2160=LINE('48763',#2159,#2158);
#2161=DIRECTION('',(0.E0,7.926239891033E-1,6.097107608513E-1));
#2162=VECTOR('',#2161,5.046529066733E-1);
#2163=CARTESIAN_POINT('',(1.8675E1,1.4E0,-1.55E0));
#2164=LINE('48825',#2163,#2162);
#2165=DIRECTION('',(0.E0,-6.750019999360E-1,7.378158985020E-1));
#2166=VECTOR('',#2165,5.925908368240E-1);
#2167=CARTESIAN_POINT('',(1.8675E1,1.8E0,-1.987222940715E0));
#2168=LINE('48824',#2167,#2166);
#2169=DIRECTION('',(0.E0,7.926239891033E-1,6.097107608513E-1));
#2170=VECTOR('',#2169,1.072387426720E-1);
#2171=CARTESIAN_POINT('',(1.8675E1,2.114999999997E0,-1.E0));
#2172=LINE('48826',#2171,#2170);
#2173=DIRECTION('',(1.E0,0.E0,0.E0));
#2174=VECTOR('',#2173,2.5E-1);
#2175=CARTESIAN_POINT('',(1.8675E1,1.4E0,-1.55E0));
#2176=LINE('48796',#2175,#2174);
#2177=DIRECTION('',(0.E0,-6.750019999360E-1,7.378158985020E-1));
#2178=VECTOR('',#2177,5.925908368240E-1);
#2179=CARTESIAN_POINT('',(1.8925E1,1.8E0,-1.987222940715E0));
#2180=LINE('48827',#2179,#2178);
#2181=DIRECTION('',(0.E0,7.926239891033E-1,6.097107608513E-1));
#2182=VECTOR('',#2181,5.046529066733E-1);
#2183=CARTESIAN_POINT('',(1.8925E1,1.4E0,-1.55E0));
#2184=LINE('48828',#2183,#2182);
#2185=DIRECTION('',(0.E0,7.926239891033E-1,6.097107608513E-1));
#2186=VECTOR('',#2185,1.072387426720E-1);
#2187=CARTESIAN_POINT('',(1.8925E1,2.114999999997E0,-1.E0));
#2188=LINE('48829',#2187,#2186);
#2189=DIRECTION('',(5.433562096768E-14,0.E0,1.E0));
#2190=VECTOR('',#2189,6.538461538728E-2);
#2191=CARTESIAN_POINT('',(1.9675E1,2.2E0,-1.E0));
#2192=LINE('48843',#2191,#2190);
#2193=DIRECTION('',(-1.E0,0.E0,0.E0));
#2194=VECTOR('',#2193,7.5E-1);
#2195=CARTESIAN_POINT('',(1.9675E1,2.2E0,-1.E0));
#2196=LINE('48858',#2195,#2194);
#2197=DIRECTION('',(5.433562096768E-14,0.E0,1.E0));
#2198=VECTOR('',#2197,6.538461538728E-2);
#2199=CARTESIAN_POINT('',(1.8925E1,2.2E0,-1.E0));
#2200=LINE('48804',#2199,#2198);
#2201=DIRECTION('',(0.E0,-1.154631945613E-13,1.E0));
#2202=VECTOR('',#2201,9.346153846127E-1);
#2203=CARTESIAN_POINT('',(1.8925E1,2.2E0,-9.346153846127E-1));
#2204=LINE('48811',#2203,#2202);
#2205=DIRECTION('',(1.E0,0.E0,0.E0));
#2206=VECTOR('',#2205,7.5E-1);
#2207=CARTESIAN_POINT('',(1.8925E1,2.2E0,0.E0));
#2208=LINE('38768',#2207,#2206);
#2209=DIRECTION('',(0.E0,1.154631945613E-13,-1.E0));
#2210=VECTOR('',#2209,9.346153846127E-1);
#2211=CARTESIAN_POINT('',(1.9675E1,2.2E0,0.E0));
#2212=LINE('48847',#2211,#2210);
#2213=DIRECTION('',(-2.180080762173E-14,6.750019999360E-1,-7.378158985020E-1));
#2214=VECTOR('',#2213,1.629624801266E-1);
#2215=CARTESIAN_POINT('',(1.8675E1,1.8E0,-1.987222940715E0));
#2216=LINE('48806',#2215,#2214);
#2217=DIRECTION('',(-7.764833913121E-13,1.E0,-5.241262891357E-13));
#2218=VECTOR('',#2217,2.287694571803E-1);
#2219=CARTESIAN_POINT('',(1.8675E1,1.681230542820E0,-4.85E0));
#2220=LINE('39667',#2219,#2218);
#2221=DIRECTION('',(7.777298797347E-13,-1.E0,2.617360172184E-14));
#2222=VECTOR('',#2221,1.187694571801E-1);
#2223=CARTESIAN_POINT('',(1.8675E1,1.8E0,-3.35E0));
#2224=LINE('38376',#2223,#2222);
#2225=DIRECTION('',(0.E0,-3.030598162383E-14,-1.E0));
#2226=VECTOR('',#2225,1.362777059285E0);
#2227=CARTESIAN_POINT('',(1.8675E1,1.8E0,-1.987222940715E0));
#2228=LINE('48820',#2227,#2226);
#2229=DIRECTION('',(0.E0,7.926239891033E-1,6.097107608513E-1));
#2230=VECTOR('',#2229,3.974141640013E-1);
#2231=CARTESIAN_POINT('',(1.8675E1,1.8E0,-1.242307692306E0));
#2232=LINE('48807',#2231,#2230);
#2233=DIRECTION('',(1.466199296021E-14,-2.877416118441E-13,-1.E0));
#2234=VECTOR('',#2233,2.423076923064E-1);
#2235=CARTESIAN_POINT('',(1.8675E1,1.8E0,-1.E0));
#2236=LINE('48819',#2235,#2234);
#2237=DIRECTION('',(-1.127845612329E-14,-1.E0,4.617117975472E-14));
#2238=VECTOR('',#2237,3.149999999968E-1);
#2239=CARTESIAN_POINT('',(1.8675E1,2.114999999997E0,-1.E0));
#2240=LINE('48813',#2239,#2238);
#2241=DIRECTION('',(-2.559969171121E-14,7.926239891033E-1,6.097107608513E-1));
#2242=VECTOR('',#2241,1.387795493352E-1);
#2243=CARTESIAN_POINT('',(1.8675E1,2.2E0,-9.346153846127E-1));
#2244=LINE('48808',#2243,#2242);
#2245=DIRECTION('',(0.E0,1.154631945613E-13,-1.E0));
#2246=VECTOR('',#2245,9.346153846127E-1);
#2247=CARTESIAN_POINT('',(1.8675E1,2.2E0,0.E0));
#2248=LINE('48814',#2247,#2246);
#2249=DIRECTION('',(-8.074349270002E-13,-1.E0,0.E0));
#2250=VECTOR('',#2249,1.1E-1);
#2251=CARTESIAN_POINT('',(1.8675E1,2.31E0,0.E0));
#2252=LINE('38766',#2251,#2250);
#2253=DIRECTION('',(1.E0,0.E0,0.E0));
#2254=VECTOR('',#2253,2.499999999996E-1);
#2255=CARTESIAN_POINT('',(1.8675E1,1.681230542820E0,-4.85E0));
#2256=LINE('38455',#2255,#2254);
#2257=DIRECTION('',(5.210646728908E-14,1.514344205589E-13,1.E0));
#2258=VECTOR('',#2257,1.5E0);
#2259=CARTESIAN_POINT('',(1.8925E1,1.681230542820E0,-4.85E0));
#2260=LINE('38450',#2259,#2258);
#2261=DIRECTION('',(-1.E0,0.E0,0.E0));
#2262=VECTOR('',#2261,2.499999999998E-1);
#2263=CARTESIAN_POINT('',(1.8925E1,1.681230542820E0,-3.35E0));
#2264=LINE('38375',#2263,#2262);
#2265=DIRECTION('',(5.921189464668E-14,-1.514344205589E-13,-1.E0));
#2266=VECTOR('',#2265,1.5E0);
#2267=CARTESIAN_POINT('',(1.8675E1,1.681230542820E0,-3.35E0));
#2268=LINE('38848',#2267,#2266);
#2269=DIRECTION('',(4.179663151378E-14,-1.E0,0.E0));
#2270=VECTOR('',#2269,8.500000000309E-2);
#2271=CARTESIAN_POINT('',(1.8675E1,2.2E0,-1.E0));
#2272=LINE('48803',#2271,#2270);
#2273=DIRECTION('',(-1.E0,0.E0,0.E0));
#2274=VECTOR('',#2273,7.5E-1);
#2275=CARTESIAN_POINT('',(1.8675E1,1.8E0,-1.E0));
#2276=LINE('38428',#2275,#2274);
#2277=DIRECTION('',(4.179663151378E-14,-1.E0,0.E0));
#2278=VECTOR('',#2277,8.500000000309E-2);
#2279=CARTESIAN_POINT('',(1.7925E1,2.2E0,-1.E0));
#2280=LINE('48765',#2279,#2278);
#2281=DIRECTION('',(0.E0,-6.750019999360E-1,7.378158985020E-1));
#2282=VECTOR('',#2281,5.925908368240E-1);
#2283=CARTESIAN_POINT('',(1.7925E1,1.8E0,-1.987222940715E0));
#2284=LINE('48793',#2283,#2282);
#2285=DIRECTION('',(0.E0,7.926239891033E-1,6.097107608513E-1));
#2286=VECTOR('',#2285,5.046529066733E-1);
#2287=CARTESIAN_POINT('',(1.7925E1,1.4E0,-1.55E0));
#2288=LINE('48794',#2287,#2286);
#2289=DIRECTION('',(0.E0,7.926239891033E-1,6.097107608513E-1));
#2290=VECTOR('',#2289,1.072387426720E-1);
#2291=CARTESIAN_POINT('',(1.7925E1,2.114999999997E0,-1.E0));
#2292=LINE('48795',#2291,#2290);
#2293=DIRECTION('',(1.E0,0.E0,0.E0));
#2294=VECTOR('',#2293,2.5E-1);
#2295=CARTESIAN_POINT('',(1.7675E1,1.4E0,-1.55E0));
#2296=LINE('48762',#2295,#2294);
#2297=DIRECTION('',(0.E0,7.926239891033E-1,6.097107608513E-1));
#2298=VECTOR('',#2297,5.046529066733E-1);
#2299=CARTESIAN_POINT('',(1.7675E1,1.4E0,-1.55E0));
#2300=LINE('48791',#2299,#2298);
#2301=DIRECTION('',(0.E0,-6.750019999360E-1,7.378158985020E-1));
#2302=VECTOR('',#2301,5.925908368240E-1);
#2303=CARTESIAN_POINT('',(1.7675E1,1.8E0,-1.987222940715E0));
#2304=LINE('48790',#2303,#2302);
#2305=DIRECTION('',(0.E0,7.926239891033E-1,6.097107608513E-1));
#2306=VECTOR('',#2305,1.072387426720E-1);
#2307=CARTESIAN_POINT('',(1.7675E1,2.114999999997E0,-1.E0));
#2308=LINE('48792',#2307,#2306);
#2309=DIRECTION('',(1.E0,0.E0,0.E0));
#2310=VECTOR('',#2309,2.5E-1);
#2311=CARTESIAN_POINT('',(1.7675E1,2.31E0,-8.499999999970E-1));
#2312=LINE('48775',#2311,#2310);
#2313=DIRECTION('',(1.086712419402E-13,-1.489004997738E-13,1.E0));
#2314=VECTOR('',#2313,8.499999999970E-1);
#2315=CARTESIAN_POINT('',(1.7675E1,2.31E0,-8.499999999970E-1));
#2316=LINE('48782',#2315,#2314);
#2317=DIRECTION('',(1.E0,0.E0,0.E0));
#2318=VECTOR('',#2317,2.499999999998E-1);
#2319=CARTESIAN_POINT('',(1.7675E1,2.31E0,0.E0));
#2320=LINE('38763',#2319,#2318);
#2321=DIRECTION('',(1.170305682433E-13,1.483780418798E-13,-1.E0));
#2322=VECTOR('',#2321,8.499999999970E-1);
#2323=CARTESIAN_POINT('',(1.7925E1,2.31E0,0.E0));
#2324=LINE('48781',#2323,#2322);
#2325=DIRECTION('',(5.433562096768E-14,0.E0,1.E0));
#2326=VECTOR('',#2325,6.538461538728E-2);
#2327=CARTESIAN_POINT('',(1.8675E1,2.2E0,-1.E0));
#2328=LINE('48805',#2327,#2326);
#2329=DIRECTION('',(-1.E0,0.E0,0.E0));
#2330=VECTOR('',#2329,7.5E-1);
#2331=CARTESIAN_POINT('',(1.8675E1,2.2E0,-1.E0));
#2332=LINE('48823',#2331,#2330);
#2333=DIRECTION('',(5.433562096768E-14,0.E0,1.E0));
#2334=VECTOR('',#2333,6.538461538728E-2);
#2335=CARTESIAN_POINT('',(1.7925E1,2.2E0,-1.E0));
#2336=LINE('48767',#2335,#2334);
#2337=DIRECTION('',(1.E0,0.E0,0.E0));
#2338=VECTOR('',#2337,7.5E-1);
#2339=CARTESIAN_POINT('',(1.7925E1,2.2E0,0.E0));
#2340=LINE('38765',#2339,#2338);
#2341=DIRECTION('',(1.E0,0.E0,0.E0));
#2342=VECTOR('',#2341,2.5E-1);
#2343=CARTESIAN_POINT('',(1.8675E1,2.31E0,-8.499999999970E-1));
#2344=LINE('48809',#2343,#2342);
#2345=DIRECTION('',(1.086712419402E-13,-1.489004997738E-13,1.E0));
#2346=VECTOR('',#2345,8.499999999970E-1);
#2347=CARTESIAN_POINT('',(1.8675E1,2.31E0,-8.499999999970E-1));
#2348=LINE('48816',#2347,#2346);
#2349=DIRECTION('',(1.E0,0.E0,0.E0));
#2350=VECTOR('',#2349,2.499999999998E-1);
#2351=CARTESIAN_POINT('',(1.8675E1,2.31E0,0.E0));
#2352=LINE('38767',#2351,#2350);
#2353=DIRECTION('',(1.170305682433E-13,1.483780418798E-13,-1.E0));
#2354=VECTOR('',#2353,8.499999999970E-1);
#2355=CARTESIAN_POINT('',(1.8925E1,2.31E0,0.E0));
#2356=LINE('48815',#2355,#2354);
#2357=DIRECTION('',(1.E0,0.E0,0.E0));
#2358=VECTOR('',#2357,2.499999999996E-1);
#2359=CARTESIAN_POINT('',(1.7675E1,1.681230542820E0,-4.85E0));
#2360=LINE('38844',#2359,#2358);
#2361=DIRECTION('',(5.210646728908E-14,1.511383610856E-13,1.E0));
#2362=VECTOR('',#2361,1.5E0);
#2363=CARTESIAN_POINT('',(1.7925E1,1.681230542820E0,-4.85E0));
#2364=LINE('38841',#2363,#2362);
#2365=DIRECTION('',(-1.E0,0.E0,0.E0));
#2366=VECTOR('',#2365,2.499999999998E-1);
#2367=CARTESIAN_POINT('',(1.7925E1,1.681230542820E0,-3.35E0));
#2368=LINE('38379',#2367,#2366);
#2369=DIRECTION('',(5.921189464668E-14,-1.514344205589E-13,-1.E0));
#2370=VECTOR('',#2369,1.5E0);
#2371=CARTESIAN_POINT('',(1.7675E1,1.681230542820E0,-3.35E0));
#2372=LINE('38847',#2371,#2370);
#2373=DIRECTION('',(-1.E0,0.E0,0.E0));
#2374=VECTOR('',#2373,2.5E-1);
#2375=CARTESIAN_POINT('',(1.7925E1,1.91E0,-2.107459249412E0));
#2376=LINE('48776',#2375,#2374);
#2377=DIRECTION('',(0.E0,0.E0,1.E0));
#2378=VECTOR('',#2377,2.742540750588E0);
#2379=CARTESIAN_POINT('',(1.7925E1,1.91E0,-4.85E0));
#2380=LINE('48787',#2379,#2378);
#2381=DIRECTION('',(-1.326346440112E-12,0.E0,-1.E0));
#2382=VECTOR('',#2381,1.499999999970E-1);
#2383=CARTESIAN_POINT('',(1.7675E1,1.91E0,-4.85E0));
#2384=LINE('39596',#2383,#2382);
#2385=DIRECTION('',(0.E0,0.E0,-1.E0));
#2386=VECTOR('',#2385,2.742540750588E0);
#2387=CARTESIAN_POINT('',(1.7675E1,1.91E0,-2.107459249412E0));
#2388=LINE('48788',#2387,#2386);
#2389=DIRECTION('',(3.315866100231E-13,-1.643130076454E-13,-1.E0));
#2390=VECTOR('',#2389,5.999999999970E-1);
#2391=CARTESIAN_POINT('',(1.7925E1,2.31E0,-4.85E0));
#2392=LINE('39601',#2391,#2390);
#2393=DIRECTION('',(-2.960594732331E-14,-1.E0,9.992007221618E-14));
#2394=VECTOR('',#2393,2.400000000002E-1);
#2395=CARTESIAN_POINT('',(1.7925E1,2.55E0,-5.449999999997E0));
#2396=LINE('38323',#2395,#2394);
#2397=DIRECTION('',(0.E0,1.414213562369E-1,-9.899494936612E-1));
#2398=VECTOR('',#2397,1.060660171783E0);
#2399=CARTESIAN_POINT('',(1.7925E1,2.55E0,-5.449999999997E0));
#2400=LINE('38321',#2399,#2398);
#2401=DIRECTION('',(-2.368475785865E-14,1.E0,-7.105427357596E-13));
#2402=VECTOR('',#2401,3.000000000002E-1);
#2403=CARTESIAN_POINT('',(1.7925E1,2.4E0,-6.5E0));
#2404=LINE('38319',#2403,#2402);
#2405=DIRECTION('',(1.004859173553E-14,-1.414213562366E-1,9.899494936613E-1));
#2406=VECTOR('',#2405,7.071067811895E-1);
#2407=CARTESIAN_POINT('',(1.7925E1,2.4E0,-6.5E0));
#2408=LINE('38316',#2407,#2406);
#2409=DIRECTION('',(0.E0,1.E0,-1.253898945459E-14));
#2410=VECTOR('',#2409,1.7E0);
#2411=CARTESIAN_POINT('',(1.7925E1,6.E-1,-5.799999999997E0));
#2412=LINE('38330',#2411,#2410);
#2413=DIRECTION('',(2.019437249009E-13,0.E0,-1.E0));
#2414=VECTOR('',#2413,9.499999999970E-1);
#2415=CARTESIAN_POINT('',(1.7925E1,6.E-1,-4.85E0));
#2416=LINE('39609',#2415,#2414);
#2417=DIRECTION('',(-1.326346440112E-12,0.E0,1.E0));
#2418=VECTOR('',#2417,1.499999999970E-1);
#2419=CARTESIAN_POINT('',(1.7925E1,1.01E0,-4.999999999997E0));
#2420=LINE('39606',#2419,#2418);
#2421=DIRECTION('',(0.E0,-1.E0,0.E0));
#2422=VECTOR('',#2421,9.E-1);
#2423=CARTESIAN_POINT('',(1.7925E1,1.91E0,-4.999999999997E0));
#2424=LINE('38327',#2423,#2422);
#2425=DIRECTION('',(1.255292166535E-12,0.E0,-1.E0));
#2426=VECTOR('',#2425,1.499999999970E-1);
#2427=CARTESIAN_POINT('',(1.7925E1,1.91E0,-4.85E0));
#2428=LINE('39605',#2427,#2426);
#2429=DIRECTION('',(-1.691768418476E-14,-1.E0,0.E0));
#2430=VECTOR('',#2429,2.1E-1);
#2431=CARTESIAN_POINT('',(1.7925E1,1.01E0,-3.E0));
#2432=LINE('40294',#2431,#2430);
#2433=DIRECTION('',(1.015061051086E-14,0.E0,1.E0));
#2434=VECTOR('',#2433,3.5E-1);
#2435=CARTESIAN_POINT('',(1.7925E1,1.01E0,-3.35E0));
#2436=LINE('40509',#2435,#2434);
#2437=DIRECTION('',(-7.105427357305E-14,-1.E0,2.083222483320E-11));
#2438=VECTOR('',#2437,5.000000000208E-2);
#2439=CARTESIAN_POINT('',(1.7925E1,7.499999999993E-1,-1.449999999998E0));
#2440=LINE('41898',#2439,#2438);
#2441=DIRECTION('',(5.024295867672E-14,-7.071067811800E-1,7.071067811931E-1));
#2442=VECTOR('',#2441,7.071067812029E-2);
#2443=CARTESIAN_POINT('',(1.7925E1,8.E-1,-1.5E0));
#2444=LINE('41621',#2443,#2442);
#2445=DIRECTION('',(0.E0,0.E0,-1.E0));
#2446=VECTOR('',#2445,1.5E0);
#2447=CARTESIAN_POINT('',(1.7925E1,8.E-1,-1.5E0));
#2448=LINE('41543',#2447,#2446);
#2449=DIRECTION('',(-3.197442310937E-13,-1.643130076454E-13,-1.E0));
#2450=VECTOR('',#2449,5.999999999970E-1);
#2451=CARTESIAN_POINT('',(1.7675E1,2.31E0,-4.85E0));
#2452=LINE('39593',#2451,#2450);
#2453=DIRECTION('',(-1.E0,0.E0,0.E0));
#2454=VECTOR('',#2453,2.500000000004E-1);
#2455=CARTESIAN_POINT('',(1.7925E1,2.31E0,-5.449999999997E0));
#2456=LINE('38322',#2455,#2454);
#2457=DIRECTION('',(0.E0,-1.414213562366E-1,9.899494936613E-1));
#2458=VECTOR('',#2457,7.071067811895E-1);
#2459=CARTESIAN_POINT('',(1.7675E1,2.4E0,-6.5E0));
#2460=LINE('38309',#2459,#2458);
#2461=DIRECTION('',(0.E0,1.414213562369E-1,-9.899494936612E-1));
#2462=VECTOR('',#2461,1.060660171783E0);
#2463=CARTESIAN_POINT('',(1.7675E1,2.55E0,-5.449999999997E0));
#2464=LINE('38311',#2463,#2462);
#2465=DIRECTION('',(-1.691768418476E-14,-1.E0,0.E0));
#2466=VECTOR('',#2465,2.1E-1);
#2467=CARTESIAN_POINT('',(1.7675E1,1.01E0,-3.E0));
#2468=LINE('40292',#2467,#2466);
#2469=DIRECTION('',(0.E0,0.E0,-1.E0));
#2470=VECTOR('',#2469,1.5E0);
#2471=CARTESIAN_POINT('',(1.7675E1,8.E-1,-1.5E0));
#2472=LINE('48950',#2471,#2470);
#2473=DIRECTION('',(5.024295867672E-14,-7.071067811800E-1,7.071067811931E-1));
#2474=VECTOR('',#2473,7.071067812029E-2);
#2475=CARTESIAN_POINT('',(1.7675E1,8.E-1,-1.5E0));
#2476=LINE('41620',#2475,#2474);
#2477=DIRECTION('',(0.E0,-1.E0,0.E0));
#2478=VECTOR('',#2477,9.E-1);
#2479=CARTESIAN_POINT('',(1.7675E1,1.91E0,-4.999999999997E0));
#2480=LINE('38313',#2479,#2478);
#2481=DIRECTION('',(-1.E0,0.E0,0.E0));
#2482=VECTOR('',#2481,2.500000000004E-1);
#2483=CARTESIAN_POINT('',(1.7925E1,1.91E0,-4.999999999997E0));
#2484=LINE('38325',#2483,#2482);
#2485=DIRECTION('',(1.278976924394E-12,0.E0,1.E0));
#2486=VECTOR('',#2485,1.499999999970E-1);
#2487=CARTESIAN_POINT('',(1.7675E1,1.01E0,-4.999999999997E0));
#2488=LINE('39597',#2487,#2486);
#2489=DIRECTION('',(-1.E0,0.E0,0.E0));
#2490=VECTOR('',#2489,2.500000000004E-1);
#2491=CARTESIAN_POINT('',(1.7925E1,1.01E0,-4.999999999997E0));
#2492=LINE('38326',#2491,#2490);
#2493=DIRECTION('',(1.015061051086E-14,0.E0,1.E0));
#2494=VECTOR('',#2493,3.5E-1);
#2495=CARTESIAN_POINT('',(1.7675E1,1.01E0,-3.35E0));
#2496=LINE('40508',#2495,#2494);
#2497=DIRECTION('',(0.E0,0.E0,-1.E0));
#2498=VECTOR('',#2497,1.550000000003E0);
#2499=CARTESIAN_POINT('',(1.7925E1,1.01E0,-1.449999999997E0));
#2500=LINE('42218',#2499,#2498);
#2501=DIRECTION('',(1.E0,0.E0,0.E0));
#2502=VECTOR('',#2501,2.5E-1);
#2503=CARTESIAN_POINT('',(1.7675E1,1.01E0,-1.449999999997E0));
#2504=LINE('42217',#2503,#2502);
#2505=DIRECTION('',(0.E0,0.E0,-1.E0));
#2506=VECTOR('',#2505,1.550000000003E0);
#2507=CARTESIAN_POINT('',(1.7675E1,1.01E0,-1.449999999997E0));
#2508=LINE('42216',#2507,#2506);
#2509=DIRECTION('',(7.105427357601E-14,-1.E0,0.E0));
#2510=VECTOR('',#2509,5.E-2);
#2511=CARTESIAN_POINT('',(1.7925E1,1.06E0,-3.E0));
#2512=LINE('42371',#2511,#2510);
#2513=DIRECTION('',(1.283561071048E-13,0.E0,1.E0));
#2514=VECTOR('',#2513,1.550000000003E0);
#2515=CARTESIAN_POINT('',(1.7925E1,1.06E0,-3.E0));
#2516=LINE('37471',#2515,#2514);
#2517=DIRECTION('',(-3.836930773105E-12,-1.E0,-6.661338147751E-13));
#2518=VECTOR('',#2517,5.E-2);
#2519=CARTESIAN_POINT('',(1.7925E1,1.06E0,-1.449999999997E0));
#2520=LINE('42395',#2519,#2518);
#2521=DIRECTION('',(1.E0,0.E0,0.E0));
#2522=VECTOR('',#2521,2.5E-1);
#2523=CARTESIAN_POINT('',(1.7675E1,1.06E0,-3.E0));
#2524=LINE('37327',#2523,#2522);
#2525=DIRECTION('',(-1.237719604225E-13,0.E0,1.E0));
#2526=VECTOR('',#2525,1.550000000003E0);
#2527=CARTESIAN_POINT('',(1.7675E1,1.06E0,-3.E0));
#2528=LINE('37469',#2527,#2526);
#2529=DIRECTION('',(7.105427357601E-14,-1.E0,0.E0));
#2530=VECTOR('',#2529,5.E-2);
#2531=CARTESIAN_POINT('',(1.7675E1,1.06E0,-3.E0));
#2532=LINE('42370',#2531,#2530);
#2533=DIRECTION('',(-1.E0,0.E0,0.E0));
#2534=VECTOR('',#2533,2.500000000004E-1);
#2535=CARTESIAN_POINT('',(1.7925E1,1.06E0,-1.449999999997E0));
#2536=LINE('37147',#2535,#2534);
#2537=DIRECTION('',(3.836930773105E-12,-1.E0,-6.661338147751E-13));
#2538=VECTOR('',#2537,5.E-2);
#2539=CARTESIAN_POINT('',(1.7675E1,1.06E0,-1.449999999997E0));
#2540=LINE('42394',#2539,#2538);
#2541=DIRECTION('',(-2.019437249009E-13,0.E0,-1.E0));
#2542=VECTOR('',#2541,9.499999999970E-1);
#2543=CARTESIAN_POINT('',(1.7675E1,6.E-1,-4.85E0));
#2544=LINE('39600',#2543,#2542);
#2545=DIRECTION('',(0.E0,1.E0,-1.253898945459E-14));
#2546=VECTOR('',#2545,1.7E0);
#2547=CARTESIAN_POINT('',(1.7675E1,6.E-1,-5.799999999997E0));
#2548=LINE('38314',#2547,#2546);
#2549=DIRECTION('',(-1.E0,0.E0,0.E0));
#2550=VECTOR('',#2549,2.500000000004E-1);
#2551=CARTESIAN_POINT('',(1.7925E1,6.E-1,-5.799999999997E0));
#2552=LINE('38329',#2551,#2550);
#2553=DIRECTION('',(1.E0,0.E0,0.E0));
#2554=VECTOR('',#2553,2.500000000004E-1);
#2555=CARTESIAN_POINT('',(1.7675E1,2.3E0,-5.799999999997E0));
#2556=LINE('38317',#2555,#2554);
#2557=DIRECTION('',(0.E0,1.E0,-7.105427357596E-13));
#2558=VECTOR('',#2557,3.000000000002E-1);
#2559=CARTESIAN_POINT('',(1.7675E1,2.4E0,-6.5E0));
#2560=LINE('38310',#2559,#2558);
#2561=DIRECTION('',(-1.E0,0.E0,0.E0));
#2562=VECTOR('',#2561,2.500000000004E-1);
#2563=CARTESIAN_POINT('',(1.7925E1,2.4E0,-6.5E0));
#2564=LINE('38315',#2563,#2562);
#2565=DIRECTION('',(-1.E0,0.E0,0.E0));
#2566=VECTOR('',#2565,2.500000000004E-1);
#2567=CARTESIAN_POINT('',(1.7925E1,2.7E0,-6.5E0));
#2568=LINE('38318',#2567,#2566);
#2569=DIRECTION('',(0.E0,-1.E0,9.992007221618E-14));
#2570=VECTOR('',#2569,2.400000000002E-1);
#2571=CARTESIAN_POINT('',(1.7675E1,2.55E0,-5.449999999997E0));
#2572=LINE('38312',#2571,#2570);
#2573=DIRECTION('',(-1.E0,0.E0,0.E0));
#2574=VECTOR('',#2573,2.500000000004E-1);
#2575=CARTESIAN_POINT('',(1.7925E1,2.55E0,-5.449999999997E0));
#2576=LINE('38320',#2575,#2574);
#2577=DIRECTION('',(-7.105427357305E-14,-1.E0,2.083222483320E-11));
#2578=VECTOR('',#2577,5.000000000208E-2);
#2579=CARTESIAN_POINT('',(1.7675E1,7.499999999993E-1,-1.449999999998E0));
#2580=LINE('41897',#2579,#2578);
#2581=DIRECTION('',(1.E0,0.E0,0.E0));
#2582=VECTOR('',#2581,2.5E-1);
#2583=CARTESIAN_POINT('',(1.7675E1,7.499999999993E-1,-1.449999999998E0));
#2584=LINE('42219',#2583,#2582);
#2585=DIRECTION('',(0.E0,0.E0,-1.E0));
#2586=VECTOR('',#2585,1.85E0);
#2587=CARTESIAN_POINT('',(1.8675E1,7.5E-1,-1.5E0));
#2588=LINE('39639',#2587,#2586);
#2589=DIRECTION('',(-1.E0,0.E0,0.E0));
#2590=VECTOR('',#2589,7.5E-1);
#2591=CARTESIAN_POINT('',(1.8675E1,7.5E-1,-1.5E0));
#2592=LINE('39669',#2591,#2590);
#2593=DIRECTION('',(0.E0,0.E0,-1.E0));
#2594=VECTOR('',#2593,1.85E0);
#2595=CARTESIAN_POINT('',(1.7925E1,7.5E-1,-1.5E0));
#2596=LINE('39577',#2595,#2594);
#2597=DIRECTION('',(1.E0,0.E0,0.E0));
#2598=VECTOR('',#2597,7.5E-1);
#2599=CARTESIAN_POINT('',(1.7925E1,7.5E-1,-3.35E0));
#2600=LINE('39670',#2599,#2598);
#2601=DIRECTION('',(0.E0,-1.414213562366E-1,9.899494936613E-1));
#2602=VECTOR('',#2601,7.071067811895E-1);
#2603=CARTESIAN_POINT('',(1.8675E1,2.4E0,-6.5E0));
#2604=LINE('38331',#2603,#2602);
#2605=DIRECTION('',(0.E0,1.414213562369E-1,-9.899494936612E-1));
#2606=VECTOR('',#2605,1.060660171783E0);
#2607=CARTESIAN_POINT('',(1.8675E1,2.55E0,-5.449999999997E0));
#2608=LINE('38333',#2607,#2606);
#2609=DIRECTION('',(-1.691768418476E-14,-1.E0,0.E0));
#2610=VECTOR('',#2609,2.1E-1);
#2611=CARTESIAN_POINT('',(1.8675E1,1.01E0,-3.E0));
#2612=LINE('40295',#2611,#2610);
#2613=DIRECTION('',(0.E0,0.E0,-1.E0));
#2614=VECTOR('',#2613,1.5E0);
#2615=CARTESIAN_POINT('',(1.8675E1,8.E-1,-1.5E0));
#2616=LINE('41544',#2615,#2614);
#2617=DIRECTION('',(5.024295867672E-14,-7.071067811800E-1,7.071067811931E-1));
#2618=VECTOR('',#2617,7.071067812029E-2);
#2619=CARTESIAN_POINT('',(1.8675E1,8.E-1,-1.5E0));
#2620=LINE('41622',#2619,#2618);
#2621=DIRECTION('',(0.E0,-1.E0,0.E0));
#2622=VECTOR('',#2621,9.E-1);
#2623=CARTESIAN_POINT('',(1.8675E1,1.91E0,-4.999999999997E0));
#2624=LINE('38335',#2623,#2622);
#2625=DIRECTION('',(-1.E0,0.E0,0.E0));
#2626=VECTOR('',#2625,2.500000000004E-1);
#2627=CARTESIAN_POINT('',(1.8925E1,1.91E0,-4.999999999997E0));
#2628=LINE('38347',#2627,#2626);
#2629=DIRECTION('',(1.326346440112E-12,0.E0,1.E0));
#2630=VECTOR('',#2629,1.499999999970E-1);
#2631=CARTESIAN_POINT('',(1.8675E1,1.01E0,-4.999999999997E0));
#2632=LINE('39648',#2631,#2630);
#2633=DIRECTION('',(-1.E0,0.E0,0.E0));
#2634=VECTOR('',#2633,2.500000000004E-1);
#2635=CARTESIAN_POINT('',(1.8925E1,1.01E0,-4.999999999997E0));
#2636=LINE('38348',#2635,#2634);
#2637=DIRECTION('',(0.E0,0.E0,1.E0));
#2638=VECTOR('',#2637,3.5E-1);
#2639=CARTESIAN_POINT('',(1.8675E1,1.01E0,-3.35E0));
#2640=LINE('40512',#2639,#2638);
#2641=DIRECTION('',(0.E0,0.E0,-1.E0));
#2642=VECTOR('',#2641,1.550000000003E0);
#2643=CARTESIAN_POINT('',(1.8925E1,1.01E0,-1.449999999997E0));
#2644=LINE('42222',#2643,#2642);
#2645=DIRECTION('',(1.E0,0.E0,0.E0));
#2646=VECTOR('',#2645,2.5E-1);
#2647=CARTESIAN_POINT('',(1.8675E1,1.01E0,-1.449999999997E0));
#2648=LINE('42221',#2647,#2646);
#2649=DIRECTION('',(0.E0,0.E0,-1.E0));
#2650=VECTOR('',#2649,1.550000000003E0);
#2651=CARTESIAN_POINT('',(1.8675E1,1.01E0,-1.449999999997E0));
#2652=LINE('42220',#2651,#2650);
#2653=DIRECTION('',(-7.105427357601E-14,-1.E0,0.E0));
#2654=VECTOR('',#2653,5.E-2);
#2655=CARTESIAN_POINT('',(1.8925E1,1.06E0,-3.E0));
#2656=LINE('42373',#2655,#2654);
#2657=DIRECTION('',(1.260640337636E-13,0.E0,1.E0));
#2658=VECTOR('',#2657,1.550000000003E0);
#2659=CARTESIAN_POINT('',(1.8925E1,1.06E0,-3.E0));
#2660=LINE('37479',#2659,#2658);
#2661=DIRECTION('',(-3.836930773105E-12,-1.E0,-6.661338147751E-13));
#2662=VECTOR('',#2661,5.E-2);
#2663=CARTESIAN_POINT('',(1.8925E1,1.06E0,-1.449999999997E0));
#2664=LINE('42397',#2663,#2662);
#2665=DIRECTION('',(1.E0,0.E0,0.E0));
#2666=VECTOR('',#2665,2.5E-1);
#2667=CARTESIAN_POINT('',(1.8675E1,1.06E0,-3.E0));
#2668=LINE('37330',#2667,#2666);
#2669=DIRECTION('',(-1.237719604225E-13,0.E0,1.E0));
#2670=VECTOR('',#2669,1.550000000003E0);
#2671=CARTESIAN_POINT('',(1.8675E1,1.06E0,-3.E0));
#2672=LINE('37477',#2671,#2670);
#2673=DIRECTION('',(7.105427357601E-14,-1.E0,0.E0));
#2674=VECTOR('',#2673,5.E-2);
#2675=CARTESIAN_POINT('',(1.8675E1,1.06E0,-3.E0));
#2676=LINE('42372',#2675,#2674);
#2677=DIRECTION('',(-1.E0,0.E0,0.E0));
#2678=VECTOR('',#2677,2.500000000004E-1);
#2679=CARTESIAN_POINT('',(1.8925E1,1.06E0,-1.449999999997E0));
#2680=LINE('37148',#2679,#2678);
#2681=DIRECTION('',(3.907985046681E-12,-1.E0,-6.661338147751E-13));
#2682=VECTOR('',#2681,5.E-2);
#2683=CARTESIAN_POINT('',(1.8675E1,1.06E0,-1.449999999997E0));
#2684=LINE('42396',#2683,#2682);
#2685=DIRECTION('',(-2.131628207287E-13,0.E0,-1.E0));
#2686=VECTOR('',#2685,9.499999999970E-1);
#2687=CARTESIAN_POINT('',(1.8675E1,6.E-1,-4.85E0));
#2688=LINE('39651',#2687,#2686);
#2689=DIRECTION('',(0.E0,1.E0,-1.253898945459E-14));
#2690=VECTOR('',#2689,1.7E0);
#2691=CARTESIAN_POINT('',(1.8675E1,6.E-1,-5.799999999997E0));
#2692=LINE('38336',#2691,#2690);
#2693=DIRECTION('',(-1.E0,0.E0,0.E0));
#2694=VECTOR('',#2693,2.500000000004E-1);
#2695=CARTESIAN_POINT('',(1.8925E1,6.E-1,-5.799999999997E0));
#2696=LINE('38351',#2695,#2694);
#2697=DIRECTION('',(1.E0,0.E0,0.E0));
#2698=VECTOR('',#2697,2.500000000004E-1);
#2699=CARTESIAN_POINT('',(1.8675E1,2.3E0,-5.799999999997E0));
#2700=LINE('38339',#2699,#2698);
#2701=DIRECTION('',(0.E0,1.E0,-7.105427357596E-13));
#2702=VECTOR('',#2701,3.000000000002E-1);
#2703=CARTESIAN_POINT('',(1.8675E1,2.4E0,-6.5E0));
#2704=LINE('38332',#2703,#2702);
#2705=DIRECTION('',(-1.E0,0.E0,0.E0));
#2706=VECTOR('',#2705,2.500000000004E-1);
#2707=CARTESIAN_POINT('',(1.8925E1,2.4E0,-6.5E0));
#2708=LINE('38337',#2707,#2706);
#2709=DIRECTION('',(-1.E0,0.E0,0.E0));
#2710=VECTOR('',#2709,2.500000000004E-1);
#2711=CARTESIAN_POINT('',(1.8925E1,2.7E0,-6.5E0));
#2712=LINE('38340',#2711,#2710);
#2713=DIRECTION('',(0.E0,-1.E0,9.992007221618E-14));
#2714=VECTOR('',#2713,2.400000000002E-1);
#2715=CARTESIAN_POINT('',(1.8675E1,2.55E0,-5.449999999997E0));
#2716=LINE('38334',#2715,#2714);
#2717=DIRECTION('',(-1.E0,0.E0,0.E0));
#2718=VECTOR('',#2717,2.500000000004E-1);
#2719=CARTESIAN_POINT('',(1.8925E1,2.55E0,-5.449999999997E0));
#2720=LINE('38342',#2719,#2718);
#2721=DIRECTION('',(-3.315866100231E-13,-1.643130076454E-13,-1.E0));
#2722=VECTOR('',#2721,5.999999999970E-1);
#2723=CARTESIAN_POINT('',(1.8675E1,2.31E0,-4.85E0));
#2724=LINE('39644',#2723,#2722);
#2725=DIRECTION('',(-1.E0,0.E0,0.E0));
#2726=VECTOR('',#2725,2.500000000004E-1);
#2727=CARTESIAN_POINT('',(1.8925E1,2.31E0,-5.449999999997E0));
#2728=LINE('38344',#2727,#2726);
#2729=DIRECTION('',(-1.E0,0.E0,0.E0));
#2730=VECTOR('',#2729,7.5E-1);
#2731=CARTESIAN_POINT('',(1.8675E1,8.E-1,-1.5E0));
#2732=LINE('41781',#2731,#2730);
#2733=DIRECTION('',(-1.E0,0.E0,0.E0));
#2734=VECTOR('',#2733,7.5E-1);
#2735=CARTESIAN_POINT('',(1.8675E1,8.E-1,-3.E0));
#2736=LINE('42336',#2735,#2734);
#2737=DIRECTION('',(0.E0,-1.E0,2.083222483320E-11));
#2738=VECTOR('',#2737,5.000000000208E-2);
#2739=CARTESIAN_POINT('',(1.8675E1,7.499999999993E-1,-1.449999999998E0));
#2740=LINE('41901',#2739,#2738);
#2741=DIRECTION('',(1.E0,0.E0,0.E0));
#2742=VECTOR('',#2741,2.5E-1);
#2743=CARTESIAN_POINT('',(1.8675E1,7.499999999993E-1,-1.449999999998E0));
#2744=LINE('42223',#2743,#2742);
#2745=DIRECTION('',(0.E0,0.E0,-1.E0));
#2746=VECTOR('',#2745,1.85E0);
#2747=CARTESIAN_POINT('',(1.9675E1,7.5E-1,-1.5E0));
#2748=LINE('39680',#2747,#2746);
#2749=DIRECTION('',(-1.E0,0.E0,0.E0));
#2750=VECTOR('',#2749,7.5E-1);
#2751=CARTESIAN_POINT('',(1.9675E1,7.5E-1,-1.5E0));
#2752=LINE('39722',#2751,#2750);
#2753=DIRECTION('',(0.E0,0.E0,-1.E0));
#2754=VECTOR('',#2753,1.85E0);
#2755=CARTESIAN_POINT('',(1.8925E1,7.5E-1,-1.5E0));
#2756=LINE('39638',#2755,#2754);
#2757=DIRECTION('',(1.E0,0.E0,0.E0));
#2758=VECTOR('',#2757,7.5E-1);
#2759=CARTESIAN_POINT('',(1.8925E1,7.5E-1,-3.35E0));
#2760=LINE('39723',#2759,#2758);
#2761=DIRECTION('',(-1.E0,0.E0,0.E0));
#2762=VECTOR('',#2761,7.5E-1);
#2763=CARTESIAN_POINT('',(1.9675E1,8.E-1,-1.5E0));
#2764=LINE('41783',#2763,#2762);
#2765=DIRECTION('',(-1.E0,0.E0,0.E0));
#2766=VECTOR('',#2765,7.5E-1);
#2767=CARTESIAN_POINT('',(1.9675E1,8.E-1,-3.E0));
#2768=LINE('42335',#2767,#2766);
#2769=DIRECTION('',(1.E0,0.E0,0.E0));
#2770=VECTOR('',#2769,2.5E-1);
#2771=CARTESIAN_POINT('',(1.9675E1,2.31E0,-8.499999999970E-1));
#2772=LINE('48839',#2771,#2770);
#2773=DIRECTION('',(1.128509050917E-13,-1.489004997738E-13,1.E0));
#2774=VECTOR('',#2773,8.499999999970E-1);
#2775=CARTESIAN_POINT('',(1.9675E1,2.31E0,-8.499999999970E-1));
#2776=LINE('48851',#2775,#2774);
#2777=DIRECTION('',(1.170305682433E-13,1.483780418798E-13,-1.E0));
#2778=VECTOR('',#2777,8.499999999970E-1);
#2779=CARTESIAN_POINT('',(1.9925E1,2.31E0,0.E0));
#2780=LINE('48850',#2779,#2778);
#2781=DIRECTION('',(4.179663151378E-14,-1.E0,0.E0));
#2782=VECTOR('',#2781,8.500000000309E-2);
#2783=CARTESIAN_POINT('',(1.9925E1,2.2E0,-1.E0));
#2784=LINE('48840',#2783,#2782);
#2785=DIRECTION('',(-1.E0,-1.819496934071E-13,1.662162471153E-14));
#2786=VECTOR('',#2785,8.75E-1);
#2787=CARTESIAN_POINT('',(2.08E1,1.8E0,-1.E0));
#2788=LINE('38443',#2787,#2786);
#2789=DIRECTION('',(1.127845612329E-14,1.E0,-4.617117975472E-14));
#2790=VECTOR('',#2789,3.149999999968E-1);
#2791=CARTESIAN_POINT('',(1.9925E1,1.8E0,-1.E0));
#2792=LINE('48846',#2791,#2790);
#2793=DIRECTION('',(5.433562096768E-14,0.E0,1.E0));
#2794=VECTOR('',#2793,6.538461538728E-2);
#2795=CARTESIAN_POINT('',(1.9925E1,2.2E0,-1.E0));
#2796=LINE('48842',#2795,#2794);
#2797=DIRECTION('',(0.E0,-1.154631945613E-13,1.E0));
#2798=VECTOR('',#2797,9.346153846127E-1);
#2799=CARTESIAN_POINT('',(1.9925E1,2.2E0,-9.346153846127E-1));
#2800=LINE('48845',#2799,#2798);
#2801=DIRECTION('',(1.E0,9.237055564881E-14,0.E0));
#2802=VECTOR('',#2801,8.75E-1);
#2803=CARTESIAN_POINT('',(1.9925E1,2.2E0,0.E0));
#2804=LINE('38769',#2803,#2802);
#2805=DIRECTION('',(0.E0,-1.008082506360E-13,-1.E0));
#2806=VECTOR('',#2805,1.E0);
#2807=CARTESIAN_POINT('',(2.08E1,2.2E0,0.E0));
#2808=LINE('38814',#2807,#2806);
#2809=DIRECTION('',(-1.E0,1.461687913564E-13,0.E0));
#2810=VECTOR('',#2809,8.75E-1);
#2811=CARTESIAN_POINT('',(2.08E1,2.2E0,-1.E0));
#2812=LINE('48849',#2811,#2810);
#2813=DIRECTION('',(0.E0,-1.E0,0.E0));
#2814=VECTOR('',#2813,6.499999999998E-1);
#2815=CARTESIAN_POINT('',(2.08E1,2.45E0,-1.2E0));
#2816=LINE('38357',#2815,#2814);
#2817=DIRECTION('',(0.E0,5.528910662633E-13,1.E0));
#2818=VECTOR('',#2817,2.E-1);
#2819=CARTESIAN_POINT('',(2.08E1,1.8E0,-1.2E0));
#2820=LINE('38444',#2819,#2818);
#2821=DIRECTION('',(0.E0,1.E0,0.E0));
#2822=VECTOR('',#2821,3.999999999996E-1);
#2823=CARTESIAN_POINT('',(2.08E1,1.8E0,-1.E0));
#2824=LINE('38773',#2823,#2822);
#2825=DIRECTION('',(1.421085471521E-14,1.E0,0.E0));
#2826=VECTOR('',#2825,2.499999999999E-1);
#2827=CARTESIAN_POINT('',(2.08E1,2.2E0,0.E0));
#2828=LINE('38770',#2827,#2826);
#2829=DIRECTION('',(0.E0,0.E0,-1.E0));
#2830=VECTOR('',#2829,1.2E0);
#2831=CARTESIAN_POINT('',(2.08E1,2.45E0,0.E0));
#2832=LINE('38683',#2831,#2830);
#2833=DIRECTION('',(0.E0,0.E0,1.E0));
#2834=VECTOR('',#2833,2.4E0);
#2835=CARTESIAN_POINT('',(2.0925E1,2.45E0,-4.1E0));
#2836=LINE('43135',#2835,#2834);
#2837=DIRECTION('',(-1.E0,0.E0,1.114260199261E-12));
#2838=VECTOR('',#2837,1.099999999999E-1);
#2839=CARTESIAN_POINT('',(2.1035E1,2.45E0,-4.1E0));
#2840=LINE('43140',#2839,#2838);
#2841=DIRECTION('',(1.855306032263E-13,0.E0,-1.E0));
#2842=VECTOR('',#2841,8.999999999999E-1);
#2843=CARTESIAN_POINT('',(2.1035E1,2.45E0,-4.1E0));
#2844=LINE('38678',#2843,#2842);
#2845=DIRECTION('',(-3.133774542038E-1,0.E0,9.496286491028E-1));
#2846=VECTOR('',#2845,5.265216044949E-1);
#2847=CARTESIAN_POINT('',(2.12E1,2.45E0,-5.5E0));
#2848=LINE('38665',#2847,#2846);
#2849=DIRECTION('',(1.E0,0.E0,-3.248195363474E-13));
#2850=VECTOR('',#2849,3.500000000001E-1);
#2851=CARTESIAN_POINT('',(2.12E1,2.45E0,-5.5E0));
#2852=LINE('38632',#2851,#2850);
#2853=DIRECTION('',(-7.071067811867E-1,0.E0,-7.071067811864E-1));
#2854=VECTOR('',#2853,9.192388155423E-1);
#2855=CARTESIAN_POINT('',(2.26E1,2.45E0,-4.E0));
#2856=LINE('38681',#2855,#2854);
#2857=DIRECTION('',(-1.E0,-6.513308411134E-14,0.E0));
#2858=VECTOR('',#2857,1.8E0);
#2859=CARTESIAN_POINT('',(2.26E1,2.45E0,-1.2E0));
#2860=LINE('38358',#2859,#2858);
#2861=DIRECTION('',(1.E0,-4.926876516827E-13,0.E0));
#2862=VECTOR('',#2861,2.65E-1);
#2863=CARTESIAN_POINT('',(2.03E1,2.45E0,-4.8E0));
#2864=LINE('43107',#2863,#2862);
#2865=DIRECTION('',(0.E0,0.E0,1.E0));
#2866=VECTOR('',#2865,7.E-1);
#2867=CARTESIAN_POINT('',(2.0565E1,2.45E0,-4.8E0));
#2868=LINE('43112',#2867,#2866);
#2869=DIRECTION('',(-1.E0,0.E0,0.E0));
#2870=VECTOR('',#2869,1.1E-1);
#2871=CARTESIAN_POINT('',(2.0675E1,2.45E0,-4.1E0));
#2872=LINE('43141',#2871,#2870);
#2873=DIRECTION('',(0.E0,0.E0,1.E0));
#2874=VECTOR('',#2873,2.4E0);
#2875=CARTESIAN_POINT('',(2.0675E1,2.45E0,-4.1E0));
#2876=LINE('43137',#2875,#2874);
#2877=DIRECTION('',(1.E0,0.E0,0.E0));
#2878=VECTOR('',#2877,2.5E-1);
#2879=CARTESIAN_POINT('',(2.0675E1,2.45E0,-1.7E0));
#2880=LINE('43136',#2879,#2878);
#2881=DIRECTION('',(0.E0,3.420201433257E-1,-9.396926207859E-1));
#2882=VECTOR('',#2881,3.724622203666E-1);
#2883=CARTESIAN_POINT('',(2.0925E1,2.572610418007E0,-1.7E0));
#2884=LINE('43522',#2883,#2882);
#2885=DIRECTION('',(0.E0,0.E0,1.E0));
#2886=VECTOR('',#2885,3.6E0);
#2887=CARTESIAN_POINT('',(2.0925E1,2.7E0,-5.65E0));
#2888=LINE('43524',#2887,#2886);
#2889=DIRECTION('',(0.E0,1.E0,0.E0));
#2890=VECTOR('',#2889,3.000000000001E-1);
#2891=CARTESIAN_POINT('',(2.0925E1,2.4E0,-5.65E0));
#2892=LINE('43102',#2891,#2890);
#2893=DIRECTION('',(0.E0,0.E0,-1.E0));
#2894=VECTOR('',#2893,1.5E-1);
#2895=CARTESIAN_POINT('',(2.0925E1,2.4E0,-5.5E0));
#2896=LINE('43101',#2895,#2894);
#2897=DIRECTION('',(0.E0,1.E0,0.E0));
#2898=VECTOR('',#2897,2.E0);
#2899=CARTESIAN_POINT('',(2.0925E1,4.E-1,-5.5E0));
#2900=LINE('43100',#2899,#2898);
#2901=DIRECTION('',(0.E0,0.E0,-1.E0));
#2902=VECTOR('',#2901,8.E-1);
#2903=CARTESIAN_POINT('',(2.0925E1,4.E-1,-4.7E0));
#2904=LINE('43106',#2903,#2902);
#2905=DIRECTION('',(0.E0,1.E0,0.E0));
#2906=VECTOR('',#2905,3.5E-1);
#2907=CARTESIAN_POINT('',(2.0925E1,4.999999999996E-2,-4.7E0));
#2908=LINE('43105',#2907,#2906);
#2909=DIRECTION('',(0.E0,0.E0,-1.E0));
#2910=VECTOR('',#2909,2.65E0);
#2911=CARTESIAN_POINT('',(2.0925E1,4.999999999996E-2,-2.05E0));
#2912=LINE('43516',#2911,#2910);
#2913=DIRECTION('',(0.E0,3.420201433257E-1,9.396926207859E-1));
#2914=VECTOR('',#2913,3.724622203666E-1);
#2915=CARTESIAN_POINT('',(2.0925E1,4.999999999996E-2,-2.05E0));
#2916=LINE('43514',#2915,#2914);
#2917=DIRECTION('',(0.E0,-1.E0,0.E0));
#2918=VECTOR('',#2917,7.261041800687E-2);
#2919=CARTESIAN_POINT('',(2.0925E1,2.5E-1,-1.7E0));
#2920=LINE('43518',#2919,#2918);
#2921=DIRECTION('',(0.E0,-1.E0,0.E0));
#2922=VECTOR('',#2921,1.226104180068E-1);
#2923=CARTESIAN_POINT('',(2.0925E1,2.572610418007E0,-1.7E0));
#2924=LINE('43526',#2923,#2922);
#2925=DIRECTION('',(0.E0,-3.420201433257E-1,9.396926207859E-1));
#2926=VECTOR('',#2925,3.724622203666E-1);
#2927=CARTESIAN_POINT('',(2.0675E1,2.7E0,-2.05E0));
#2928=LINE('43520',#2927,#2926);
#2929=DIRECTION('',(0.E0,-1.E0,0.E0));
#2930=VECTOR('',#2929,1.226104180068E-1);
#2931=CARTESIAN_POINT('',(2.0675E1,2.572610418007E0,-1.7E0));
#2932=LINE('43527',#2931,#2930);
#2933=DIRECTION('',(0.E0,-1.E0,0.E0));
#2934=VECTOR('',#2933,7.261041800687E-2);
#2935=CARTESIAN_POINT('',(2.0675E1,2.5E-1,-1.7E0));
#2936=LINE('43519',#2935,#2934);
#2937=DIRECTION('',(0.E0,-3.420201433257E-1,-9.396926207859E-1));
#2938=VECTOR('',#2937,3.724622203666E-1);
#2939=CARTESIAN_POINT('',(2.0675E1,1.773895819931E-1,-1.7E0));
#2940=LINE('43512',#2939,#2938);
#2941=DIRECTION('',(0.E0,0.E0,-1.E0));
#2942=VECTOR('',#2941,2.65E0);
#2943=CARTESIAN_POINT('',(2.0675E1,4.999999999996E-2,-2.05E0));
#2944=LINE('43517',#2943,#2942);
#2945=DIRECTION('',(0.E0,1.E0,0.E0));
#2946=VECTOR('',#2945,3.5E-1);
#2947=CARTESIAN_POINT('',(2.0675E1,4.999999999996E-2,-4.7E0));
#2948=LINE('43120',#2947,#2946);
#2949=DIRECTION('',(0.E0,0.E0,-1.E0));
#2950=VECTOR('',#2949,8.E-1);
#2951=CARTESIAN_POINT('',(2.0675E1,4.E-1,-4.7E0));
#2952=LINE('43121',#2951,#2950);
#2953=DIRECTION('',(0.E0,1.E0,0.E0));
#2954=VECTOR('',#2953,2.E0);
#2955=CARTESIAN_POINT('',(2.0675E1,4.E-1,-5.5E0));
#2956=LINE('43115',#2955,#2954);
#2957=DIRECTION('',(0.E0,0.E0,-1.E0));
#2958=VECTOR('',#2957,1.5E-1);
#2959=CARTESIAN_POINT('',(2.0675E1,2.4E0,-5.5E0));
#2960=LINE('43116',#2959,#2958);
#2961=DIRECTION('',(0.E0,1.E0,0.E0));
#2962=VECTOR('',#2961,3.000000000001E-1);
#2963=CARTESIAN_POINT('',(2.0675E1,2.4E0,-5.65E0));
#2964=LINE('43117',#2963,#2962);
#2965=DIRECTION('',(0.E0,0.E0,1.E0));
#2966=VECTOR('',#2965,3.6E0);
#2967=CARTESIAN_POINT('',(2.0675E1,2.7E0,-5.65E0));
#2968=LINE('43525',#2967,#2966);
#2969=DIRECTION('',(-1.E0,0.E0,0.E0));
#2970=VECTOR('',#2969,2.5E-1);
#2971=CARTESIAN_POINT('',(2.0925E1,2.572610418007E0,-1.7E0));
#2972=LINE('43521',#2971,#2970);
#2973=DIRECTION('',(0.E0,1.E0,0.E0));
#2974=VECTOR('',#2973,2.2E0);
#2975=CARTESIAN_POINT('',(2.0925E1,2.5E-1,-4.1E0));
#2976=LINE('43133',#2975,#2974);
#2977=DIRECTION('',(0.E0,1.E0,0.E0));
#2978=VECTOR('',#2977,2.2E0);
#2979=CARTESIAN_POINT('',(2.0675E1,2.5E-1,-4.1E0));
#2980=LINE('43134',#2979,#2978);
#2981=DIRECTION('',(0.E0,-1.E0,0.E0));
#2982=VECTOR('',#2981,2.2E0);
#2983=CARTESIAN_POINT('',(2.1035E1,2.45E0,-4.1E0));
#2984=LINE('38677',#2983,#2982);
#2985=DIRECTION('',(1.855306032263E-13,0.E0,-1.E0));
#2986=VECTOR('',#2985,8.999999999999E-1);
#2987=CARTESIAN_POINT('',(2.1035E1,2.5E-1,-4.1E0));
#2988=LINE('38674',#2987,#2986);
#2989=DIRECTION('',(0.E0,1.E0,0.E0));
#2990=VECTOR('',#2989,2.2E0);
#2991=CARTESIAN_POINT('',(2.1035E1,2.5E-1,-5.E0));
#2992=LINE('38666',#2991,#2990);
#2993=DIRECTION('',(0.E0,1.E0,0.E0));
#2994=VECTOR('',#2993,2.2E0);
#2995=CARTESIAN_POINT('',(2.12E1,2.5E-1,-5.5E0));
#2996=LINE('38631',#2995,#2994);
#2997=DIRECTION('',(-1.462882103035E-13,0.E0,-1.E0));
#2998=VECTOR('',#2997,8.5E-1);
#2999=CARTESIAN_POINT('',(2.155E1,2.45E0,-4.65E0));
#3000=LINE('38679',#2999,#2998);
#3001=DIRECTION('',(0.E0,-1.E0,0.E0));
#3002=VECTOR('',#3001,2.2E0);
#3003=CARTESIAN_POINT('',(2.155E1,2.45E0,-5.5E0));
#3004=LINE('38633',#3003,#3002);
#3005=DIRECTION('',(1.462882103035E-13,0.E0,1.E0));
#3006=VECTOR('',#3005,8.5E-1);
#3007=CARTESIAN_POINT('',(2.155E1,2.5E-1,-5.5E0));
#3008=LINE('38673',#3007,#3006);
#3009=DIRECTION('',(0.E0,1.E0,0.E0));
#3010=VECTOR('',#3009,2.2E0);
#3011=CARTESIAN_POINT('',(2.155E1,2.5E-1,-4.65E0));
#3012=LINE('43308',#3011,#3010);
#3013=DIRECTION('',(1.E0,0.E0,3.552713678801E-13));
#3014=VECTOR('',#3013,3.999999999999E-1);
#3015=CARTESIAN_POINT('',(2.155E1,2.5E-1,-4.65E0));
#3016=LINE('38672',#3015,#3014);
#3017=DIRECTION('',(0.E0,-1.E0,0.E0));
#3018=VECTOR('',#3017,2.2E0);
#3019=CARTESIAN_POINT('',(2.195E1,2.45E0,-4.65E0));
#3020=LINE('43309',#3019,#3018);
#3021=DIRECTION('',(-1.E0,0.E0,-3.574918139294E-13));
#3022=VECTOR('',#3021,3.999999999999E-1);
#3023=CARTESIAN_POINT('',(2.195E1,2.45E0,-4.65E0));
#3024=LINE('38680',#3023,#3022);
#3025=DIRECTION('',(0.E0,1.E0,0.E0));
#3026=VECTOR('',#3025,3.5E-1);
#3027=CARTESIAN_POINT('',(2.26E1,2.5E-1,-4.E0));
#3028=LINE('38931',#3027,#3026);
#3029=DIRECTION('',(0.E0,1.E0,0.E0));
#3030=VECTOR('',#3029,1.5E0);
#3031=CARTESIAN_POINT('',(2.25E1,6.E-1,-4.1E0));
#3032=LINE('43306',#3031,#3030);
#3033=DIRECTION('',(3.045183153258E-14,1.E0,0.E0));
#3034=VECTOR('',#3033,3.5E-1);
#3035=CARTESIAN_POINT('',(2.26E1,2.1E0,-4.E0));
#3036=LINE('38933',#3035,#3034);
#3037=DIRECTION('',(-1.E0,0.E0,0.E0));
#3038=VECTOR('',#3037,2.5E-1);
#3039=CARTESIAN_POINT('',(2.0925E1,1.773895819931E-1,-1.7E0));
#3040=LINE('43515',#3039,#3038);
#3041=DIRECTION('',(-1.E0,0.E0,0.E0));
#3042=VECTOR('',#3041,2.5E-1);
#3043=CARTESIAN_POINT('',(2.0925E1,4.999999999996E-2,-2.05E0));
#3044=LINE('43513',#3043,#3042);
#3045=DIRECTION('',(-1.E0,0.E0,0.E0));
#3046=VECTOR('',#3045,2.5E-1);
#3047=CARTESIAN_POINT('',(2.0925E1,4.999999999996E-2,-4.7E0));
#3048=LINE('43128',#3047,#3046);
#3049=DIRECTION('',(-1.E0,0.E0,0.E0));
#3050=VECTOR('',#3049,2.5E-1);
#3051=CARTESIAN_POINT('',(2.0925E1,4.E-1,-4.7E0));
#3052=LINE('43127',#3051,#3050);
#3053=DIRECTION('',(-1.E0,0.E0,0.E0));
#3054=VECTOR('',#3053,2.5E-1);
#3055=CARTESIAN_POINT('',(2.0925E1,4.E-1,-5.5E0));
#3056=LINE('43126',#3055,#3054);
#3057=DIRECTION('',(-1.E0,0.E0,0.E0));
#3058=VECTOR('',#3057,2.5E-1);
#3059=CARTESIAN_POINT('',(2.0925E1,2.4E0,-5.5E0));
#3060=LINE('43125',#3059,#3058);
#3061=DIRECTION('',(-1.E0,0.E0,0.E0));
#3062=VECTOR('',#3061,2.5E-1);
#3063=CARTESIAN_POINT('',(2.0925E1,2.4E0,-5.65E0));
#3064=LINE('43124',#3063,#3062);
#3065=DIRECTION('',(-1.E0,0.E0,0.E0));
#3066=VECTOR('',#3065,2.5E-1);
#3067=CARTESIAN_POINT('',(2.0925E1,2.7E0,-5.65E0));
#3068=LINE('43123',#3067,#3066);
#3069=DIRECTION('',(-1.E0,0.E0,0.E0));
#3070=VECTOR('',#3069,2.5E-1);
#3071=CARTESIAN_POINT('',(2.0925E1,2.7E0,-2.05E0));
#3072=LINE('43523',#3071,#3070);
#3073=DIRECTION('',(0.E0,-1.E0,0.E0));
#3074=VECTOR('',#3073,2.499999999997E-1);
#3075=CARTESIAN_POINT('',(2.03E1,2.7E0,-4.8E0));
#3076=LINE('38544',#3075,#3074);
#3077=DIRECTION('',(0.E0,0.E0,1.E0));
#3078=VECTOR('',#3077,4.8E0);
#3079=CARTESIAN_POINT('',(2.03E1,2.45E0,-4.8E0));
#3080=LINE('38685',#3079,#3078);
#3081=DIRECTION('',(0.E0,1.E0,0.E0));
#3082=VECTOR('',#3081,2.499999999998E-1);
#3083=CARTESIAN_POINT('',(2.03E1,2.45E0,0.E0));
#3084=LINE('38771',#3083,#3082);
#3085=DIRECTION('',(0.E0,-1.E0,0.E0));
#3086=VECTOR('',#3085,1.E0);
#3087=CARTESIAN_POINT('',(2.095E1,1.8E0,-1.339999999999E0));
#3088=LINE('48348',#3087,#3086);
#3089=DIRECTION('',(-1.172395514004E-13,-1.E0,0.E0));
#3090=VECTOR('',#3089,9.999999999999E-1);
#3091=CARTESIAN_POINT('',(2.102E1,1.8E0,-1.2E0));
#3092=LINE('38355',#3091,#3090);
#3093=DIRECTION('',(0.E0,5.501403644407E-14,-1.E0));
#3094=VECTOR('',#3093,2.010000000001E0);
#3095=CARTESIAN_POINT('',(2.095E1,1.8E0,-1.339999999999E0));
#3096=LINE('48352',#3095,#3094);
#3097=DIRECTION('',(-1.E0,2.426291349018E-14,4.769985545728E-13));
#3098=VECTOR('',#3097,2.150627218718E-1);
#3099=CARTESIAN_POINT('',(2.102E1,8.E-1,-1.2E0));
#3100=LINE('40430',#3099,#3098);
#3101=DIRECTION('',(-1.E0,0.E0,0.E0));
#3102=VECTOR('',#3101,5.049372781280E-1);
#3103=CARTESIAN_POINT('',(2.080493727813E1,8.E-1,-1.2E0));
#3104=LINE('42166',#3103,#3102);
#3105=DIRECTION('',(0.E0,0.E0,-1.E0));
#3106=VECTOR('',#3105,1.8E0);
#3107=CARTESIAN_POINT('',(2.03E1,8.E-1,-1.2E0));
#3108=LINE('42167',#3107,#3106);
#3109=DIRECTION('',(0.E0,0.E0,-1.E0));
#3110=VECTOR('',#3109,2.010000000001E0);
#3111=CARTESIAN_POINT('',(2.095E1,8.E-1,-1.339999999999E0));
#3112=LINE('48351',#3111,#3110);
#3113=DIRECTION('',(-4.472135954993E-1,3.333688720114E-14,-8.944271910002E-1));
#3114=VECTOR('',#3113,1.565247584232E-1);
#3115=CARTESIAN_POINT('',(2.102E1,8.E-1,-1.2E0));
#3116=LINE('48350',#3115,#3114);
#3117=DIRECTION('',(-2.486899575161E-12,-1.E0,0.E0));
#3118=VECTOR('',#3117,4.999999999999E-2);
#3119=CARTESIAN_POINT('',(2.03E1,8.5E-1,-1.2E0));
#3120=LINE('42376',#3119,#3118);
#3121=DIRECTION('',(6.710681393290E-14,0.E0,1.E0));
#3122=VECTOR('',#3121,1.8E0);
#3123=CARTESIAN_POINT('',(2.03E1,8.5E-1,-3.E0));
#3124=LINE('37357',#3123,#3122);
#3125=DIRECTION('',(7.105427357601E-14,-1.E0,0.E0));
#3126=VECTOR('',#3125,5.E-2);
#3127=CARTESIAN_POINT('',(2.03E1,8.5E-1,-3.E0));
#3128=LINE('42333',#3127,#3126);
#3129=CARTESIAN_POINT('',(2.110493727813E1,8.5E-1,-1.6E0));
#3130=DIRECTION('',(0.E0,-1.E0,0.E0));
#3131=DIRECTION('',(-6.E-1,0.E0,8.E-1));
#3132=AXIS2_PLACEMENT_3D('',#3129,#3130,#3131);
#3134=DIRECTION('',(-1.736481776674E-1,0.E0,9.848077530121E-1));
#3135=VECTOR('',#3134,1.079577113312E0);
#3136=CARTESIAN_POINT('',(2.08E1,8.5E-1,-2.749999999998E0));
#3137=LINE('48268',#3136,#3135);
#3138=DIRECTION('',(-1.421085471510E-14,0.E0,1.E0));
#3139=VECTOR('',#3138,2.500000000019E-1);
#3140=CARTESIAN_POINT('',(2.08E1,8.5E-1,-3.E0));
#3141=LINE('48269',#3140,#3139);
#3142=DIRECTION('',(1.E0,0.E0,0.E0));
#3143=VECTOR('',#3142,5.E-1);
#3144=CARTESIAN_POINT('',(2.03E1,8.5E-1,-3.E0));
#3145=LINE('37247',#3144,#3143);
#3146=DIRECTION('',(-1.E0,-2.572519390185E-14,0.E0));
#3147=VECTOR('',#3146,5.049372781279E-1);
#3148=CARTESIAN_POINT('',(2.080493727813E1,8.5E-1,-1.2E0));
#3149=LINE('37351',#3148,#3147);
#3150=DIRECTION('',(-1.657933050107E-13,1.E0,0.E0));
#3151=VECTOR('',#3150,7.5E-1);
#3152=CARTESIAN_POINT('',(2.110493727813E1,5.5E-1,-1.1E0));
#3153=LINE('48277',#3152,#3151);
#3154=DIRECTION('',(8.684411214846E-14,-1.E0,-5.205712404354E-13));
#3155=VECTOR('',#3154,4.5E-1);
#3156=CARTESIAN_POINT('',(2.061253340162E1,1.3E0,-1.686824088833E0));
#3157=LINE('48270',#3156,#3155);
#3158=DIRECTION('',(5.684341886080E-13,0.E0,-1.E0));
#3159=VECTOR('',#3158,1.E-1);
#3160=CARTESIAN_POINT('',(2.03E1,5.5E-1,-1.1E0));
#3161=LINE('40423',#3160,#3159);
#3162=DIRECTION('',(-1.E0,1.186169192459E-14,1.406851832917E-14));
#3163=VECTOR('',#3162,8.049372781282E-1);
#3164=CARTESIAN_POINT('',(2.110493727813E1,5.5E-1,-1.1E0));
#3165=LINE('37185',#3164,#3163);
#3166=CARTESIAN_POINT('',(2.110493727813E1,5.5E-1,-1.6E0));
#3167=DIRECTION('',(0.E0,-1.E0,0.E0));
#3168=DIRECTION('',(1.989519660128E-13,0.E0,1.E0));
#3169=AXIS2_PLACEMENT_3D('',#3166,#3167,#3168);
#3171=DIRECTION('',(0.E0,0.E0,-1.E0));
#3172=VECTOR('',#3171,3.6E0);
#3173=CARTESIAN_POINT('',(2.03E1,2.5E-1,-1.2E0));
#3174=LINE('40436',#3173,#3172);
#3175=DIRECTION('',(0.E0,-1.E0,0.E0));
#3176=VECTOR('',#3175,2.5E-1);
#3177=CARTESIAN_POINT('',(2.03E1,2.5E-1,-4.8E0));
#3178=LINE('39804',#3177,#3176);
#3179=DIRECTION('',(0.E0,1.E0,0.E0));
#3180=VECTOR('',#3179,5.E-2);
#3181=CARTESIAN_POINT('',(2.03E1,0.E0,-1.2E0));
#3182=LINE('42404',#3181,#3180);
#3183=DIRECTION('',(-2.842170943040E-13,0.E0,1.E0));
#3184=VECTOR('',#3183,1.E-1);
#3185=CARTESIAN_POINT('',(2.03E1,5.E-2,-1.2E0));
#3186=LINE('42405',#3185,#3184);
#3187=DIRECTION('',(-6.394884621841E-14,1.E0,0.E0));
#3188=VECTOR('',#3187,5.E-1);
#3189=CARTESIAN_POINT('',(2.03E1,5.E-2,-1.1E0));
#3190=LINE('42077',#3189,#3188);
#3191=DIRECTION('',(0.E0,-1.E0,0.E0));
#3192=VECTOR('',#3191,1.E0);
#3193=CARTESIAN_POINT('',(2.095E1,2.3E0,-1.1E0));
#3194=LINE('48282',#3193,#3192);
#3195=DIRECTION('',(-1.E0,0.E0,1.381006126568E-14));
#3196=VECTOR('',#3195,8.360802485934E-1);
#3197=CARTESIAN_POINT('',(2.113608024859E1,5.E-2,-1.1E0));
#3198=LINE('42073',#3197,#3196);
#3199=DIRECTION('',(1.E0,-3.532089168768E-13,0.E0));
#3200=VECTOR('',#3199,1.860802485933E-1);
#3201=CARTESIAN_POINT('',(2.095E1,2.3E0,-1.1E0));
#3202=LINE('37159',#3201,#3200);
#3203=DIRECTION('',(3.552713678800E-14,-1.E0,5.651035195342E-14));
#3204=VECTOR('',#3203,1.E0);
#3205=CARTESIAN_POINT('',(2.095E1,2.3E0,-5.E-1));
#3206=LINE('48281',#3205,#3204);
#3207=DIRECTION('',(-1.480297366167E-13,5.107025913276E-14,1.E0));
#3208=VECTOR('',#3207,6.E-1);
#3209=CARTESIAN_POINT('',(2.095E1,2.3E0,-1.1E0));
#3210=LINE('37160',#3209,#3208);
#3211=DIRECTION('',(-3.197442310920E-14,-1.E0,1.094495198443E-14));
#3212=VECTOR('',#3211,1.E0);
#3213=CARTESIAN_POINT('',(2.145E1,2.3E0,-2.771856484814E-14));
#3214=LINE('48280',#3213,#3212);
#3215=CARTESIAN_POINT('',(1.16E1,3.5E-1,-3.419486915845E-14));
#3216=DIRECTION('',(0.E0,0.E0,1.E0));
#3217=DIRECTION('',(-1.E0,0.E0,0.E0));
#3218=AXIS2_PLACEMENT_3D('',#3215,#3216,#3217);
#3220=CARTESIAN_POINT('',(1.16E1,2.E0,0.E0));
#3221=DIRECTION('',(0.E0,0.E0,1.E0));
#3222=DIRECTION('',(0.E0,1.E0,0.E0));
#3223=AXIS2_PLACEMENT_3D('',#3220,#3221,#3222);
#3225=DIRECTION('',(-1.E0,1.195624795750E-14,0.E0));
#3226=VECTOR('',#3225,1.3E0);
#3227=CARTESIAN_POINT('',(1.29E1,2.2E0,-4.178138982673E-14));
#3228=LINE('34825',#3227,#3226);
#3229=DIRECTION('',(3.197442310919E-13,1.E0,0.E0));
#3230=VECTOR('',#3229,1.E-1);
#3231=CARTESIAN_POINT('',(1.29E1,2.2E0,-4.178138982673E-14));
#3232=LINE('34826',#3231,#3230);
#3233=DIRECTION('',(1.E0,2.309263891221E-14,5.625129991435E-14));
#3234=VECTOR('',#3233,2.5E-1);
#3235=CARTESIAN_POINT('',(1.29E1,2.3E0,-4.178138982673E-14));
#3236=LINE('34830',#3235,#3234);
#3237=DIRECTION('',(-1.E0,2.309263891221E-14,5.625129991435E-14));
#3238=VECTOR('',#3237,2.5E-1);
#3239=CARTESIAN_POINT('',(2.17E1,2.3E0,-4.178138982673E-14));
#3240=LINE('37162',#3239,#3238);
#3241=DIRECTION('',(-2.842170943039E-13,1.E0,0.E0));
#3242=VECTOR('',#3241,1.E-1);
#3243=CARTESIAN_POINT('',(2.17E1,2.2E0,-4.178138982673E-14));
#3244=LINE('37158',#3243,#3242);
#3245=DIRECTION('',(1.E0,1.195624795750E-14,0.E0));
#3246=VECTOR('',#3245,1.3E0);
#3247=CARTESIAN_POINT('',(2.17E1,2.2E0,-4.178138982673E-14));
#3248=LINE('37157',#3247,#3246);
#3249=CARTESIAN_POINT('',(2.3E1,2.E0,0.E0));
#3250=DIRECTION('',(0.E0,0.E0,-1.E0));
#3251=DIRECTION('',(0.E0,1.E0,0.E0));
#3252=AXIS2_PLACEMENT_3D('',#3249,#3250,#3251);
#3254=CARTESIAN_POINT('',(2.3E1,3.5E-1,-3.419486915845E-14));
#3255=DIRECTION('',(0.E0,0.E0,-1.E0));
#3256=DIRECTION('',(1.E0,0.E0,0.E0));
#3257=AXIS2_PLACEMENT_3D('',#3254,#3255,#3256);
#3259=DIRECTION('',(0.E0,0.E0,1.E0));
#3260=VECTOR('',#3259,1.2E0);
#3261=CARTESIAN_POINT('',(1.29E1,5.E-2,-1.2E0));
#3262=LINE('34799',#3261,#3260);
#3263=DIRECTION('',(3.197442310920E-13,-1.E0,0.E0));
#3264=VECTOR('',#3263,1.E-1);
#3265=CARTESIAN_POINT('',(1.29E1,1.5E-1,-1.2E0));
#3266=LINE('34812',#3265,#3264);
#3267=DIRECTION('',(-3.197442310920E-13,1.E0,0.E0));
#3268=VECTOR('',#3267,1.E-1);
#3269=CARTESIAN_POINT('',(1.29E1,5.E-2,-8.504308035295E-14));
#3270=LINE('34871',#3269,#3268);
#3271=DIRECTION('',(-1.E0,0.E0,2.451030831288E-14));
#3272=VECTOR('',#3271,1.3E0);
#3273=CARTESIAN_POINT('',(1.29E1,1.5E-1,-8.504308035295E-14));
#3274=LINE('34872',#3273,#3272);
#3275=DIRECTION('',(0.E0,0.E0,-1.E0));
#3276=VECTOR('',#3275,1.2E0);
#3277=CARTESIAN_POINT('',(1.29E1,1.5E-1,-8.504308035295E-14));
#3278=LINE('34883',#3277,#3276);
#3279=DIRECTION('',(1.E0,0.E0,0.E0));
#3280=VECTOR('',#3279,1.3E0);
#3281=CARTESIAN_POINT('',(1.16E1,1.5E-1,-1.2E0));
#3282=LINE('34813',#3281,#3280);
#3283=DIRECTION('',(0.E0,0.E0,-1.E0));
#3284=VECTOR('',#3283,1.2E0);
#3285=CARTESIAN_POINT('',(1.16E1,1.5E-1,-5.317967954621E-14));
#3286=LINE('34884',#3285,#3284);
#3287=DIRECTION('',(0.E0,0.E0,1.E0));
#3288=VECTOR('',#3287,1.2E0);
#3289=CARTESIAN_POINT('',(1.14E1,3.5E-1,-1.2E0));
#3290=LINE('34885',#3289,#3288);
#3291=DIRECTION('',(0.E0,1.E0,0.E0));
#3292=VECTOR('',#3291,1.65E0);
#3293=CARTESIAN_POINT('',(1.14E1,3.5E-1,-5.317967954621E-14));
#3294=LINE('34874',#3293,#3292);
#3295=DIRECTION('',(0.E0,-1.E0,0.E0));
#3296=VECTOR('',#3295,1.65E0);
#3297=CARTESIAN_POINT('',(1.14E1,2.E0,-1.2E0));
#3298=LINE('34815',#3297,#3296);
#3299=DIRECTION('',(0.E0,0.E0,1.E0));
#3300=VECTOR('',#3299,1.2E0);
#3301=CARTESIAN_POINT('',(1.16E1,2.2E0,-1.2E0));
#3302=LINE('34822',#3301,#3300);
#3303=DIRECTION('',(0.E0,0.E0,-1.E0));
#3304=VECTOR('',#3303,1.2E0);
#3305=CARTESIAN_POINT('',(1.14E1,2.E0,-4.037279436423E-14));
#3306=LINE('34824',#3305,#3304);
#3307=DIRECTION('',(3.375077994860E-14,-1.E0,1.094495198443E-14));
#3308=VECTOR('',#3307,1.E0);
#3309=CARTESIAN_POINT('',(1.315E1,2.3E0,-2.771856484814E-14));
#3310=LINE('48258',#3309,#3308);
#3311=DIRECTION('',(-3.197442310920E-14,-1.E0,5.639932965095E-14));
#3312=VECTOR('',#3311,1.E0);
#3313=CARTESIAN_POINT('',(1.365E1,2.3E0,-5.E-1));
#3314=LINE('48259',#3313,#3312);
#3315=DIRECTION('',(1.509903313490E-13,5.107025913276E-14,1.E0));
#3316=VECTOR('',#3315,6.E-1);
#3317=CARTESIAN_POINT('',(1.365E1,2.3E0,-1.1E0));
#3318=LINE('34828',#3317,#3316);
#3319=DIRECTION('',(0.E0,-1.E0,0.E0));
#3320=VECTOR('',#3319,1.E0);
#3321=CARTESIAN_POINT('',(1.365E1,2.3E0,-1.1E0));
#3322=LINE('48260',#3321,#3320);
#3323=DIRECTION('',(-1.E0,-3.532089168768E-13,0.E0));
#3324=VECTOR('',#3323,1.860802485933E-1);
#3325=CARTESIAN_POINT('',(1.365E1,2.3E0,-1.1E0));
#3326=LINE('34827',#3325,#3324);
#3327=DIRECTION('',(1.E0,0.E0,1.354448316442E-14));
#3328=VECTOR('',#3327,8.360802485934E-1);
#3329=CARTESIAN_POINT('',(1.346391975141E1,5.E-2,-1.1E0));
#3330=LINE('34802',#3329,#3328);
#3331=CARTESIAN_POINT('',(1.349506272187E1,5.5E-1,-1.6E0));
#3332=DIRECTION('',(0.E0,1.E0,0.E0));
#3333=DIRECTION('',(-1.918465386552E-13,0.E0,1.E0));
#3334=AXIS2_PLACEMENT_3D('',#3331,#3332,#3333);
#3336=DIRECTION('',(1.E0,1.172376527431E-14,1.434437162974E-14));
#3337=VECTOR('',#3336,8.049372781282E-1);
#3338=CARTESIAN_POINT('',(1.349506272187E1,5.5E-1,-1.1E0));
#3339=LINE('34889',#3338,#3337);
#3340=DIRECTION('',(-6.217248937900E-13,0.E0,-1.E0));
#3341=VECTOR('',#3340,1.E-1);
#3342=CARTESIAN_POINT('',(1.43E1,5.5E-1,-1.1E0));
#3343=LINE('40402',#3342,#3341);
#3344=DIRECTION('',(-9.868649107779E-14,-1.E0,-5.205712404354E-13));
#3345=VECTOR('',#3344,4.5E-1);
#3346=CARTESIAN_POINT('',(1.398746659838E1,1.3E0,-1.686824088833E0));
#3347=LINE('43663',#3346,#3345);
#3348=DIRECTION('',(1.657933050107E-13,1.E0,0.E0));
#3349=VECTOR('',#3348,7.5E-1);
#3350=CARTESIAN_POINT('',(1.349506272187E1,5.5E-1,-1.1E0));
#3351=LINE('48250',#3350,#3349);
#3352=CARTESIAN_POINT('',(1.349506272187E1,8.5E-1,-1.6E0));
#3353=DIRECTION('',(0.E0,1.E0,0.E0));
#3354=DIRECTION('',(6.E-1,0.E0,8.E-1));
#3355=AXIS2_PLACEMENT_3D('',#3352,#3353,#3354);
#3357=DIRECTION('',(1.E0,-2.572519390185E-14,0.E0));
#3358=VECTOR('',#3357,5.049372781279E-1);
#3359=CARTESIAN_POINT('',(1.379506272187E1,8.5E-1,-1.2E0));
#3360=LINE('35239',#3359,#3358);
#3361=DIRECTION('',(-1.E0,0.E0,0.E0));
#3362=VECTOR('',#3361,5.E-1);
#3363=CARTESIAN_POINT('',(1.43E1,8.5E-1,-3.E0));
#3364=LINE('35014',#3363,#3362);
#3365=DIRECTION('',(0.E0,0.E0,1.E0));
#3366=VECTOR('',#3365,2.500000000019E-1);
#3367=CARTESIAN_POINT('',(1.38E1,8.5E-1,-3.E0));
#3368=LINE('43658',#3367,#3366);
#3369=DIRECTION('',(1.736481776674E-1,0.E0,9.848077530121E-1));
#3370=VECTOR('',#3369,1.079577113312E0);
#3371=CARTESIAN_POINT('',(1.38E1,8.5E-1,-2.749999999998E0));
#3372=LINE('43657',#3371,#3370);
#3373=DIRECTION('',(3.552713678801E-14,-1.E0,0.E0));
#3374=VECTOR('',#3373,5.E-2);
#3375=CARTESIAN_POINT('',(1.43E1,8.5E-1,-3.E0));
#3376=LINE('42247',#3375,#3374);
#3377=DIRECTION('',(-6.611994902212E-14,0.E0,1.E0));
#3378=VECTOR('',#3377,1.8E0);
#3379=CARTESIAN_POINT('',(1.43E1,8.5E-1,-3.E0));
#3380=LINE('35250',#3379,#3378);
#3381=DIRECTION('',(2.380318164797E-12,-1.E0,0.E0));
#3382=VECTOR('',#3381,4.999999999999E-2);
#3383=CARTESIAN_POINT('',(1.43E1,8.5E-1,-1.2E0));
#3384=LINE('42291',#3383,#3382);
#3385=DIRECTION('',(1.E0,2.477914569210E-14,4.780310189767E-13));
#3386=VECTOR('',#3385,2.150627218718E-1);
#3387=CARTESIAN_POINT('',(1.358E1,8.E-1,-1.2E0));
#3388=LINE('40301',#3387,#3386);
#3389=DIRECTION('',(4.472135954994E-1,3.333688720114E-14,-8.944271910002E-1));
#3390=VECTOR('',#3389,1.565247584232E-1);
#3391=CARTESIAN_POINT('',(1.358E1,8.E-1,-1.2E0));
#3392=LINE('43626',#3391,#3390);
#3393=DIRECTION('',(0.E0,0.E0,-1.E0));
#3394=VECTOR('',#3393,2.010000000001E0);
#3395=CARTESIAN_POINT('',(1.365E1,8.E-1,-1.339999999999E0));
#3396=LINE('43630',#3395,#3394);
#3397=DIRECTION('',(0.E0,0.E0,1.E0));
#3398=VECTOR('',#3397,1.8E0);
#3399=CARTESIAN_POINT('',(1.43E1,8.E-1,-3.E0));
#3400=LINE('42099',#3399,#3398);
#3401=DIRECTION('',(1.E0,0.E0,0.E0));
#3402=VECTOR('',#3401,5.049372781280E-1);
#3403=CARTESIAN_POINT('',(1.379506272187E1,8.E-1,-1.2E0));
#3404=LINE('42101',#3403,#3402);
#3405=DIRECTION('',(0.E0,-1.E0,0.E0));
#3406=VECTOR('',#3405,1.E0);
#3407=CARTESIAN_POINT('',(1.365E1,1.8E0,-1.339999999999E0));
#3408=LINE('43622',#3407,#3406);
#3409=DIRECTION('',(1.172395514004E-13,-1.E0,0.E0));
#3410=VECTOR('',#3409,9.999999999999E-1);
#3411=CARTESIAN_POINT('',(1.358E1,1.8E0,-1.2E0));
#3412=LINE('26154',#3411,#3410);
#3413=DIRECTION('',(0.E0,5.501403644407E-14,-1.E0));
#3414=VECTOR('',#3413,2.010000000001E0);
#3415=CARTESIAN_POINT('',(1.365E1,1.8E0,-1.339999999999E0));
#3416=LINE('43631',#3415,#3414);
#3417=DIRECTION('',(0.E0,0.E0,-1.E0));
#3418=VECTOR('',#3417,7.449152484090E-1);
#3419=CARTESIAN_POINT('',(1.4675E1,1.8E0,-1.242307692306E0));
#3420=LINE('48163',#3419,#3418);
#3421=DIRECTION('',(-4.472135955E-1,-1.529241038418E-12,8.944271909999E-1));
#3422=VECTOR('',#3421,1.565247584232E-1);
#3423=CARTESIAN_POINT('',(1.365E1,1.8E0,-1.339999999999E0));
#3424=LINE('43624',#3423,#3422);
#3425=DIRECTION('',(-1.E0,-1.120315961213E-12,-4.673029640014E-13));
#3426=VECTOR('',#3425,2.199999999999E-1);
#3427=CARTESIAN_POINT('',(1.38E1,1.8E0,-1.2E0));
#3428=LINE('26155',#3427,#3426);
#3429=DIRECTION('',(0.E0,7.926239891033E-1,6.097107608513E-1));
#3430=VECTOR('',#3429,5.046529066733E-1);
#3431=CARTESIAN_POINT('',(1.4675E1,1.4E0,-1.55E0));
#3432=LINE('48194',#3431,#3430);
#3433=DIRECTION('',(0.E0,-6.750019999360E-1,7.378158985020E-1));
#3434=VECTOR('',#3433,5.925908368240E-1);
#3435=CARTESIAN_POINT('',(1.4675E1,1.8E0,-1.987222940715E0));
#3436=LINE('48193',#3435,#3434);
#3437=DIRECTION('',(0.E0,7.926239891033E-1,6.097107608513E-1));
#3438=VECTOR('',#3437,1.072387426720E-1);
#3439=CARTESIAN_POINT('',(1.4675E1,2.114999999997E0,-1.E0));
#3440=LINE('48195',#3439,#3438);
#3441=DIRECTION('',(-1.E0,0.E0,0.E0));
#3442=VECTOR('',#3441,2.5E-1);
#3443=CARTESIAN_POINT('',(1.4925E1,1.4E0,-1.55E0));
#3444=LINE('48161',#3443,#3442);
#3445=DIRECTION('',(0.E0,6.750019999360E-1,-7.378158985020E-1));
#3446=VECTOR('',#3445,1.629624801266E-1);
#3447=CARTESIAN_POINT('',(1.4675E1,1.8E0,-1.987222940715E0));
#3448=LINE('48164',#3447,#3446);
#3449=DIRECTION('',(8.375552550989E-13,-1.E0,2.617360172184E-14));
#3450=VECTOR('',#3449,1.187694571801E-1);
#3451=CARTESIAN_POINT('',(1.4675E1,1.8E0,-3.35E0));
#3452=LINE('26191',#3451,#3450);
#3453=DIRECTION('',(0.E0,3.014304623876E-14,1.E0));
#3454=VECTOR('',#3453,1.362777059285E0);
#3455=CARTESIAN_POINT('',(1.4675E1,1.8E0,-3.35E0));
#3456=LINE('48183',#3455,#3454);
#3457=DIRECTION('',(0.E0,7.926239891033E-1,6.097107608513E-1));
#3458=VECTOR('',#3457,3.974141640013E-1);
#3459=CARTESIAN_POINT('',(1.4675E1,1.8E0,-1.242307692306E0));
#3460=LINE('48165',#3459,#3458);
#3461=DIRECTION('',(0.E0,2.877416118441E-13,1.E0));
#3462=VECTOR('',#3461,2.423076923064E-1);
#3463=CARTESIAN_POINT('',(1.4675E1,1.8E0,-1.242307692306E0));
#3464=LINE('48184',#3463,#3462);
#3465=DIRECTION('',(0.E0,7.926239891033E-1,6.097107608513E-1));
#3466=VECTOR('',#3465,1.387795493352E-1);
#3467=CARTESIAN_POINT('',(1.4675E1,2.2E0,-9.346153846127E-1));
#3468=LINE('48166',#3467,#3466);
#3469=DIRECTION('',(0.E0,-6.750019999360E-1,7.378158985020E-1));
#3470=VECTOR('',#3469,5.925908368240E-1);
#3471=CARTESIAN_POINT('',(1.4925E1,1.8E0,-1.987222940715E0));
#3472=LINE('48190',#3471,#3470);
#3473=DIRECTION('',(0.E0,7.926239891033E-1,6.097107608513E-1));
#3474=VECTOR('',#3473,5.046529066733E-1);
#3475=CARTESIAN_POINT('',(1.4925E1,1.4E0,-1.55E0));
#3476=LINE('48191',#3475,#3474);
#3477=DIRECTION('',(0.E0,7.926239891033E-1,6.097107608513E-1));
#3478=VECTOR('',#3477,1.072387426720E-1);
#3479=CARTESIAN_POINT('',(1.4925E1,2.114999999997E0,-1.E0));
#3480=LINE('48192',#3479,#3478);
#3481=DIRECTION('',(0.E0,0.E0,-1.E0));
#3482=VECTOR('',#3481,7.449152484090E-1);
#3483=CARTESIAN_POINT('',(1.4925E1,1.8E0,-1.242307692306E0));
#3484=LINE('48162',#3483,#3482);
#3485=DIRECTION('',(0.E0,0.E0,-1.E0));
#3486=VECTOR('',#3485,7.449152484090E-1);
#3487=CARTESIAN_POINT('',(1.5675E1,1.8E0,-1.242307692306E0));
#3488=LINE('48128',#3487,#3486);
#3489=DIRECTION('',(1.E0,0.E0,0.E0));
#3490=VECTOR('',#3489,7.5E-1);
#3491=CARTESIAN_POINT('',(1.4925E1,1.8E0,-3.35E0));
#3492=LINE('26194',#3491,#3490);
#3493=DIRECTION('',(0.E0,6.750019999360E-1,-7.378158985020E-1));
#3494=VECTOR('',#3493,1.629624801266E-1);
#3495=CARTESIAN_POINT('',(1.4925E1,1.8E0,-1.987222940715E0));
#3496=LINE('48167',#3495,#3494);
#3497=DIRECTION('',(0.E0,-3.014304623876E-14,-1.E0));
#3498=VECTOR('',#3497,1.362777059285E0);
#3499=CARTESIAN_POINT('',(1.4925E1,1.8E0,-1.987222940715E0));
#3500=LINE('48186',#3499,#3498);
#3501=DIRECTION('',(-7.627735358936E-13,-1.E0,2.991268768210E-14));
#3502=VECTOR('',#3501,1.187694571801E-1);
#3503=CARTESIAN_POINT('',(1.4925E1,1.8E0,-3.35E0));
#3504=LINE('26193',#3503,#3502);
#3505=DIRECTION('',(0.E0,7.926239891033E-1,6.097107608513E-1));
#3506=VECTOR('',#3505,3.974141640013E-1);
#3507=CARTESIAN_POINT('',(1.4925E1,1.8E0,-1.242307692306E0));
#3508=LINE('48168',#3507,#3506);
#3509=DIRECTION('',(0.E0,-2.859088627241E-13,-1.E0));
#3510=VECTOR('',#3509,2.423076923064E-1);
#3511=CARTESIAN_POINT('',(1.4925E1,1.8E0,-1.E0));
#3512=LINE('48185',#3511,#3510);
#3513=DIRECTION('',(0.E0,7.926239891033E-1,6.097107608513E-1));
#3514=VECTOR('',#3513,1.387795493352E-1);
#3515=CARTESIAN_POINT('',(1.4925E1,2.2E0,-9.346153846127E-1));
#3516=LINE('48169',#3515,#3514);
#3517=DIRECTION('',(-1.E0,0.E0,0.E0));
#3518=VECTOR('',#3517,2.499999999996E-1);
#3519=CARTESIAN_POINT('',(1.4925E1,1.681230542820E0,-4.85E0));
#3520=LINE('26892',#3519,#3518);
#3521=DIRECTION('',(-5.684341886081E-14,-1.511383610856E-13,-1.E0));
#3522=VECTOR('',#3521,1.5E0);
#3523=CARTESIAN_POINT('',(1.4925E1,1.681230542820E0,-3.35E0));
#3524=LINE('26889',#3523,#3522);
#3525=DIRECTION('',(1.E0,0.E0,0.E0));
#3526=VECTOR('',#3525,2.499999999998E-1);
#3527=CARTESIAN_POINT('',(1.4675E1,1.681230542820E0,-3.35E0));
#3528=LINE('26192',#3527,#3526);
#3529=DIRECTION('',(-5.329070518201E-14,1.514344205589E-13,1.E0));
#3530=VECTOR('',#3529,1.5E0);
#3531=CARTESIAN_POINT('',(1.4675E1,1.681230542820E0,-4.85E0));
#3532=LINE('26885',#3531,#3530);
#3533=DIRECTION('',(1.E0,0.E0,0.E0));
#3534=VECTOR('',#3533,2.5E-1);
#3535=CARTESIAN_POINT('',(1.4675E1,1.91E0,-2.107459249412E0));
#3536=LINE('48175',#3535,#3534);
#3537=DIRECTION('',(0.E0,0.E0,-1.E0));
#3538=VECTOR('',#3537,2.742540750588E0);
#3539=CARTESIAN_POINT('',(1.4925E1,1.91E0,-2.107459249412E0));
#3540=LINE('48188',#3539,#3538);
#3541=DIRECTION('',(1.314504061183E-12,0.E0,-1.E0));
#3542=VECTOR('',#3541,1.499999999970E-1);
#3543=CARTESIAN_POINT('',(1.4925E1,1.91E0,-4.85E0));
#3544=LINE('28992',#3543,#3542);
#3545=DIRECTION('',(0.E0,0.E0,1.E0));
#3546=VECTOR('',#3545,2.742540750588E0);
#3547=CARTESIAN_POINT('',(1.4675E1,1.91E0,-4.85E0));
#3548=LINE('48187',#3547,#3546);
#3549=DIRECTION('',(0.E0,1.414213562369E-1,-9.899494936612E-1));
#3550=VECTOR('',#3549,1.060660171783E0);
#3551=CARTESIAN_POINT('',(1.4925E1,2.55E0,-5.449999999997E0));
#3552=LINE('25772',#3551,#3550);
#3553=DIRECTION('',(0.E0,-1.414213562366E-1,9.899494936613E-1));
#3554=VECTOR('',#3553,7.071067811895E-1);
#3555=CARTESIAN_POINT('',(1.4925E1,2.4E0,-6.5E0));
#3556=LINE('25770',#3555,#3554);
#3557=DIRECTION('',(0.E0,-1.E0,0.E0));
#3558=VECTOR('',#3557,2.1E-1);
#3559=CARTESIAN_POINT('',(1.4925E1,1.01E0,-3.E0));
#3560=LINE('40197',#3559,#3558);
#3561=DIRECTION('',(0.E0,-7.071067811800E-1,7.071067811931E-1));
#3562=VECTOR('',#3561,7.071067812029E-2);
#3563=CARTESIAN_POINT('',(1.4925E1,8.E-1,-1.5E0));
#3564=LINE('41594',#3563,#3562);
#3565=DIRECTION('',(0.E0,0.E0,-1.E0));
#3566=VECTOR('',#3565,1.5E0);
#3567=CARTESIAN_POINT('',(1.4925E1,8.E-1,-1.5E0));
#3568=LINE('41462',#3567,#3566);
#3569=DIRECTION('',(1.E0,0.E0,0.E0));
#3570=VECTOR('',#3569,2.500000000004E-1);
#3571=CARTESIAN_POINT('',(1.4675E1,2.31E0,-5.449999999997E0));
#3572=LINE('25783',#3571,#3570);
#3573=DIRECTION('',(3.286260152907E-13,-1.643130076454E-13,-1.E0));
#3574=VECTOR('',#3573,5.999999999970E-1);
#3575=CARTESIAN_POINT('',(1.4925E1,2.31E0,-4.85E0));
#3576=LINE('28989',#3575,#3574);
#3577=DIRECTION('',(-1.267134545464E-12,0.E0,-1.E0));
#3578=VECTOR('',#3577,1.499999999970E-1);
#3579=CARTESIAN_POINT('',(1.4675E1,1.91E0,-4.85E0));
#3580=LINE('29001',#3579,#3578);
#3581=DIRECTION('',(0.E0,-1.E0,0.E0));
#3582=VECTOR('',#3581,9.E-1);
#3583=CARTESIAN_POINT('',(1.4675E1,1.91E0,-4.999999999997E0));
#3584=LINE('25788',#3583,#3582);
#3585=DIRECTION('',(1.267134545464E-12,0.E0,1.E0));
#3586=VECTOR('',#3585,1.499999999970E-1);
#3587=CARTESIAN_POINT('',(1.4675E1,1.01E0,-4.999999999997E0));
#3588=LINE('29002',#3587,#3586);
#3589=DIRECTION('',(-2.000738755962E-13,0.E0,-1.E0));
#3590=VECTOR('',#3589,9.499999999970E-1);
#3591=CARTESIAN_POINT('',(1.4675E1,6.E-1,-4.85E0));
#3592=LINE('29005',#3591,#3590);
#3593=DIRECTION('',(0.E0,1.E0,-1.253898945459E-14));
#3594=VECTOR('',#3593,1.7E0);
#3595=CARTESIAN_POINT('',(1.4675E1,6.E-1,-5.799999999997E0));
#3596=LINE('25791',#3595,#3594);
#3597=DIRECTION('',(0.E0,-1.414213562366E-1,9.899494936613E-1));
#3598=VECTOR('',#3597,7.071067811895E-1);
#3599=CARTESIAN_POINT('',(1.4675E1,2.4E0,-6.5E0));
#3600=LINE('25777',#3599,#3598);
#3601=DIRECTION('',(0.E0,1.E0,-7.105427357596E-13));
#3602=VECTOR('',#3601,3.000000000002E-1);
#3603=CARTESIAN_POINT('',(1.4675E1,2.4E0,-6.5E0));
#3604=LINE('25780',#3603,#3602);
#3605=DIRECTION('',(0.E0,1.414213562369E-1,-9.899494936612E-1));
#3606=VECTOR('',#3605,1.060660171783E0);
#3607=CARTESIAN_POINT('',(1.4675E1,2.55E0,-5.449999999997E0));
#3608=LINE('25782',#3607,#3606);
#3609=DIRECTION('',(0.E0,-1.E0,9.992007221618E-14));
#3610=VECTOR('',#3609,2.400000000002E-1);
#3611=CARTESIAN_POINT('',(1.4675E1,2.55E0,-5.449999999997E0));
#3612=LINE('25784',#3611,#3610);
#3613=DIRECTION('',(-3.167836363613E-13,-1.635728589623E-13,-1.E0));
#3614=VECTOR('',#3613,5.999999999970E-1);
#3615=CARTESIAN_POINT('',(1.4675E1,2.31E0,-4.85E0));
#3616=LINE('28997',#3615,#3614);
#3617=DIRECTION('',(0.E0,-1.E0,0.E0));
#3618=VECTOR('',#3617,2.1E-1);
#3619=CARTESIAN_POINT('',(1.4675E1,1.01E0,-3.E0));
#3620=LINE('40199',#3619,#3618);
#3621=DIRECTION('',(0.E0,0.E0,-1.E0));
#3622=VECTOR('',#3621,1.5E0);
#3623=CARTESIAN_POINT('',(1.4675E1,8.E-1,-1.5E0));
#3624=LINE('41466',#3623,#3622);
#3625=DIRECTION('',(0.E0,-7.071067811800E-1,7.071067811931E-1));
#3626=VECTOR('',#3625,7.071067812029E-2);
#3627=CARTESIAN_POINT('',(1.4675E1,8.E-1,-1.5E0));
#3628=LINE('41595',#3627,#3626);
#3629=DIRECTION('',(0.E0,-1.E0,2.083222483320E-11));
#3630=VECTOR('',#3629,5.000000000208E-2);
#3631=CARTESIAN_POINT('',(1.4675E1,7.499999999993E-1,-1.449999999998E0));
#3632=LINE('41686',#3631,#3630);
#3633=DIRECTION('',(0.E0,0.E0,1.E0));
#3634=VECTOR('',#3633,3.5E-1);
#3635=CARTESIAN_POINT('',(1.4675E1,1.01E0,-3.35E0));
#3636=LINE('40388',#3635,#3634);
#3637=DIRECTION('',(0.E0,-1.E0,0.E0));
#3638=VECTOR('',#3637,9.E-1);
#3639=CARTESIAN_POINT('',(1.4925E1,1.91E0,-4.999999999997E0));
#3640=LINE('25774',#3639,#3638);
#3641=DIRECTION('',(1.E0,0.E0,0.E0));
#3642=VECTOR('',#3641,2.500000000004E-1);
#3643=CARTESIAN_POINT('',(1.4675E1,1.91E0,-4.999999999997E0));
#3644=LINE('25786',#3643,#3642);
#3645=DIRECTION('',(1.E0,0.E0,0.E0));
#3646=VECTOR('',#3645,2.500000000004E-1);
#3647=CARTESIAN_POINT('',(1.4675E1,1.01E0,-4.999999999997E0));
#3648=LINE('25787',#3647,#3646);
#3649=DIRECTION('',(-1.314504061183E-12,0.E0,1.E0));
#3650=VECTOR('',#3649,1.499999999970E-1);
#3651=CARTESIAN_POINT('',(1.4925E1,1.01E0,-4.999999999997E0));
#3652=LINE('28993',#3651,#3650);
#3653=DIRECTION('',(0.E0,0.E0,1.E0));
#3654=VECTOR('',#3653,3.5E-1);
#3655=CARTESIAN_POINT('',(1.4925E1,1.01E0,-3.35E0));
#3656=LINE('40387',#3655,#3654);
#3657=DIRECTION('',(0.E0,0.E0,-1.E0));
#3658=VECTOR('',#3657,1.550000000003E0);
#3659=CARTESIAN_POINT('',(1.4925E1,1.01E0,-1.449999999997E0));
#3660=LINE('42161',#3659,#3658);
#3661=DIRECTION('',(-1.E0,0.E0,0.E0));
#3662=VECTOR('',#3661,2.5E-1);
#3663=CARTESIAN_POINT('',(1.4925E1,1.01E0,-1.449999999997E0));
#3664=LINE('42162',#3663,#3662);
#3665=DIRECTION('',(0.E0,0.E0,-1.E0));
#3666=VECTOR('',#3665,1.550000000003E0);
#3667=CARTESIAN_POINT('',(1.4675E1,1.01E0,-1.449999999997E0));
#3668=LINE('42163',#3667,#3666);
#3669=DIRECTION('',(0.E0,-1.E0,0.E0));
#3670=VECTOR('',#3669,5.E-2);
#3671=CARTESIAN_POINT('',(1.4925E1,1.06E0,-3.E0));
#3672=LINE('42288',#3671,#3670);
#3673=DIRECTION('',(-1.E0,0.E0,0.E0));
#3674=VECTOR('',#3673,2.5E-1);
#3675=CARTESIAN_POINT('',(1.4925E1,1.06E0,-3.E0));
#3676=LINE('35196',#3675,#3674);
#3677=DIRECTION('',(1.272100704342E-13,0.E0,1.E0));
#3678=VECTOR('',#3677,1.550000000003E0);
#3679=CARTESIAN_POINT('',(1.4925E1,1.06E0,-3.E0));
#3680=LINE('35520',#3679,#3678);
#3681=DIRECTION('',(3.801403636317E-12,-1.E0,-6.661338147751E-13));
#3682=VECTOR('',#3681,5.E-2);
#3683=CARTESIAN_POINT('',(1.4675E1,1.06E0,-1.449999999997E0));
#3684=LINE('42314',#3683,#3682);
#3685=DIRECTION('',(-1.226259237519E-13,0.E0,1.E0));
#3686=VECTOR('',#3685,1.550000000003E0);
#3687=CARTESIAN_POINT('',(1.4675E1,1.06E0,-3.E0));
#3688=LINE('35522',#3687,#3686);
#3689=DIRECTION('',(0.E0,-1.E0,0.E0));
#3690=VECTOR('',#3689,5.E-2);
#3691=CARTESIAN_POINT('',(1.4675E1,1.06E0,-3.E0));
#3692=LINE('42289',#3691,#3690);
#3693=DIRECTION('',(-3.943512183469E-12,-1.E0,-6.661338147751E-13));
#3694=VECTOR('',#3693,5.E-2);
#3695=CARTESIAN_POINT('',(1.4925E1,1.06E0,-1.449999999997E0));
#3696=LINE('42313',#3695,#3694);
#3697=DIRECTION('',(1.E0,0.E0,0.E0));
#3698=VECTOR('',#3697,2.500000000004E-1);
#3699=CARTESIAN_POINT('',(1.4675E1,1.06E0,-1.449999999997E0));
#3700=LINE('34777',#3699,#3698);
#3701=DIRECTION('',(2.075532728148E-13,0.E0,-1.E0));
#3702=VECTOR('',#3701,9.499999999970E-1);
#3703=CARTESIAN_POINT('',(1.4925E1,6.E-1,-4.85E0));
#3704=LINE('28996',#3703,#3702);
#3705=DIRECTION('',(0.E0,1.E0,-1.253898945459E-14));
#3706=VECTOR('',#3705,1.7E0);
#3707=CARTESIAN_POINT('',(1.4925E1,6.E-1,-5.799999999997E0));
#3708=LINE('25775',#3707,#3706);
#3709=DIRECTION('',(-1.E0,0.E0,0.E0));
#3710=VECTOR('',#3709,2.500000000004E-1);
#3711=CARTESIAN_POINT('',(1.4925E1,2.3E0,-5.799999999997E0));
#3712=LINE('25778',#3711,#3710);
#3713=DIRECTION('',(1.E0,0.E0,0.E0));
#3714=VECTOR('',#3713,2.500000000004E-1);
#3715=CARTESIAN_POINT('',(1.4675E1,6.E-1,-5.799999999997E0));
#3716=LINE('25790',#3715,#3714);
#3717=DIRECTION('',(0.E0,1.E0,-7.105427357596E-13));
#3718=VECTOR('',#3717,3.000000000002E-1);
#3719=CARTESIAN_POINT('',(1.4925E1,2.4E0,-6.5E0));
#3720=LINE('25771',#3719,#3718);
#3721=DIRECTION('',(1.E0,0.E0,0.E0));
#3722=VECTOR('',#3721,2.500000000004E-1);
#3723=CARTESIAN_POINT('',(1.4675E1,2.4E0,-6.5E0));
#3724=LINE('25776',#3723,#3722);
#3725=DIRECTION('',(1.E0,0.E0,0.E0));
#3726=VECTOR('',#3725,2.500000000004E-1);
#3727=CARTESIAN_POINT('',(1.4675E1,2.7E0,-6.5E0));
#3728=LINE('25779',#3727,#3726);
#3729=DIRECTION('',(0.E0,-1.E0,9.992007221618E-14));
#3730=VECTOR('',#3729,2.400000000002E-1);
#3731=CARTESIAN_POINT('',(1.4925E1,2.55E0,-5.449999999997E0));
#3732=LINE('25773',#3731,#3730);
#3733=DIRECTION('',(1.E0,0.E0,0.E0));
#3734=VECTOR('',#3733,2.500000000004E-1);
#3735=CARTESIAN_POINT('',(1.4675E1,2.55E0,-5.449999999997E0));
#3736=LINE('25781',#3735,#3734);
#3737=DIRECTION('',(1.E0,0.E0,0.E0));
#3738=VECTOR('',#3737,3.75E-1);
#3739=CARTESIAN_POINT('',(1.43E1,8.E-1,-3.E0));
#3740=LINE('42248',#3739,#3738);
#3741=DIRECTION('',(1.E0,0.E0,0.E0));
#3742=VECTOR('',#3741,3.75E-1);
#3743=CARTESIAN_POINT('',(1.43E1,8.E-1,-1.5E0));
#3744=LINE('41700',#3743,#3742);
#3745=DIRECTION('',(0.E0,-1.E0,2.083222483320E-11));
#3746=VECTOR('',#3745,5.000000000208E-2);
#3747=CARTESIAN_POINT('',(1.4925E1,7.499999999993E-1,-1.449999999998E0));
#3748=LINE('41685',#3747,#3746);
#3749=DIRECTION('',(-1.E0,0.E0,0.E0));
#3750=VECTOR('',#3749,2.5E-1);
#3751=CARTESIAN_POINT('',(1.4925E1,7.499999999993E-1,-1.449999999998E0));
#3752=LINE('42164',#3751,#3750);
#3753=DIRECTION('',(0.E0,0.E0,-1.E0));
#3754=VECTOR('',#3753,1.85E0);
#3755=CARTESIAN_POINT('',(1.4675E1,7.5E-1,-1.5E0));
#3756=LINE('28973',#3755,#3754);
#3757=DIRECTION('',(1.E0,6.927791673661E-14,5.998164927708E-13));
#3758=VECTOR('',#3757,3.75E-1);
#3759=CARTESIAN_POINT('',(1.43E1,7.5E-1,-1.5E0));
#3760=LINE('29006',#3759,#3758);
#3761=DIRECTION('',(0.E0,0.E0,1.E0));
#3762=VECTOR('',#3761,1.85E0);
#3763=CARTESIAN_POINT('',(1.43E1,7.5E-1,-3.35E0));
#3764=LINE('26880',#3763,#3762);
#3765=DIRECTION('',(-1.E0,-7.549516567451E-14,0.E0));
#3766=VECTOR('',#3765,3.75E-1);
#3767=CARTESIAN_POINT('',(1.4675E1,7.5E-1,-3.35E0));
#3768=LINE('29007',#3767,#3766);
#3769=DIRECTION('',(0.E0,0.E0,-1.E0));
#3770=VECTOR('',#3769,1.85E0);
#3771=CARTESIAN_POINT('',(1.4925E1,7.5E-1,-1.5E0));
#3772=LINE('28974',#3771,#3770);
#3773=DIRECTION('',(-1.E0,0.E0,0.E0));
#3774=VECTOR('',#3773,7.5E-1);
#3775=CARTESIAN_POINT('',(1.5675E1,7.5E-1,-3.35E0));
#3776=LINE('29017',#3775,#3774);
#3777=DIRECTION('',(0.E0,0.E0,-1.E0));
#3778=VECTOR('',#3777,1.85E0);
#3779=CARTESIAN_POINT('',(1.5675E1,7.5E-1,-1.5E0));
#3780=LINE('28932',#3779,#3778);
#3781=DIRECTION('',(1.E0,0.E0,0.E0));
#3782=VECTOR('',#3781,7.5E-1);
#3783=CARTESIAN_POINT('',(1.4925E1,7.5E-1,-1.5E0));
#3784=LINE('29016',#3783,#3782);
#3785=DIRECTION('',(-1.267134545464E-12,0.E0,-1.E0));
#3786=VECTOR('',#3785,1.499999999970E-1);
#3787=CARTESIAN_POINT('',(1.5675E1,1.91E0,-4.85E0));
#3788=LINE('28950',#3787,#3786);
#3789=DIRECTION('',(0.E0,-1.E0,0.E0));
#3790=VECTOR('',#3789,9.E-1);
#3791=CARTESIAN_POINT('',(1.5675E1,1.91E0,-4.999999999997E0));
#3792=LINE('26096',#3791,#3790);
#3793=DIRECTION('',(1.267134545464E-12,0.E0,1.E0));
#3794=VECTOR('',#3793,1.499999999970E-1);
#3795=CARTESIAN_POINT('',(1.5675E1,1.01E0,-4.999999999997E0));
#3796=LINE('28951',#3795,#3794);
#3797=DIRECTION('',(-2.000738755962E-13,0.E0,-1.E0));
#3798=VECTOR('',#3797,9.499999999970E-1);
#3799=CARTESIAN_POINT('',(1.5675E1,6.E-1,-4.85E0));
#3800=LINE('28954',#3799,#3798);
#3801=DIRECTION('',(0.E0,1.E0,-1.253898945459E-14));
#3802=VECTOR('',#3801,1.7E0);
#3803=CARTESIAN_POINT('',(1.5675E1,6.E-1,-5.799999999997E0));
#3804=LINE('26099',#3803,#3802);
#3805=DIRECTION('',(0.E0,-1.414213562366E-1,9.899494936613E-1));
#3806=VECTOR('',#3805,7.071067811895E-1);
#3807=CARTESIAN_POINT('',(1.5675E1,2.4E0,-6.5E0));
#3808=LINE('26085',#3807,#3806);
#3809=DIRECTION('',(0.E0,1.E0,-7.105427357596E-13));
#3810=VECTOR('',#3809,3.000000000002E-1);
#3811=CARTESIAN_POINT('',(1.5675E1,2.4E0,-6.5E0));
#3812=LINE('26088',#3811,#3810);
#3813=DIRECTION('',(0.E0,1.414213562369E-1,-9.899494936612E-1));
#3814=VECTOR('',#3813,1.060660171783E0);
#3815=CARTESIAN_POINT('',(1.5675E1,2.55E0,-5.449999999997E0));
#3816=LINE('26090',#3815,#3814);
#3817=DIRECTION('',(0.E0,-1.E0,9.992007221618E-14));
#3818=VECTOR('',#3817,2.400000000002E-1);
#3819=CARTESIAN_POINT('',(1.5675E1,2.55E0,-5.449999999997E0));
#3820=LINE('26092',#3819,#3818);
#3821=DIRECTION('',(-3.167836363613E-13,-1.635728589623E-13,-1.E0));
#3822=VECTOR('',#3821,5.999999999970E-1);
#3823=CARTESIAN_POINT('',(1.5675E1,2.31E0,-4.85E0));
#3824=LINE('28946',#3823,#3822);
#3825=DIRECTION('',(0.E0,-1.E0,0.E0));
#3826=VECTOR('',#3825,2.1E-1);
#3827=CARTESIAN_POINT('',(1.5675E1,1.01E0,-3.E0));
#3828=LINE('40196',#3827,#3826);
#3829=DIRECTION('',(0.E0,0.E0,-1.E0));
#3830=VECTOR('',#3829,1.5E0);
#3831=CARTESIAN_POINT('',(1.5675E1,8.E-1,-1.5E0));
#3832=LINE('41461',#3831,#3830);
#3833=DIRECTION('',(0.E0,-7.071067811800E-1,7.071067811931E-1));
#3834=VECTOR('',#3833,7.071067812029E-2);
#3835=CARTESIAN_POINT('',(1.5675E1,8.E-1,-1.5E0));
#3836=LINE('41593',#3835,#3834);
#3837=DIRECTION('',(0.E0,-1.E0,2.083222483320E-11));
#3838=VECTOR('',#3837,5.000000000208E-2);
#3839=CARTESIAN_POINT('',(1.5675E1,7.499999999993E-1,-1.449999999998E0));
#3840=LINE('41682',#3839,#3838);
#3841=DIRECTION('',(0.E0,0.E0,1.E0));
#3842=VECTOR('',#3841,3.5E-1);
#3843=CARTESIAN_POINT('',(1.5675E1,1.01E0,-3.35E0));
#3844=LINE('40384',#3843,#3842);
#3845=DIRECTION('',(1.E0,0.E0,0.E0));
#3846=VECTOR('',#3845,2.5E-1);
#3847=CARTESIAN_POINT('',(1.5675E1,1.91E0,-2.107459249412E0));
#3848=LINE('48141',#3847,#3846);
#3849=DIRECTION('',(0.E0,0.E0,-1.E0));
#3850=VECTOR('',#3849,2.742540750588E0);
#3851=CARTESIAN_POINT('',(1.5925E1,1.91E0,-2.107459249412E0));
#3852=LINE('48153',#3851,#3850);
#3853=DIRECTION('',(1.314504061183E-12,0.E0,-1.E0));
#3854=VECTOR('',#3853,1.499999999970E-1);
#3855=CARTESIAN_POINT('',(1.5925E1,1.91E0,-4.85E0));
#3856=LINE('28941',#3855,#3854);
#3857=DIRECTION('',(0.E0,0.E0,1.E0));
#3858=VECTOR('',#3857,2.742540750588E0);
#3859=CARTESIAN_POINT('',(1.5675E1,1.91E0,-4.85E0));
#3860=LINE('48152',#3859,#3858);
#3861=DIRECTION('',(0.E0,6.750019999360E-1,-7.378158985020E-1));
#3862=VECTOR('',#3861,1.629624801266E-1);
#3863=CARTESIAN_POINT('',(1.5675E1,1.8E0,-1.987222940715E0));
#3864=LINE('48130',#3863,#3862);
#3865=DIRECTION('',(8.375552550989E-13,-1.E0,2.617360172184E-14));
#3866=VECTOR('',#3865,1.187694571801E-1);
#3867=CARTESIAN_POINT('',(1.5675E1,1.8E0,-3.35E0));
#3868=LINE('26195',#3867,#3866);
#3869=DIRECTION('',(0.E0,3.030598162383E-14,1.E0));
#3870=VECTOR('',#3869,1.362777059285E0);
#3871=CARTESIAN_POINT('',(1.5675E1,1.8E0,-3.35E0));
#3872=LINE('48148',#3871,#3870);
#3873=DIRECTION('',(0.E0,7.926239891033E-1,6.097107608513E-1));
#3874=VECTOR('',#3873,3.974141640013E-1);
#3875=CARTESIAN_POINT('',(1.5675E1,1.8E0,-1.242307692306E0));
#3876=LINE('48131',#3875,#3874);
#3877=DIRECTION('',(0.E0,2.877416118441E-13,1.E0));
#3878=VECTOR('',#3877,2.423076923064E-1);
#3879=CARTESIAN_POINT('',(1.5675E1,1.8E0,-1.242307692306E0));
#3880=LINE('48149',#3879,#3878);
#3881=DIRECTION('',(0.E0,7.926239891033E-1,6.097107608513E-1));
#3882=VECTOR('',#3881,1.387795493352E-1);
#3883=CARTESIAN_POINT('',(1.5675E1,2.2E0,-9.346153846127E-1));
#3884=LINE('48132',#3883,#3882);
#3885=DIRECTION('',(-1.E0,0.E0,0.E0));
#3886=VECTOR('',#3885,2.499999999996E-1);
#3887=CARTESIAN_POINT('',(1.5925E1,1.681230542820E0,-4.85E0));
#3888=LINE('26365',#3887,#3886);
#3889=DIRECTION('',(-5.684341886081E-14,-1.514344205589E-13,-1.E0));
#3890=VECTOR('',#3889,1.5E0);
#3891=CARTESIAN_POINT('',(1.5925E1,1.681230542820E0,-3.35E0));
#3892=LINE('27177',#3891,#3890);
#3893=DIRECTION('',(1.E0,0.E0,0.E0));
#3894=VECTOR('',#3893,2.499999999998E-1);
#3895=CARTESIAN_POINT('',(1.5675E1,1.681230542820E0,-3.35E0));
#3896=LINE('26196',#3895,#3894);
#3897=DIRECTION('',(-5.329070518201E-14,1.514344205589E-13,1.E0));
#3898=VECTOR('',#3897,1.5E0);
#3899=CARTESIAN_POINT('',(1.5675E1,1.681230542820E0,-4.85E0));
#3900=LINE('26360',#3899,#3898);
#3901=DIRECTION('',(0.E0,6.750019999360E-1,-7.378158985020E-1));
#3902=VECTOR('',#3901,1.629624801266E-1);
#3903=CARTESIAN_POINT('',(1.5925E1,1.8E0,-1.987222940715E0));
#3904=LINE('48137',#3903,#3902);
#3905=DIRECTION('',(0.E0,-3.014304623876E-14,-1.E0));
#3906=VECTOR('',#3905,1.362777059285E0);
#3907=CARTESIAN_POINT('',(1.5925E1,1.8E0,-1.987222940715E0));
#3908=LINE('48151',#3907,#3906);
#3909=DIRECTION('',(-7.777298797347E-13,-1.E0,2.991268768210E-14));
#3910=VECTOR('',#3909,1.187694571801E-1);
#3911=CARTESIAN_POINT('',(1.5925E1,1.8E0,-3.35E0));
#3912=LINE('26197',#3911,#3910);
#3913=DIRECTION('',(7.842482252252E-13,1.E0,-5.241262891357E-13));
#3914=VECTOR('',#3913,2.287694571803E-1);
#3915=CARTESIAN_POINT('',(1.5925E1,1.681230542820E0,-4.85E0));
#3916=LINE('28961',#3915,#3914);
#3917=DIRECTION('',(0.E0,7.926239891033E-1,6.097107608513E-1));
#3918=VECTOR('',#3917,3.974141640013E-1);
#3919=CARTESIAN_POINT('',(1.5925E1,1.8E0,-1.242307692306E0));
#3920=LINE('48138',#3919,#3918);
#3921=DIRECTION('',(0.E0,-1.E0,4.617117975472E-14));
#3922=VECTOR('',#3921,3.149999999968E-1);
#3923=CARTESIAN_POINT('',(1.5925E1,2.114999999997E0,-1.E0));
#3924=LINE('48144',#3923,#3922);
#3925=DIRECTION('',(0.E0,-2.877416118441E-13,-1.E0));
#3926=VECTOR('',#3925,2.423076923064E-1);
#3927=CARTESIAN_POINT('',(1.5925E1,1.8E0,-1.E0));
#3928=LINE('48150',#3927,#3926);
#3929=DIRECTION('',(0.E0,7.926239891033E-1,6.097107608513E-1));
#3930=VECTOR('',#3929,1.387795493352E-1);
#3931=CARTESIAN_POINT('',(1.5925E1,2.2E0,-9.346153846127E-1));
#3932=LINE('48139',#3931,#3930);
#3933=DIRECTION('',(8.235836255403E-13,-1.E0,0.E0));
#3934=VECTOR('',#3933,1.1E-1);
#3935=CARTESIAN_POINT('',(1.5925E1,2.31E0,0.E0));
#3936=LINE('27007',#3935,#3934);
#3937=DIRECTION('',(0.E0,1.154631945613E-13,-1.E0));
#3938=VECTOR('',#3937,9.346153846127E-1);
#3939=CARTESIAN_POINT('',(1.5925E1,2.2E0,0.E0));
#3940=LINE('48145',#3939,#3938);
#3941=DIRECTION('',(0.E0,0.E0,-1.E0));
#3942=VECTOR('',#3941,7.449152484090E-1);
#3943=CARTESIAN_POINT('',(1.5925E1,1.8E0,-1.242307692306E0));
#3944=LINE('48129',#3943,#3942);
#3945=DIRECTION('',(0.E0,0.E0,-1.E0));
#3946=VECTOR('',#3945,7.449152484090E-1);
#3947=CARTESIAN_POINT('',(1.6675E1,1.8E0,-1.242307692306E0));
#3948=LINE('48094',#3947,#3946);
#3949=DIRECTION('',(1.E0,0.E0,0.E0));
#3950=VECTOR('',#3949,7.5E-1);
#3951=CARTESIAN_POINT('',(1.5925E1,1.8E0,-3.35E0));
#3952=LINE('26198',#3951,#3950);
#3953=DIRECTION('',(0.E0,-6.750019999360E-1,7.378158985020E-1));
#3954=VECTOR('',#3953,5.925908368240E-1);
#3955=CARTESIAN_POINT('',(1.5925E1,1.8E0,-1.987222940715E0));
#3956=LINE('48155',#3955,#3954);
#3957=DIRECTION('',(0.E0,7.926239891033E-1,6.097107608513E-1));
#3958=VECTOR('',#3957,5.046529066733E-1);
#3959=CARTESIAN_POINT('',(1.5925E1,1.4E0,-1.55E0));
#3960=LINE('48156',#3959,#3958);
#3961=DIRECTION('',(0.E0,7.926239891033E-1,6.097107608513E-1));
#3962=VECTOR('',#3961,1.072387426720E-1);
#3963=CARTESIAN_POINT('',(1.5925E1,2.114999999997E0,-1.E0));
#3964=LINE('48157',#3963,#3962);
#3965=DIRECTION('',(-1.E0,0.E0,0.E0));
#3966=VECTOR('',#3965,2.5E-1);
#3967=CARTESIAN_POINT('',(1.5925E1,1.4E0,-1.55E0));
#3968=LINE('48127',#3967,#3966);
#3969=DIRECTION('',(0.E0,7.926239891033E-1,6.097107608513E-1));
#3970=VECTOR('',#3969,5.046529066733E-1);
#3971=CARTESIAN_POINT('',(1.5675E1,1.4E0,-1.55E0));
#3972=LINE('48159',#3971,#3970);
#3973=DIRECTION('',(0.E0,-6.750019999360E-1,7.378158985020E-1));
#3974=VECTOR('',#3973,5.925908368240E-1);
#3975=CARTESIAN_POINT('',(1.5675E1,1.8E0,-1.987222940715E0));
#3976=LINE('48158',#3975,#3974);
#3977=DIRECTION('',(0.E0,7.926239891033E-1,6.097107608513E-1));
#3978=VECTOR('',#3977,1.072387426720E-1);
#3979=CARTESIAN_POINT('',(1.5675E1,2.114999999997E0,-1.E0));
#3980=LINE('48160',#3979,#3978);
#3981=DIRECTION('',(0.E0,-1.E0,0.E0));
#3982=VECTOR('',#3981,8.500000000309E-2);
#3983=CARTESIAN_POINT('',(1.4925E1,2.2E0,-1.E0));
#3984=LINE('48172',#3983,#3982);
#3985=DIRECTION('',(0.E0,-1.E0,0.E0));
#3986=VECTOR('',#3985,8.500000000309E-2);
#3987=CARTESIAN_POINT('',(1.5675E1,2.2E0,-1.E0));
#3988=LINE('48133',#3987,#3986);
#3989=DIRECTION('',(0.E0,1.E0,-4.617117975472E-14));
#3990=VECTOR('',#3989,3.149999999968E-1);
#3991=CARTESIAN_POINT('',(1.5675E1,1.8E0,-1.E0));
#3992=LINE('48143',#3991,#3990);
#3993=DIRECTION('',(1.E0,0.E0,0.E0));
#3994=VECTOR('',#3993,7.5E-1);
#3995=CARTESIAN_POINT('',(1.4925E1,1.8E0,-1.E0));
#3996=LINE('26317',#3995,#3994);
#3997=DIRECTION('',(0.E0,-1.E0,4.617117975472E-14));
#3998=VECTOR('',#3997,3.149999999968E-1);
#3999=CARTESIAN_POINT('',(1.4925E1,2.114999999997E0,-1.E0));
#4000=LINE('48179',#3999,#3998);
#4001=DIRECTION('',(0.E0,0.E0,1.E0));
#4002=VECTOR('',#4001,6.538461538728E-2);
#4003=CARTESIAN_POINT('',(1.4925E1,2.2E0,-1.E0));
#4004=LINE('48174',#4003,#4002);
#4005=DIRECTION('',(0.E0,1.154631945613E-13,-1.E0));
#4006=VECTOR('',#4005,9.346153846127E-1);
#4007=CARTESIAN_POINT('',(1.4925E1,2.2E0,0.E0));
#4008=LINE('48178',#4007,#4006);
#4009=DIRECTION('',(-1.E0,0.E0,0.E0));
#4010=VECTOR('',#4009,7.5E-1);
#4011=CARTESIAN_POINT('',(1.5675E1,2.2E0,0.E0));
#4012=LINE('27009',#4011,#4010);
#4013=DIRECTION('',(0.E0,-1.154631945613E-13,1.E0));
#4014=VECTOR('',#4013,9.346153846127E-1);
#4015=CARTESIAN_POINT('',(1.5675E1,2.2E0,-9.346153846127E-1));
#4016=LINE('48142',#4015,#4014);
#4017=DIRECTION('',(0.E0,0.E0,1.E0));
#4018=VECTOR('',#4017,6.538461538728E-2);
#4019=CARTESIAN_POINT('',(1.5675E1,2.2E0,-1.E0));
#4020=LINE('48135',#4019,#4018);
#4021=DIRECTION('',(1.E0,0.E0,0.E0));
#4022=VECTOR('',#4021,7.5E-1);
#4023=CARTESIAN_POINT('',(1.4925E1,2.2E0,-1.E0));
#4024=LINE('48189',#4023,#4022);
#4025=DIRECTION('',(-1.E0,0.E0,0.E0));
#4026=VECTOR('',#4025,2.5E-1);
#4027=CARTESIAN_POINT('',(1.5925E1,2.31E0,-8.499999999970E-1));
#4028=LINE('48140',#4027,#4026);
#4029=DIRECTION('',(-1.170305682433E-13,1.483780418798E-13,-1.E0));
#4030=VECTOR('',#4029,8.499999999970E-1);
#4031=CARTESIAN_POINT('',(1.5675E1,2.31E0,0.E0));
#4032=LINE('48146',#4031,#4030);
#4033=DIRECTION('',(-1.E0,0.E0,0.E0));
#4034=VECTOR('',#4033,2.499999999998E-1);
#4035=CARTESIAN_POINT('',(1.5925E1,2.31E0,0.E0));
#4036=LINE('27008',#4035,#4034);
#4037=DIRECTION('',(-1.065814103644E-13,-1.489004997738E-13,1.E0));
#4038=VECTOR('',#4037,8.499999999970E-1);
#4039=CARTESIAN_POINT('',(1.5925E1,2.31E0,-8.499999999970E-1));
#4040=LINE('48147',#4039,#4038);
#4041=DIRECTION('',(0.E0,-1.E0,0.E0));
#4042=VECTOR('',#4041,8.500000000309E-2);
#4043=CARTESIAN_POINT('',(1.5925E1,2.2E0,-1.E0));
#4044=LINE('48134',#4043,#4042);
#4045=DIRECTION('',(4.179663151378E-14,-1.E0,0.E0));
#4046=VECTOR('',#4045,8.500000000309E-2);
#4047=CARTESIAN_POINT('',(1.6675E1,2.2E0,-1.E0));
#4048=LINE('48096',#4047,#4046);
#4049=DIRECTION('',(1.E0,0.E0,0.E0));
#4050=VECTOR('',#4049,7.5E-1);
#4051=CARTESIAN_POINT('',(1.5925E1,1.8E0,-1.E0));
#4052=LINE('26318',#4051,#4050);
#4053=DIRECTION('',(0.E0,0.E0,1.E0));
#4054=VECTOR('',#4053,6.538461538728E-2);
#4055=CARTESIAN_POINT('',(1.5925E1,2.2E0,-1.E0));
#4056=LINE('48136',#4055,#4054);
#4057=DIRECTION('',(-1.E0,0.E0,0.E0));
#4058=VECTOR('',#4057,7.5E-1);
#4059=CARTESIAN_POINT('',(1.6675E1,2.2E0,0.E0));
#4060=LINE('27006',#4059,#4058);
#4061=DIRECTION('',(5.433562096768E-14,0.E0,1.E0));
#4062=VECTOR('',#4061,6.538461538728E-2);
#4063=CARTESIAN_POINT('',(1.6675E1,2.2E0,-1.E0));
#4064=LINE('48098',#4063,#4062);
#4065=DIRECTION('',(1.E0,0.E0,0.E0));
#4066=VECTOR('',#4065,7.5E-1);
#4067=CARTESIAN_POINT('',(1.5925E1,2.2E0,-1.E0));
#4068=LINE('48154',#4067,#4066);
#4069=DIRECTION('',(0.E0,7.926239891033E-1,6.097107608513E-1));
#4070=VECTOR('',#4069,5.046529066733E-1);
#4071=CARTESIAN_POINT('',(1.6675E1,1.4E0,-1.55E0));
#4072=LINE('48125',#4071,#4070);
#4073=DIRECTION('',(0.E0,-6.750019999360E-1,7.378158985020E-1));
#4074=VECTOR('',#4073,5.925908368240E-1);
#4075=CARTESIAN_POINT('',(1.6675E1,1.8E0,-1.987222940715E0));
#4076=LINE('48124',#4075,#4074);
#4077=DIRECTION('',(0.E0,7.926239891033E-1,6.097107608513E-1));
#4078=VECTOR('',#4077,1.072387426720E-1);
#4079=CARTESIAN_POINT('',(1.6675E1,2.114999999997E0,-1.E0));
#4080=LINE('48126',#4079,#4078);
#4081=DIRECTION('',(-1.E0,0.E0,0.E0));
#4082=VECTOR('',#4081,2.5E-1);
#4083=CARTESIAN_POINT('',(1.6925E1,1.4E0,-1.55E0));
#4084=LINE('48093',#4083,#4082);
#4085=DIRECTION('',(-1.E0,0.E0,0.E0));
#4086=VECTOR('',#4085,2.5E-1);
#4087=CARTESIAN_POINT('',(1.6925E1,2.31E0,-8.499999999970E-1));
#4088=LINE('48106',#4087,#4086);
#4089=DIRECTION('',(-1.212102313948E-13,1.483780418798E-13,-1.E0));
#4090=VECTOR('',#4089,8.499999999970E-1);
#4091=CARTESIAN_POINT('',(1.6675E1,2.31E0,0.E0));
#4092=LINE('48112',#4091,#4090);
#4093=DIRECTION('',(-1.E0,0.E0,0.E0));
#4094=VECTOR('',#4093,2.499999999998E-1);
#4095=CARTESIAN_POINT('',(1.6925E1,2.31E0,0.E0));
#4096=LINE('27004',#4095,#4094);
#4097=DIRECTION('',(-1.086712419402E-13,-1.489004997738E-13,1.E0));
#4098=VECTOR('',#4097,8.499999999970E-1);
#4099=CARTESIAN_POINT('',(1.6925E1,2.31E0,-8.499999999970E-1));
#4100=LINE('48113',#4099,#4098);
#4101=DIRECTION('',(0.E0,-6.750019999360E-1,7.378158985020E-1));
#4102=VECTOR('',#4101,5.925908368240E-1);
#4103=CARTESIAN_POINT('',(1.6925E1,1.8E0,-1.987222940715E0));
#4104=LINE('48121',#4103,#4102);
#4105=DIRECTION('',(0.E0,7.926239891033E-1,6.097107608513E-1));
#4106=VECTOR('',#4105,5.046529066733E-1);
#4107=CARTESIAN_POINT('',(1.6925E1,1.4E0,-1.55E0));
#4108=LINE('48122',#4107,#4106);
#4109=DIRECTION('',(0.E0,7.926239891033E-1,6.097107608513E-1));
#4110=VECTOR('',#4109,1.072387426720E-1);
#4111=CARTESIAN_POINT('',(1.6925E1,2.114999999997E0,-1.E0));
#4112=LINE('48123',#4111,#4110);
#4113=DIRECTION('',(0.E0,1.414213562369E-1,-9.899494936612E-1));
#4114=VECTOR('',#4113,1.060660171783E0);
#4115=CARTESIAN_POINT('',(1.5925E1,2.55E0,-5.449999999997E0));
#4116=LINE('26080',#4115,#4114);
#4117=DIRECTION('',(0.E0,-1.414213562366E-1,9.899494936613E-1));
#4118=VECTOR('',#4117,7.071067811895E-1);
#4119=CARTESIAN_POINT('',(1.5925E1,2.4E0,-6.5E0));
#4120=LINE('26078',#4119,#4118);
#4121=DIRECTION('',(0.E0,-1.E0,0.E0));
#4122=VECTOR('',#4121,2.1E-1);
#4123=CARTESIAN_POINT('',(1.5925E1,1.01E0,-3.E0));
#4124=LINE('40194',#4123,#4122);
#4125=DIRECTION('',(0.E0,-7.071067811800E-1,7.071067811931E-1));
#4126=VECTOR('',#4125,7.071067812029E-2);
#4127=CARTESIAN_POINT('',(1.5925E1,8.E-1,-1.5E0));
#4128=LINE('41592',#4127,#4126);
#4129=DIRECTION('',(0.E0,0.E0,-1.E0));
#4130=VECTOR('',#4129,1.5E0);
#4131=CARTESIAN_POINT('',(1.5925E1,8.E-1,-1.5E0));
#4132=LINE('41457',#4131,#4130);
#4133=DIRECTION('',(1.E0,0.E0,0.E0));
#4134=VECTOR('',#4133,2.500000000004E-1);
#4135=CARTESIAN_POINT('',(1.5675E1,2.31E0,-5.449999999997E0));
#4136=LINE('26091',#4135,#4134);
#4137=DIRECTION('',(3.286260152907E-13,-1.643130076454E-13,-1.E0));
#4138=VECTOR('',#4137,5.999999999970E-1);
#4139=CARTESIAN_POINT('',(1.5925E1,2.31E0,-4.85E0));
#4140=LINE('28938',#4139,#4138);
#4141=DIRECTION('',(0.E0,-1.E0,9.992007221618E-14));
#4142=VECTOR('',#4141,2.400000000002E-1);
#4143=CARTESIAN_POINT('',(1.5925E1,2.55E0,-5.449999999997E0));
#4144=LINE('26081',#4143,#4142);
#4145=DIRECTION('',(1.E0,0.E0,0.E0));
#4146=VECTOR('',#4145,2.500000000004E-1);
#4147=CARTESIAN_POINT('',(1.5675E1,2.55E0,-5.449999999997E0));
#4148=LINE('26089',#4147,#4146);
#4149=DIRECTION('',(1.E0,0.E0,0.E0));
#4150=VECTOR('',#4149,2.500000000004E-1);
#4151=CARTESIAN_POINT('',(1.5675E1,2.7E0,-6.5E0));
#4152=LINE('26087',#4151,#4150);
#4153=DIRECTION('',(0.E0,1.E0,-7.105427357596E-13));
#4154=VECTOR('',#4153,3.000000000002E-1);
#4155=CARTESIAN_POINT('',(1.5925E1,2.4E0,-6.5E0));
#4156=LINE('26079',#4155,#4154);
#4157=DIRECTION('',(1.E0,0.E0,0.E0));
#4158=VECTOR('',#4157,2.500000000004E-1);
#4159=CARTESIAN_POINT('',(1.5675E1,2.4E0,-6.5E0));
#4160=LINE('26084',#4159,#4158);
#4161=DIRECTION('',(0.E0,1.E0,-1.253898945459E-14));
#4162=VECTOR('',#4161,1.7E0);
#4163=CARTESIAN_POINT('',(1.5925E1,6.E-1,-5.799999999997E0));
#4164=LINE('26083',#4163,#4162);
#4165=DIRECTION('',(-1.E0,0.E0,0.E0));
#4166=VECTOR('',#4165,2.500000000004E-1);
#4167=CARTESIAN_POINT('',(1.5925E1,2.3E0,-5.799999999997E0));
#4168=LINE('26086',#4167,#4166);
#4169=DIRECTION('',(1.E0,0.E0,0.E0));
#4170=VECTOR('',#4169,2.500000000004E-1);
#4171=CARTESIAN_POINT('',(1.5675E1,6.E-1,-5.799999999997E0));
#4172=LINE('26098',#4171,#4170);
#4173=DIRECTION('',(2.075532728148E-13,0.E0,-1.E0));
#4174=VECTOR('',#4173,9.499999999970E-1);
#4175=CARTESIAN_POINT('',(1.5925E1,6.E-1,-4.85E0));
#4176=LINE('28945',#4175,#4174);
#4177=DIRECTION('',(1.E0,0.E0,0.E0));
#4178=VECTOR('',#4177,2.500000000004E-1);
#4179=CARTESIAN_POINT('',(1.5675E1,1.01E0,-4.999999999997E0));
#4180=LINE('26095',#4179,#4178);
#4181=DIRECTION('',(-1.314504061183E-12,0.E0,1.E0));
#4182=VECTOR('',#4181,1.499999999970E-1);
#4183=CARTESIAN_POINT('',(1.5925E1,1.01E0,-4.999999999997E0));
#4184=LINE('28942',#4183,#4182);
#4185=DIRECTION('',(0.E0,0.E0,1.E0));
#4186=VECTOR('',#4185,3.5E-1);
#4187=CARTESIAN_POINT('',(1.5925E1,1.01E0,-3.35E0));
#4188=LINE('40383',#4187,#4186);
#4189=DIRECTION('',(0.E0,0.E0,-1.E0));
#4190=VECTOR('',#4189,1.550000000003E0);
#4191=CARTESIAN_POINT('',(1.5925E1,1.01E0,-1.449999999997E0));
#4192=LINE('42157',#4191,#4190);
#4193=DIRECTION('',(-1.E0,0.E0,0.E0));
#4194=VECTOR('',#4193,2.5E-1);
#4195=CARTESIAN_POINT('',(1.5925E1,1.01E0,-1.449999999997E0));
#4196=LINE('42158',#4195,#4194);
#4197=DIRECTION('',(0.E0,0.E0,-1.E0));
#4198=VECTOR('',#4197,1.550000000003E0);
#4199=CARTESIAN_POINT('',(1.5675E1,1.01E0,-1.449999999997E0));
#4200=LINE('42159',#4199,#4198);
#4201=DIRECTION('',(0.E0,-1.E0,0.E0));
#4202=VECTOR('',#4201,9.E-1);
#4203=CARTESIAN_POINT('',(1.5925E1,1.91E0,-4.999999999997E0));
#4204=LINE('26082',#4203,#4202);
#4205=DIRECTION('',(1.E0,0.E0,0.E0));
#4206=VECTOR('',#4205,2.500000000004E-1);
#4207=CARTESIAN_POINT('',(1.5675E1,1.91E0,-4.999999999997E0));
#4208=LINE('26094',#4207,#4206);
#4209=DIRECTION('',(0.E0,-1.E0,0.E0));
#4210=VECTOR('',#4209,5.E-2);
#4211=CARTESIAN_POINT('',(1.5925E1,1.06E0,-3.E0));
#4212=LINE('42286',#4211,#4210);
#4213=DIRECTION('',(-1.E0,0.E0,0.E0));
#4214=VECTOR('',#4213,2.5E-1);
#4215=CARTESIAN_POINT('',(1.5925E1,1.06E0,-3.E0));
#4216=LINE('35193',#4215,#4214);
#4217=DIRECTION('',(1.272100704342E-13,0.E0,1.E0));
#4218=VECTOR('',#4217,1.550000000003E0);
#4219=CARTESIAN_POINT('',(1.5925E1,1.06E0,-3.E0));
#4220=LINE('35512',#4219,#4218);
#4221=DIRECTION('',(3.801403636317E-12,-1.E0,-6.661338147751E-13));
#4222=VECTOR('',#4221,5.E-2);
#4223=CARTESIAN_POINT('',(1.5675E1,1.06E0,-1.449999999997E0));
#4224=LINE('42312',#4223,#4222);
#4225=DIRECTION('',(-1.226259237519E-13,0.E0,1.E0));
#4226=VECTOR('',#4225,1.550000000003E0);
#4227=CARTESIAN_POINT('',(1.5675E1,1.06E0,-3.E0));
#4228=LINE('35514',#4227,#4226);
#4229=DIRECTION('',(0.E0,-1.E0,0.E0));
#4230=VECTOR('',#4229,5.E-2);
#4231=CARTESIAN_POINT('',(1.5675E1,1.06E0,-3.E0));
#4232=LINE('42287',#4231,#4230);
#4233=DIRECTION('',(-3.943512183469E-12,-1.E0,-6.661338147751E-13));
#4234=VECTOR('',#4233,5.E-2);
#4235=CARTESIAN_POINT('',(1.5925E1,1.06E0,-1.449999999997E0));
#4236=LINE('42311',#4235,#4234);
#4237=DIRECTION('',(1.E0,0.E0,0.E0));
#4238=VECTOR('',#4237,2.500000000004E-1);
#4239=CARTESIAN_POINT('',(1.5675E1,1.06E0,-1.449999999997E0));
#4240=LINE('34791',#4239,#4238);
#4241=DIRECTION('',(0.E0,0.E0,-1.E0));
#4242=VECTOR('',#4241,1.85E0);
#4243=CARTESIAN_POINT('',(1.5925E1,7.5E-1,-1.5E0));
#4244=LINE('28933',#4243,#4242);
#4245=DIRECTION('',(-1.E0,0.E0,0.E0));
#4246=VECTOR('',#4245,7.5E-1);
#4247=CARTESIAN_POINT('',(1.6675E1,7.5E-1,-3.35E0));
#4248=LINE('28964',#4247,#4246);
#4249=DIRECTION('',(0.E0,0.E0,-1.E0));
#4250=VECTOR('',#4249,1.85E0);
#4251=CARTESIAN_POINT('',(1.6675E1,7.5E-1,-1.5E0));
#4252=LINE('28871',#4251,#4250);
#4253=DIRECTION('',(1.E0,0.E0,0.E0));
#4254=VECTOR('',#4253,7.5E-1);
#4255=CARTESIAN_POINT('',(1.5925E1,7.5E-1,-1.5E0));
#4256=LINE('28963',#4255,#4254);
#4257=DIRECTION('',(0.E0,-1.E0,2.083222483320E-11));
#4258=VECTOR('',#4257,5.000000000208E-2);
#4259=CARTESIAN_POINT('',(1.5925E1,7.499999999993E-1,-1.449999999998E0));
#4260=LINE('41681',#4259,#4258);
#4261=DIRECTION('',(-1.E0,0.E0,0.E0));
#4262=VECTOR('',#4261,2.5E-1);
#4263=CARTESIAN_POINT('',(1.5925E1,7.499999999993E-1,-1.449999999998E0));
#4264=LINE('42160',#4263,#4262);
#4265=DIRECTION('',(1.E0,0.E0,0.E0));
#4266=VECTOR('',#4265,7.5E-1);
#4267=CARTESIAN_POINT('',(1.5925E1,8.E-1,-3.E0));
#4268=LINE('42250',#4267,#4266);
#4269=DIRECTION('',(1.E0,0.E0,0.E0));
#4270=VECTOR('',#4269,7.5E-1);
#4271=CARTESIAN_POINT('',(1.5925E1,8.E-1,-1.5E0));
#4272=LINE('41699',#4271,#4270);
#4273=DIRECTION('',(1.E0,0.E0,0.E0));
#4274=VECTOR('',#4273,7.5E-1);
#4275=CARTESIAN_POINT('',(1.4925E1,8.E-1,-3.E0));
#4276=LINE('42249',#4275,#4274);
#4277=DIRECTION('',(1.E0,0.E0,0.E0));
#4278=VECTOR('',#4277,7.5E-1);
#4279=CARTESIAN_POINT('',(1.4925E1,8.E-1,-1.5E0));
#4280=LINE('41701',#4279,#4278);
#4281=DIRECTION('',(-1.E0,0.E0,0.E0));
#4282=VECTOR('',#4281,2.5E-1);
#4283=CARTESIAN_POINT('',(1.4925E1,2.31E0,-8.499999999970E-1));
#4284=LINE('48170',#4283,#4282);
#4285=DIRECTION('',(-1.191203998190E-13,1.483780418798E-13,-1.E0));
#4286=VECTOR('',#4285,8.499999999970E-1);
#4287=CARTESIAN_POINT('',(1.4675E1,2.31E0,0.E0));
#4288=LINE('48181',#4287,#4286);
#4289=DIRECTION('',(-1.065814103644E-13,-1.489004997738E-13,1.E0));
#4290=VECTOR('',#4289,8.499999999970E-1);
#4291=CARTESIAN_POINT('',(1.4925E1,2.31E0,-8.499999999970E-1));
#4292=LINE('48182',#4291,#4290);
#4293=DIRECTION('',(0.E0,-1.E0,0.E0));
#4294=VECTOR('',#4293,8.500000000309E-2);
#4295=CARTESIAN_POINT('',(1.4675E1,2.2E0,-1.E0));
#4296=LINE('48171',#4295,#4294);
#4297=DIRECTION('',(0.E0,1.E0,-4.617117975472E-14));
#4298=VECTOR('',#4297,3.149999999968E-1);
#4299=CARTESIAN_POINT('',(1.4675E1,1.8E0,-1.E0));
#4300=LINE('48177',#4299,#4298);
#4301=DIRECTION('',(1.E0,-1.816959281444E-13,1.662162471153E-14));
#4302=VECTOR('',#4301,8.75E-1);
#4303=CARTESIAN_POINT('',(1.38E1,1.8E0,-1.E0));
#4304=LINE('26348',#4303,#4302);
#4305=DIRECTION('',(0.E0,-1.E0,0.E0));
#4306=VECTOR('',#4305,6.499999999998E-1);
#4307=CARTESIAN_POINT('',(1.38E1,2.45E0,-1.2E0));
#4308=LINE('26156',#4307,#4306);
#4309=DIRECTION('',(0.E0,0.E0,-1.E0));
#4310=VECTOR('',#4309,1.2E0);
#4311=CARTESIAN_POINT('',(1.38E1,2.45E0,0.E0));
#4312=LINE('26862',#4311,#4310);
#4313=DIRECTION('',(0.E0,1.E0,0.E0));
#4314=VECTOR('',#4313,2.499999999999E-1);
#4315=CARTESIAN_POINT('',(1.38E1,2.2E0,0.E0));
#4316=LINE('27011',#4315,#4314);
#4317=DIRECTION('',(0.E0,1.E0,0.E0));
#4318=VECTOR('',#4317,3.999999999996E-1);
#4319=CARTESIAN_POINT('',(1.38E1,1.8E0,-1.E0));
#4320=LINE('27026',#4319,#4318);
#4321=DIRECTION('',(0.E0,5.528910662633E-13,1.E0));
#4322=VECTOR('',#4321,2.E-1);
#4323=CARTESIAN_POINT('',(1.38E1,1.8E0,-1.2E0));
#4324=LINE('26349',#4323,#4322);
#4325=DIRECTION('',(0.E0,0.E0,1.E0));
#4326=VECTOR('',#4325,2.4E0);
#4327=CARTESIAN_POINT('',(1.3675E1,2.45E0,-4.1E0));
#4328=LINE('43077',#4327,#4326);
#4329=DIRECTION('',(-1.E0,0.E0,0.E0));
#4330=VECTOR('',#4329,2.5E-1);
#4331=CARTESIAN_POINT('',(1.3925E1,2.45E0,-1.7E0));
#4332=LINE('43078',#4331,#4330);
#4333=DIRECTION('',(0.E0,0.E0,1.E0));
#4334=VECTOR('',#4333,2.4E0);
#4335=CARTESIAN_POINT('',(1.3925E1,2.45E0,-4.1E0));
#4336=LINE('43079',#4335,#4334);
#4337=DIRECTION('',(1.E0,0.E0,0.E0));
#4338=VECTOR('',#4337,1.1E-1);
#4339=CARTESIAN_POINT('',(1.3925E1,2.45E0,-4.1E0));
#4340=LINE('43083',#4339,#4338);
#4341=DIRECTION('',(0.E0,0.E0,1.E0));
#4342=VECTOR('',#4341,7.E-1);
#4343=CARTESIAN_POINT('',(1.4035E1,2.45E0,-4.8E0));
#4344=LINE('43054',#4343,#4342);
#4345=DIRECTION('',(-1.E0,-4.926876516827E-13,0.E0));
#4346=VECTOR('',#4345,2.65E-1);
#4347=CARTESIAN_POINT('',(1.43E1,2.45E0,-4.8E0));
#4348=LINE('43049',#4347,#4346);
#4349=DIRECTION('',(1.E0,-6.513308411134E-14,0.E0));
#4350=VECTOR('',#4349,1.8E0);
#4351=CARTESIAN_POINT('',(1.2E1,2.45E0,-1.2E0));
#4352=LINE('26157',#4351,#4350);
#4353=DIRECTION('',(7.071067811867E-1,0.E0,-7.071067811864E-1));
#4354=VECTOR('',#4353,9.192388155423E-1);
#4355=CARTESIAN_POINT('',(1.2E1,2.45E0,-4.E0));
#4356=LINE('26860',#4355,#4354);
#4357=DIRECTION('',(-1.E0,0.E0,-3.248195363474E-13));
#4358=VECTOR('',#4357,3.500000000001E-1);
#4359=CARTESIAN_POINT('',(1.34E1,2.45E0,-5.5E0));
#4360=LINE('26778',#4359,#4358);
#4361=DIRECTION('',(3.133774542038E-1,0.E0,9.496286491028E-1));
#4362=VECTOR('',#4361,5.265216044949E-1);
#4363=CARTESIAN_POINT('',(1.34E1,2.45E0,-5.5E0));
#4364=LINE('26844',#4363,#4362);
#4365=DIRECTION('',(-1.855306032263E-13,0.E0,-1.E0));
#4366=VECTOR('',#4365,8.999999999999E-1);
#4367=CARTESIAN_POINT('',(1.3565E1,2.45E0,-4.1E0));
#4368=LINE('26857',#4367,#4366);
#4369=DIRECTION('',(1.E0,0.E0,1.114260199261E-12));
#4370=VECTOR('',#4369,1.099999999999E-1);
#4371=CARTESIAN_POINT('',(1.3565E1,2.45E0,-4.1E0));
#4372=LINE('43082',#4371,#4370);
#4373=DIRECTION('',(0.E0,3.420201433257E-1,-9.396926207859E-1));
#4374=VECTOR('',#4373,3.724622203666E-1);
#4375=CARTESIAN_POINT('',(1.3675E1,2.572610418007E0,-1.7E0));
#4376=LINE('43496',#4375,#4374);
#4377=DIRECTION('',(0.E0,-1.E0,0.E0));
#4378=VECTOR('',#4377,1.226104180068E-1);
#4379=CARTESIAN_POINT('',(1.3675E1,2.572610418007E0,-1.7E0));
#4380=LINE('43508',#4379,#4378);
#4381=DIRECTION('',(0.E0,-1.E0,0.E0));
#4382=VECTOR('',#4381,7.261041800687E-2);
#4383=CARTESIAN_POINT('',(1.3675E1,2.5E-1,-1.7E0));
#4384=LINE('43492',#4383,#4382);
#4385=DIRECTION('',(0.E0,3.420201433257E-1,9.396926207859E-1));
#4386=VECTOR('',#4385,3.724622203666E-1);
#4387=CARTESIAN_POINT('',(1.3675E1,4.999999999996E-2,-2.05E0));
#4388=LINE('43480',#4387,#4386);
#4389=DIRECTION('',(0.E0,0.E0,-1.E0));
#4390=VECTOR('',#4389,2.65E0);
#4391=CARTESIAN_POINT('',(1.3675E1,4.999999999996E-2,-2.05E0));
#4392=LINE('43490',#4391,#4390);
#4393=DIRECTION('',(0.E0,1.E0,0.E0));
#4394=VECTOR('',#4393,3.5E-1);
#4395=CARTESIAN_POINT('',(1.3675E1,4.999999999996E-2,-4.7E0));
#4396=LINE('43046',#4395,#4394);
#4397=DIRECTION('',(0.E0,0.E0,-1.E0));
#4398=VECTOR('',#4397,8.E-1);
#4399=CARTESIAN_POINT('',(1.3675E1,4.E-1,-4.7E0));
#4400=LINE('43047',#4399,#4398);
#4401=DIRECTION('',(0.E0,1.E0,0.E0));
#4402=VECTOR('',#4401,2.E0);
#4403=CARTESIAN_POINT('',(1.3675E1,4.E-1,-5.5E0));
#4404=LINE('43041',#4403,#4402);
#4405=DIRECTION('',(0.E0,0.E0,-1.E0));
#4406=VECTOR('',#4405,1.5E-1);
#4407=CARTESIAN_POINT('',(1.3675E1,2.4E0,-5.5E0));
#4408=LINE('43042',#4407,#4406);
#4409=DIRECTION('',(0.E0,1.E0,0.E0));
#4410=VECTOR('',#4409,3.000000000001E-1);
#4411=CARTESIAN_POINT('',(1.3675E1,2.4E0,-5.65E0));
#4412=LINE('43043',#4411,#4410);
#4413=DIRECTION('',(0.E0,0.E0,1.E0));
#4414=VECTOR('',#4413,3.6E0);
#4415=CARTESIAN_POINT('',(1.3675E1,2.7E0,-5.65E0));
#4416=LINE('43506',#4415,#4414);
#4417=DIRECTION('',(0.E0,-3.420201433257E-1,9.396926207859E-1));
#4418=VECTOR('',#4417,3.724622203666E-1);
#4419=CARTESIAN_POINT('',(1.3925E1,2.7E0,-2.05E0));
#4420=LINE('43494',#4419,#4418);
#4421=DIRECTION('',(0.E0,0.E0,1.E0));
#4422=VECTOR('',#4421,3.6E0);
#4423=CARTESIAN_POINT('',(1.3925E1,2.7E0,-5.65E0));
#4424=LINE('43507',#4423,#4422);
#4425=DIRECTION('',(0.E0,1.E0,0.E0));
#4426=VECTOR('',#4425,3.000000000001E-1);
#4427=CARTESIAN_POINT('',(1.3925E1,2.4E0,-5.65E0));
#4428=LINE('43059',#4427,#4426);
#4429=DIRECTION('',(0.E0,0.E0,-1.E0));
#4430=VECTOR('',#4429,1.5E-1);
#4431=CARTESIAN_POINT('',(1.3925E1,2.4E0,-5.5E0));
#4432=LINE('43058',#4431,#4430);
#4433=DIRECTION('',(0.E0,1.E0,0.E0));
#4434=VECTOR('',#4433,2.E0);
#4435=CARTESIAN_POINT('',(1.3925E1,4.E-1,-5.5E0));
#4436=LINE('43057',#4435,#4434);
#4437=DIRECTION('',(0.E0,0.E0,-1.E0));
#4438=VECTOR('',#4437,8.E-1);
#4439=CARTESIAN_POINT('',(1.3925E1,4.E-1,-4.7E0));
#4440=LINE('43063',#4439,#4438);
#4441=DIRECTION('',(0.E0,1.E0,0.E0));
#4442=VECTOR('',#4441,3.5E-1);
#4443=CARTESIAN_POINT('',(1.3925E1,4.999999999996E-2,-4.7E0));
#4444=LINE('43062',#4443,#4442);
#4445=DIRECTION('',(0.E0,0.E0,-1.E0));
#4446=VECTOR('',#4445,2.65E0);
#4447=CARTESIAN_POINT('',(1.3925E1,4.999999999996E-2,-2.05E0));
#4448=LINE('43491',#4447,#4446);
#4449=DIRECTION('',(0.E0,-3.420201433257E-1,-9.396926207859E-1));
#4450=VECTOR('',#4449,3.724622203666E-1);
#4451=CARTESIAN_POINT('',(1.3925E1,1.773895819931E-1,-1.7E0));
#4452=LINE('43478',#4451,#4450);
#4453=DIRECTION('',(0.E0,-1.E0,0.E0));
#4454=VECTOR('',#4453,7.261041800687E-2);
#4455=CARTESIAN_POINT('',(1.3925E1,2.5E-1,-1.7E0));
#4456=LINE('43493',#4455,#4454);
#4457=DIRECTION('',(0.E0,-1.E0,0.E0));
#4458=VECTOR('',#4457,1.226104180068E-1);
#4459=CARTESIAN_POINT('',(1.3925E1,2.572610418007E0,-1.7E0));
#4460=LINE('43509',#4459,#4458);
#4461=DIRECTION('',(1.E0,0.E0,0.E0));
#4462=VECTOR('',#4461,2.5E-1);
#4463=CARTESIAN_POINT('',(1.3675E1,2.7E0,-2.05E0));
#4464=LINE('43497',#4463,#4462);
#4465=DIRECTION('',(1.E0,0.E0,0.E0));
#4466=VECTOR('',#4465,2.5E-1);
#4467=CARTESIAN_POINT('',(1.3675E1,2.7E0,-5.65E0));
#4468=LINE('43065',#4467,#4466);
#4469=DIRECTION('',(1.E0,0.E0,0.E0));
#4470=VECTOR('',#4469,2.5E-1);
#4471=CARTESIAN_POINT('',(1.3675E1,2.4E0,-5.65E0));
#4472=LINE('43066',#4471,#4470);
#4473=DIRECTION('',(1.E0,0.E0,0.E0));
#4474=VECTOR('',#4473,2.5E-1);
#4475=CARTESIAN_POINT('',(1.3675E1,2.4E0,-5.5E0));
#4476=LINE('43067',#4475,#4474);
#4477=DIRECTION('',(1.E0,0.E0,0.E0));
#4478=VECTOR('',#4477,2.5E-1);
#4479=CARTESIAN_POINT('',(1.3675E1,4.E-1,-5.5E0));
#4480=LINE('43068',#4479,#4478);
#4481=DIRECTION('',(1.E0,0.E0,0.E0));
#4482=VECTOR('',#4481,2.5E-1);
#4483=CARTESIAN_POINT('',(1.3675E1,4.E-1,-4.7E0));
#4484=LINE('43069',#4483,#4482);
#4485=DIRECTION('',(1.E0,0.E0,0.E0));
#4486=VECTOR('',#4485,2.5E-1);
#4487=CARTESIAN_POINT('',(1.3675E1,4.999999999996E-2,-2.05E0));
#4488=LINE('43479',#4487,#4486);
#4489=DIRECTION('',(1.E0,0.E0,0.E0));
#4490=VECTOR('',#4489,2.5E-1);
#4491=CARTESIAN_POINT('',(1.3675E1,4.999999999996E-2,-4.7E0));
#4492=LINE('43070',#4491,#4490);
#4493=DIRECTION('',(1.E0,0.E0,0.E0));
#4494=VECTOR('',#4493,2.5E-1);
#4495=CARTESIAN_POINT('',(1.3675E1,1.773895819931E-1,-1.7E0));
#4496=LINE('43481',#4495,#4494);
#4497=DIRECTION('',(0.E0,1.E0,0.E0));
#4498=VECTOR('',#4497,2.2E0);
#4499=CARTESIAN_POINT('',(1.3675E1,2.5E-1,-4.1E0));
#4500=LINE('43075',#4499,#4498);
#4501=DIRECTION('',(0.E0,1.E0,0.E0));
#4502=VECTOR('',#4501,2.2E0);
#4503=CARTESIAN_POINT('',(1.3925E1,2.5E-1,-4.1E0));
#4504=LINE('43076',#4503,#4502);
#4505=DIRECTION('',(0.E0,-1.E0,0.E0));
#4506=VECTOR('',#4505,2.2E0);
#4507=CARTESIAN_POINT('',(1.3565E1,2.45E0,-4.1E0));
#4508=LINE('26856',#4507,#4506);
#4509=DIRECTION('',(0.E0,1.E0,0.E0));
#4510=VECTOR('',#4509,2.2E0);
#4511=CARTESIAN_POINT('',(1.3565E1,2.5E-1,-5.E0));
#4512=LINE('26845',#4511,#4510);
#4513=DIRECTION('',(-1.855306032263E-13,0.E0,-1.E0));
#4514=VECTOR('',#4513,8.999999999999E-1);
#4515=CARTESIAN_POINT('',(1.3565E1,2.5E-1,-4.1E0));
#4516=LINE('26853',#4515,#4514);
#4517=DIRECTION('',(0.E0,1.E0,0.E0));
#4518=VECTOR('',#4517,2.2E0);
#4519=CARTESIAN_POINT('',(1.34E1,2.5E-1,-5.5E0));
#4520=LINE('26777',#4519,#4518);
#4521=DIRECTION('',(-1.462882103035E-13,0.E0,1.E0));
#4522=VECTOR('',#4521,8.5E-1);
#4523=CARTESIAN_POINT('',(1.305E1,2.5E-1,-5.5E0));
#4524=LINE('26852',#4523,#4522);
#4525=DIRECTION('',(0.E0,-1.E0,0.E0));
#4526=VECTOR('',#4525,2.2E0);
#4527=CARTESIAN_POINT('',(1.305E1,2.45E0,-5.5E0));
#4528=LINE('26779',#4527,#4526);
#4529=DIRECTION('',(1.462882103035E-13,0.E0,-1.E0));
#4530=VECTOR('',#4529,8.5E-1);
#4531=CARTESIAN_POINT('',(1.305E1,2.45E0,-4.65E0));
#4532=LINE('26858',#4531,#4530);
#4533=DIRECTION('',(0.E0,1.E0,0.E0));
#4534=VECTOR('',#4533,2.2E0);
#4535=CARTESIAN_POINT('',(1.305E1,2.5E-1,-4.65E0));
#4536=LINE('43277',#4535,#4534);
#4537=DIRECTION('',(1.E0,0.E0,-3.574918139294E-13));
#4538=VECTOR('',#4537,3.999999999999E-1);
#4539=CARTESIAN_POINT('',(1.265E1,2.45E0,-4.65E0));
#4540=LINE('26859',#4539,#4538);
#4541=DIRECTION('',(0.E0,-1.E0,0.E0));
#4542=VECTOR('',#4541,2.2E0);
#4543=CARTESIAN_POINT('',(1.265E1,2.45E0,-4.65E0));
#4544=LINE('43278',#4543,#4542);
#4545=DIRECTION('',(-1.E0,0.E0,3.552713678801E-13));
#4546=VECTOR('',#4545,3.999999999999E-1);
#4547=CARTESIAN_POINT('',(1.305E1,2.5E-1,-4.65E0));
#4548=LINE('26851',#4547,#4546);
#4549=DIRECTION('',(-2.537652627715E-14,1.E0,0.E0));
#4550=VECTOR('',#4549,3.5E-1);
#4551=CARTESIAN_POINT('',(1.2E1,2.1E0,-4.E0));
#4552=LINE('27371',#4551,#4550);
#4553=DIRECTION('',(0.E0,1.E0,0.E0));
#4554=VECTOR('',#4553,1.5E0);
#4555=CARTESIAN_POINT('',(1.21E1,6.E-1,-4.1E0));
#4556=LINE('43273',#4555,#4554);
#4557=DIRECTION('',(0.E0,1.E0,0.E0));
#4558=VECTOR('',#4557,3.5E-1);
#4559=CARTESIAN_POINT('',(1.2E1,2.5E-1,-4.E0));
#4560=LINE('27369',#4559,#4558);
#4561=DIRECTION('',(0.E0,1.E0,0.E0));
#4562=VECTOR('',#4561,1.E-1);
#4563=CARTESIAN_POINT('',(1.2E1,2.1E0,-1.2E0));
#4564=LINE('40126',#4563,#4562);
#4565=DIRECTION('',(0.E0,0.E0,1.E0));
#4566=VECTOR('',#4565,2.8E0);
#4567=CARTESIAN_POINT('',(1.2E1,2.45E0,-4.E0));
#4568=LINE('26861',#4567,#4566);
#4569=DIRECTION('',(0.E0,-1.E0,0.E0));
#4570=VECTOR('',#4569,2.5E-1);
#4571=CARTESIAN_POINT('',(1.2E1,2.45E0,-1.2E0));
#4572=LINE('40302',#4571,#4570);
#4573=DIRECTION('',(-1.E0,0.E0,0.E0));
#4574=VECTOR('',#4573,1.E-1);
#4575=CARTESIAN_POINT('',(1.21E1,2.1E0,-1.2E0));
#4576=LINE('40143',#4575,#4574);
#4577=DIRECTION('',(-1.592595787048E-14,0.E0,-1.E0));
#4578=VECTOR('',#4577,2.9E0);
#4579=CARTESIAN_POINT('',(1.21E1,2.1E0,-1.2E0));
#4580=LINE('43313',#4579,#4578);
#4581=DIRECTION('',(-7.071067811863E-1,0.E0,7.071067811868E-1));
#4582=VECTOR('',#4581,1.414213562373E-1);
#4583=CARTESIAN_POINT('',(1.21E1,2.1E0,-4.1E0));
#4584=LINE('43268',#4583,#4582);
#4585=DIRECTION('',(0.E0,0.E0,-1.E0));
#4586=VECTOR('',#4585,2.8E0);
#4587=CARTESIAN_POINT('',(1.2E1,2.1E0,-1.2E0));
#4588=LINE('40315',#4587,#4586);
#4589=DIRECTION('',(0.E0,-1.E0,0.E0));
#4590=VECTOR('',#4589,1.5E0);
#4591=CARTESIAN_POINT('',(1.21E1,2.1E0,-1.2E0));
#4592=LINE('43310',#4591,#4590);
#4593=DIRECTION('',(1.E0,0.E0,0.E0));
#4594=VECTOR('',#4593,1.E-1);
#4595=CARTESIAN_POINT('',(1.2E1,6.E-1,-1.2E0));
#4596=LINE('40127',#4595,#4594);
#4597=DIRECTION('',(0.E0,0.E0,1.E0));
#4598=VECTOR('',#4597,2.8E0);
#4599=CARTESIAN_POINT('',(1.2E1,6.E-1,-4.E0));
#4600=LINE('40314',#4599,#4598);
#4601=DIRECTION('',(7.071067811863E-1,0.E0,-7.071067811868E-1));
#4602=VECTOR('',#4601,1.414213562373E-1);
#4603=CARTESIAN_POINT('',(1.2E1,6.E-1,-4.E0));
#4604=LINE('43267',#4603,#4602);
#4605=DIRECTION('',(-1.531342102931E-14,0.E0,-1.E0));
#4606=VECTOR('',#4605,2.9E0);
#4607=CARTESIAN_POINT('',(1.21E1,6.E-1,-1.2E0));
#4608=LINE('43312',#4607,#4606);
#4609=DIRECTION('',(0.E0,-1.E0,0.E0));
#4610=VECTOR('',#4609,3.5E-1);
#4611=CARTESIAN_POINT('',(1.2E1,6.E-1,-1.2E0));
#4612=LINE('40125',#4611,#4610);
#4613=DIRECTION('',(0.E0,0.E0,-1.E0));
#4614=VECTOR('',#4613,2.8E0);
#4615=CARTESIAN_POINT('',(1.2E1,2.5E-1,-1.2E0));
#4616=LINE('40308',#4615,#4614);
#4617=DIRECTION('',(1.E0,0.E0,0.E0));
#4618=VECTOR('',#4617,2.5E-1);
#4619=CARTESIAN_POINT('',(1.3675E1,2.572610418007E0,-1.7E0));
#4620=LINE('43495',#4619,#4618);
#4621=DIRECTION('',(0.E0,-1.E0,0.E0));
#4622=VECTOR('',#4621,2.499999999997E-1);
#4623=CARTESIAN_POINT('',(1.43E1,2.7E0,-4.8E0));
#4624=LINE('26590',#4623,#4622);
#4625=DIRECTION('',(0.E0,1.E0,0.E0));
#4626=VECTOR('',#4625,2.499999999998E-1);
#4627=CARTESIAN_POINT('',(1.43E1,2.45E0,0.E0));
#4628=LINE('27012',#4627,#4626);
#4629=DIRECTION('',(0.E0,0.E0,1.E0));
#4630=VECTOR('',#4629,4.8E0);
#4631=CARTESIAN_POINT('',(1.43E1,2.45E0,-4.8E0));
#4632=LINE('26864',#4631,#4630);
#4633=DIRECTION('',(0.E0,0.E0,1.E0));
#4634=VECTOR('',#4633,6.538461538728E-2);
#4635=CARTESIAN_POINT('',(1.4675E1,2.2E0,-1.E0));
#4636=LINE('48173',#4635,#4634);
#4637=DIRECTION('',(1.E0,1.461687913564E-13,0.E0));
#4638=VECTOR('',#4637,8.75E-1);
#4639=CARTESIAN_POINT('',(1.38E1,2.2E0,-1.E0));
#4640=LINE('48180',#4639,#4638);
#4641=DIRECTION('',(0.E0,-1.012523398458E-13,-1.E0));
#4642=VECTOR('',#4641,1.E0);
#4643=CARTESIAN_POINT('',(1.38E1,2.2E0,0.E0));
#4644=LINE('27113',#4643,#4642);
#4645=DIRECTION('',(-1.E0,9.237055564881E-14,0.E0));
#4646=VECTOR('',#4645,8.75E-1);
#4647=CARTESIAN_POINT('',(1.4675E1,2.2E0,0.E0));
#4648=LINE('27010',#4647,#4646);
#4649=DIRECTION('',(0.E0,-1.154631945613E-13,1.E0));
#4650=VECTOR('',#4649,9.346153846127E-1);
#4651=CARTESIAN_POINT('',(1.4675E1,2.2E0,-9.346153846127E-1));
#4652=LINE('48176',#4651,#4650);
#4653=DIRECTION('',(-2.329001189436E-13,1.E0,-2.644797960885E-12));
#4654=VECTOR('',#4653,4.5E-1);
#4655=CARTESIAN_POINT('',(1.38E1,8.5E-1,-2.749999999998E0));
#4656=LINE('43664',#4655,#4654);
#4657=DIRECTION('',(1.E0,0.E0,0.E0));
#4658=VECTOR('',#4657,8.3E0);
#4659=CARTESIAN_POINT('',(1.315E1,1.3E0,-1.677361286371E-14));
#4660=LINE('48874',#4659,#4658);
#4661=DIRECTION('',(7.071067811866E-1,0.E0,-7.071067811865E-1));
#4662=VECTOR('',#4661,7.071067811865E-1);
#4663=CARTESIAN_POINT('',(1.315E1,1.3E0,-1.677361286371E-14));
#4664=LINE('48252',#4663,#4662);
#4665=DIRECTION('',(-9.473903143468E-14,0.E0,-1.E0));
#4666=VECTOR('',#4665,6.E-1);
#4667=CARTESIAN_POINT('',(1.365E1,1.3E0,-5.E-1));
#4668=LINE('48240',#4667,#4666);
#4669=DIRECTION('',(-1.E0,0.E0,0.E0));
#4670=VECTOR('',#4669,1.549372781280E-1);
#4671=CARTESIAN_POINT('',(1.365E1,1.3E0,-1.1E0));
#4672=LINE('48253',#4671,#4670);
#4673=CARTESIAN_POINT('',(1.349506272187E1,1.3E0,-1.6E0));
#4674=DIRECTION('',(0.E0,1.E0,0.E0));
#4675=DIRECTION('',(0.E0,0.E0,1.E0));
#4676=AXIS2_PLACEMENT_3D('',#4673,#4674,#4675);
#4678=DIRECTION('',(1.736481776673E-1,0.E0,9.848077530121E-1));
#4679=VECTOR('',#4678,1.079577113314E0);
#4680=CARTESIAN_POINT('',(1.38E1,1.3E0,-2.749999999999E0));
#4681=LINE('48245',#4680,#4679);
#4682=DIRECTION('',(-4.192202140973E-13,0.E0,1.E0));
#4683=VECTOR('',#4682,2.500000000007E-1);
#4684=CARTESIAN_POINT('',(1.38E1,1.3E0,-3.E0));
#4685=LINE('48246',#4684,#4683);
#4686=DIRECTION('',(-1.E0,0.E0,0.E0));
#4687=VECTOR('',#4686,7.E0);
#4688=CARTESIAN_POINT('',(2.08E1,1.3E0,-3.E0));
#4689=LINE('48875',#4688,#4687);
#4690=DIRECTION('',(4.263256414549E-13,0.E0,1.E0));
#4691=VECTOR('',#4690,2.500000000007E-1);
#4692=CARTESIAN_POINT('',(2.08E1,1.3E0,-3.E0));
#4693=LINE('48276',#4692,#4691);
#4694=DIRECTION('',(-1.736481776673E-1,0.E0,9.848077530121E-1));
#4695=VECTOR('',#4694,1.079577113314E0);
#4696=CARTESIAN_POINT('',(2.08E1,1.3E0,-2.749999999999E0));
#4697=LINE('48275',#4696,#4695);
#4698=CARTESIAN_POINT('',(2.110493727813E1,1.3E0,-1.6E0));
#4699=DIRECTION('',(0.E0,-1.E0,0.E0));
#4700=DIRECTION('',(0.E0,0.E0,1.E0));
#4701=AXIS2_PLACEMENT_3D('',#4698,#4699,#4700);
#4703=DIRECTION('',(1.E0,0.E0,0.E0));
#4704=VECTOR('',#4703,1.549372781280E-1);
#4705=CARTESIAN_POINT('',(2.095E1,1.3E0,-1.1E0));
#4706=LINE('48279',#4705,#4704);
#4707=DIRECTION('',(9.473903143468E-14,0.E0,-1.E0));
#4708=VECTOR('',#4707,6.E-1);
#4709=CARTESIAN_POINT('',(2.095E1,1.3E0,-5.E-1));
#4710=LINE('48273',#4709,#4708);
#4711=DIRECTION('',(-7.071067811866E-1,0.E0,-7.071067811865E-1));
#4712=VECTOR('',#4711,7.071067811865E-1);
#4713=CARTESIAN_POINT('',(2.145E1,1.3E0,-1.677361286371E-14));
#4714=LINE('48278',#4713,#4712);
#4715=DIRECTION('',(2.368475785867E-13,1.E0,-2.644797960885E-12));
#4716=VECTOR('',#4715,4.5E-1);
#4717=CARTESIAN_POINT('',(2.08E1,8.5E-1,-2.749999999998E0));
#4718=LINE('48271',#4717,#4716);
#4719=DIRECTION('',(0.E0,-2.109423746788E-14,-1.E0));
#4720=VECTOR('',#4719,1.2E0);
#4721=CARTESIAN_POINT('',(2.17E1,2.3E0,-4.178138982673E-14));
#4722=LINE('40412',#4721,#4720);
#4723=DIRECTION('',(-7.071067811866E-1,5.840743946303E-14,-7.071067811865E-1));
#4724=VECTOR('',#4723,7.071067811866E-1);
#4725=CARTESIAN_POINT('',(2.145E1,2.3E0,-2.771856484814E-14));
#4726=LINE('37161',#4725,#4724);
#4727=CARTESIAN_POINT('',(2.113608024860E1,2.3E0,-1.6E0));
#4728=DIRECTION('',(0.E0,1.E0,0.E0));
#4729=DIRECTION('',(-1.001154714686E-11,0.E0,1.E0));
#4730=AXIS2_PLACEMENT_3D('',#4727,#4728,#4729);
#4732=DIRECTION('',(2.664535259100E-14,-1.258252761242E-14,1.E0));
#4733=VECTOR('',#4732,1.2E0);
#4734=CARTESIAN_POINT('',(2.17E1,2.2E0,-1.2E0));
#4735=LINE('40411',#4734,#4733);
#4736=DIRECTION('',(0.E0,0.E0,-1.E0));
#4737=VECTOR('',#4736,1.2E0);
#4738=CARTESIAN_POINT('',(2.32E1,2.E0,-4.037279436423E-14));
#4739=LINE('37156',#4738,#4737);
#4740=DIRECTION('',(0.E0,0.E0,1.E0));
#4741=VECTOR('',#4740,1.2E0);
#4742=CARTESIAN_POINT('',(2.3E1,2.2E0,-1.2E0));
#4743=LINE('37154',#4742,#4741);
#4744=DIRECTION('',(0.E0,-1.E0,0.E0));
#4745=VECTOR('',#4744,1.65E0);
#4746=CARTESIAN_POINT('',(2.32E1,2.E0,-1.2E0));
#4747=LINE('37153',#4746,#4745);
#4748=DIRECTION('',(0.E0,1.E0,0.E0));
#4749=VECTOR('',#4748,1.65E0);
#4750=CARTESIAN_POINT('',(2.32E1,3.5E-1,-5.317967954621E-14));
#4751=LINE('37177',#4750,#4749);
#4752=DIRECTION('',(0.E0,0.E0,1.E0));
#4753=VECTOR('',#4752,1.2E0);
#4754=CARTESIAN_POINT('',(2.32E1,3.5E-1,-1.2E0));
#4755=LINE('37181',#4754,#4753);
#4756=DIRECTION('',(0.E0,0.E0,-1.E0));
#4757=VECTOR('',#4756,1.2E0);
#4758=CARTESIAN_POINT('',(2.3E1,1.5E-1,-5.317967954621E-14));
#4759=LINE('37180',#4758,#4757);
#4760=DIRECTION('',(-1.E0,0.E0,0.E0));
#4761=VECTOR('',#4760,1.3E0);
#4762=CARTESIAN_POINT('',(2.3E1,1.5E-1,-1.2E0));
#4763=LINE('37151',#4762,#4761);
#4764=DIRECTION('',(0.E0,0.E0,-1.E0));
#4765=VECTOR('',#4764,1.2E0);
#4766=CARTESIAN_POINT('',(2.17E1,1.5E-1,-8.504308035295E-14));
#4767=LINE('37179',#4766,#4765);
#4768=DIRECTION('',(1.E0,0.E0,2.451030831288E-14));
#4769=VECTOR('',#4768,1.3E0);
#4770=CARTESIAN_POINT('',(2.17E1,1.5E-1,-8.504308035295E-14));
#4771=LINE('37175',#4770,#4769);
#4772=DIRECTION('',(0.E0,0.E0,1.E0));
#4773=VECTOR('',#4772,1.2E0);
#4774=CARTESIAN_POINT('',(2.17E1,5.E-2,-1.2E0));
#4775=LINE('42070',#4774,#4773);
#4776=DIRECTION('',(3.197442310920E-13,1.E0,0.E0));
#4777=VECTOR('',#4776,1.E-1);
#4778=CARTESIAN_POINT('',(2.17E1,5.E-2,-8.504308035295E-14));
#4779=LINE('42076',#4778,#4777);
#4780=DIRECTION('',(-3.197442310920E-13,-1.E0,0.E0));
#4781=VECTOR('',#4780,1.E-1);
#4782=CARTESIAN_POINT('',(2.17E1,1.5E-1,-1.2E0));
#4783=LINE('42074',#4782,#4781);
#4784=DIRECTION('',(0.E0,-1.E0,0.E0));
#4785=VECTOR('',#4784,2.25E0);
#4786=CARTESIAN_POINT('',(2.113608024859E1,2.3E0,-1.1E0));
#4787=LINE('42075',#4786,#4785);
#4788=DIRECTION('',(0.E0,-1.E0,0.E0));
#4789=VECTOR('',#4788,9.E-1);
#4790=CARTESIAN_POINT('',(1.9675E1,1.91E0,-4.999999999997E0));
#4791=LINE('38043',#4790,#4789);
#4792=DIRECTION('',(-1.E0,0.E0,0.E0));
#4793=VECTOR('',#4792,2.500000000004E-1);
#4794=CARTESIAN_POINT('',(1.9925E1,1.91E0,-4.999999999997E0));
#4795=LINE('38055',#4794,#4793);
#4796=DIRECTION('',(1.326346440112E-12,0.E0,1.E0));
#4797=VECTOR('',#4796,1.499999999970E-1);
#4798=CARTESIAN_POINT('',(1.9675E1,1.01E0,-4.999999999997E0));
#4799=LINE('39699',#4798,#4797);
#4800=DIRECTION('',(-1.E0,0.E0,0.E0));
#4801=VECTOR('',#4800,2.500000000004E-1);
#4802=CARTESIAN_POINT('',(1.9925E1,1.01E0,-4.999999999997E0));
#4803=LINE('38056',#4802,#4801);
#4804=DIRECTION('',(0.E0,0.E0,1.E0));
#4805=VECTOR('',#4804,3.5E-1);
#4806=CARTESIAN_POINT('',(1.9675E1,1.01E0,-3.35E0));
#4807=LINE('40516',#4806,#4805);
#4808=DIRECTION('',(0.E0,0.E0,-1.E0));
#4809=VECTOR('',#4808,1.550000000003E0);
#4810=CARTESIAN_POINT('',(1.9925E1,1.01E0,-1.449999999997E0));
#4811=LINE('42226',#4810,#4809);
#4812=DIRECTION('',(1.E0,0.E0,0.E0));
#4813=VECTOR('',#4812,2.5E-1);
#4814=CARTESIAN_POINT('',(1.9675E1,1.01E0,-1.449999999997E0));
#4815=LINE('42225',#4814,#4813);
#4816=DIRECTION('',(0.E0,0.E0,-1.E0));
#4817=VECTOR('',#4816,1.550000000003E0);
#4818=CARTESIAN_POINT('',(1.9675E1,1.01E0,-1.449999999997E0));
#4819=LINE('42224',#4818,#4817);
#4820=DIRECTION('',(-7.105427357601E-14,-1.E0,0.E0));
#4821=VECTOR('',#4820,5.E-2);
#4822=CARTESIAN_POINT('',(1.9925E1,1.06E0,-3.E0));
#4823=LINE('42375',#4822,#4821);
#4824=DIRECTION('',(1.260640337636E-13,0.E0,1.E0));
#4825=VECTOR('',#4824,1.550000000003E0);
#4826=CARTESIAN_POINT('',(1.9925E1,1.06E0,-3.E0));
#4827=LINE('37487',#4826,#4825);
#4828=DIRECTION('',(-3.836930773105E-12,-1.E0,-6.661338147751E-13));
#4829=VECTOR('',#4828,5.E-2);
#4830=CARTESIAN_POINT('',(1.9925E1,1.06E0,-1.449999999997E0));
#4831=LINE('42399',#4830,#4829);
#4832=DIRECTION('',(1.E0,0.E0,0.E0));
#4833=VECTOR('',#4832,2.5E-1);
#4834=CARTESIAN_POINT('',(1.9675E1,1.06E0,-3.E0));
#4835=LINE('37333',#4834,#4833);
#4836=DIRECTION('',(-1.237719604225E-13,0.E0,1.E0));
#4837=VECTOR('',#4836,1.550000000003E0);
#4838=CARTESIAN_POINT('',(1.9675E1,1.06E0,-3.E0));
#4839=LINE('37485',#4838,#4837);
#4840=DIRECTION('',(7.105427357601E-14,-1.E0,0.E0));
#4841=VECTOR('',#4840,5.E-2);
#4842=CARTESIAN_POINT('',(1.9675E1,1.06E0,-3.E0));
#4843=LINE('42374',#4842,#4841);
#4844=DIRECTION('',(-1.E0,0.E0,0.E0));
#4845=VECTOR('',#4844,2.500000000004E-1);
#4846=CARTESIAN_POINT('',(1.9925E1,1.06E0,-1.449999999997E0));
#4847=LINE('37135',#4846,#4845);
#4848=DIRECTION('',(3.836930773105E-12,-1.E0,-6.661338147751E-13));
#4849=VECTOR('',#4848,5.E-2);
#4850=CARTESIAN_POINT('',(1.9675E1,1.06E0,-1.449999999997E0));
#4851=LINE('42398',#4850,#4849);
#4852=DIRECTION('',(-2.094231221194E-13,0.E0,-1.E0));
#4853=VECTOR('',#4852,9.499999999970E-1);
#4854=CARTESIAN_POINT('',(1.9675E1,6.E-1,-4.85E0));
#4855=LINE('39702',#4854,#4853);
#4856=DIRECTION('',(0.E0,1.E0,-1.253898945459E-14));
#4857=VECTOR('',#4856,1.7E0);
#4858=CARTESIAN_POINT('',(1.9675E1,6.E-1,-5.799999999997E0));
#4859=LINE('38044',#4858,#4857);
#4860=DIRECTION('',(-1.E0,0.E0,0.E0));
#4861=VECTOR('',#4860,2.500000000004E-1);
#4862=CARTESIAN_POINT('',(1.9925E1,6.E-1,-5.799999999997E0));
#4863=LINE('38059',#4862,#4861);
#4864=DIRECTION('',(1.E0,0.E0,0.E0));
#4865=VECTOR('',#4864,2.500000000004E-1);
#4866=CARTESIAN_POINT('',(1.9675E1,2.3E0,-5.799999999997E0));
#4867=LINE('38047',#4866,#4865);
#4868=DIRECTION('',(0.E0,1.E0,-7.105427357596E-13));
#4869=VECTOR('',#4868,3.000000000002E-1);
#4870=CARTESIAN_POINT('',(1.9675E1,2.4E0,-6.5E0));
#4871=LINE('38040',#4870,#4869);
#4872=DIRECTION('',(-1.E0,0.E0,0.E0));
#4873=VECTOR('',#4872,2.500000000004E-1);
#4874=CARTESIAN_POINT('',(1.9925E1,2.4E0,-6.5E0));
#4875=LINE('38045',#4874,#4873);
#4876=DIRECTION('',(-1.E0,0.E0,0.E0));
#4877=VECTOR('',#4876,2.500000000004E-1);
#4878=CARTESIAN_POINT('',(1.9925E1,2.7E0,-6.5E0));
#4879=LINE('38048',#4878,#4877);
#4880=DIRECTION('',(0.E0,-1.E0,9.992007221618E-14));
#4881=VECTOR('',#4880,2.400000000002E-1);
#4882=CARTESIAN_POINT('',(1.9675E1,2.55E0,-5.449999999997E0));
#4883=LINE('38042',#4882,#4881);
#4884=DIRECTION('',(-1.E0,0.E0,0.E0));
#4885=VECTOR('',#4884,2.500000000004E-1);
#4886=CARTESIAN_POINT('',(1.9925E1,2.55E0,-5.449999999997E0));
#4887=LINE('38050',#4886,#4885);
#4888=DIRECTION('',(-3.315866100231E-13,-1.643130076454E-13,-1.E0));
#4889=VECTOR('',#4888,5.999999999970E-1);
#4890=CARTESIAN_POINT('',(1.9675E1,2.31E0,-4.85E0));
#4891=LINE('39695',#4890,#4889);
#4892=DIRECTION('',(-1.E0,0.E0,0.E0));
#4893=VECTOR('',#4892,2.500000000004E-1);
#4894=CARTESIAN_POINT('',(1.9925E1,2.31E0,-5.449999999997E0));
#4895=LINE('38052',#4894,#4893);
#4896=DIRECTION('',(-7.105427357305E-14,-1.E0,2.083222483320E-11));
#4897=VECTOR('',#4896,5.000000000208E-2);
#4898=CARTESIAN_POINT('',(1.6925E1,7.499999999993E-1,-1.449999999998E0));
#4899=LINE('41677',#4898,#4897);
#4900=DIRECTION('',(-1.E0,0.E0,0.E0));
#4901=VECTOR('',#4900,2.5E-1);
#4902=CARTESIAN_POINT('',(1.6925E1,7.499999999993E-1,-1.449999999998E0));
#4903=LINE('42156',#4902,#4901);
#4904=DIRECTION('',(-1.E0,0.E0,0.E0));
#4905=VECTOR('',#4904,3.75E-1);
#4906=CARTESIAN_POINT('',(2.03E1,8.E-1,-1.5E0));
#4907=LINE('41782',#4906,#4905);
#4908=DIRECTION('',(-1.E0,0.E0,0.E0));
#4909=VECTOR('',#4908,3.75E-1);
#4910=CARTESIAN_POINT('',(2.03E1,8.E-1,-3.E0));
#4911=LINE('42334',#4910,#4909);
#4912=DIRECTION('',(3.836930773105E-12,-1.E0,-6.661338147751E-13));
#4913=VECTOR('',#4912,5.E-2);
#4914=CARTESIAN_POINT('',(1.6675E1,1.06E0,-1.449999999997E0));
#4915=LINE('42310',#4914,#4913);
#4916=DIRECTION('',(-1.237719604225E-13,0.E0,1.E0));
#4917=VECTOR('',#4916,1.550000000003E0);
#4918=CARTESIAN_POINT('',(1.6675E1,1.06E0,-3.E0));
#4919=LINE('35506',#4918,#4917);
#4920=DIRECTION('',(7.105427357601E-14,-1.E0,0.E0));
#4921=VECTOR('',#4920,5.E-2);
#4922=CARTESIAN_POINT('',(1.6675E1,1.06E0,-3.E0));
#4923=LINE('42285',#4922,#4921);
#4924=DIRECTION('',(-3.907985046681E-12,-1.E0,-6.661338147751E-13));
#4925=VECTOR('',#4924,5.E-2);
#4926=CARTESIAN_POINT('',(1.6925E1,1.06E0,-1.449999999997E0));
#4927=LINE('42309',#4926,#4925);
#4928=DIRECTION('',(1.E0,0.E0,0.E0));
#4929=VECTOR('',#4928,2.500000000004E-1);
#4930=CARTESIAN_POINT('',(1.6675E1,1.06E0,-1.449999999997E0));
#4931=LINE('34790',#4930,#4929);
#4932=DIRECTION('',(-1.E0,0.E0,0.E0));
#4933=VECTOR('',#4932,2.5E-1);
#4934=CARTESIAN_POINT('',(1.6925E1,1.06E0,-3.E0));
#4935=LINE('35190',#4934,#4933);
#4936=DIRECTION('',(1.283561071048E-13,0.E0,1.E0));
#4937=VECTOR('',#4936,1.550000000003E0);
#4938=CARTESIAN_POINT('',(1.6925E1,1.06E0,-3.E0));
#4939=LINE('35504',#4938,#4937);
#4940=DIRECTION('',(2.056834235102E-13,0.E0,-1.E0));
#4941=VECTOR('',#4940,9.499999999970E-1);
#4942=CARTESIAN_POINT('',(1.6925E1,6.E-1,-4.85E0));
#4943=LINE('28894',#4942,#4941);
#4944=DIRECTION('',(0.E0,1.E0,-1.253898945459E-14));
#4945=VECTOR('',#4944,1.7E0);
#4946=CARTESIAN_POINT('',(1.6925E1,6.E-1,-5.799999999997E0));
#4947=LINE('26061',#4946,#4945);
#4948=DIRECTION('',(-1.E0,0.E0,0.E0));
#4949=VECTOR('',#4948,2.500000000004E-1);
#4950=CARTESIAN_POINT('',(1.6925E1,2.3E0,-5.799999999997E0));
#4951=LINE('26064',#4950,#4949);
#4952=DIRECTION('',(1.E0,0.E0,0.E0));
#4953=VECTOR('',#4952,2.500000000004E-1);
#4954=CARTESIAN_POINT('',(1.6675E1,6.E-1,-5.799999999997E0));
#4955=LINE('26076',#4954,#4953);
#4956=DIRECTION('',(-1.184237892933E-14,1.E0,-7.105427357596E-13));
#4957=VECTOR('',#4956,3.000000000002E-1);
#4958=CARTESIAN_POINT('',(1.6925E1,2.4E0,-6.5E0));
#4959=LINE('26057',#4958,#4957);
#4960=DIRECTION('',(1.E0,0.E0,0.E0));
#4961=VECTOR('',#4960,2.500000000004E-1);
#4962=CARTESIAN_POINT('',(1.6675E1,2.4E0,-6.5E0));
#4963=LINE('26062',#4962,#4961);
#4964=DIRECTION('',(1.E0,0.E0,0.E0));
#4965=VECTOR('',#4964,2.500000000004E-1);
#4966=CARTESIAN_POINT('',(1.6675E1,2.7E0,-6.5E0));
#4967=LINE('26065',#4966,#4965);
#4968=DIRECTION('',(-1.480297366166E-14,-1.E0,9.992007221618E-14));
#4969=VECTOR('',#4968,2.400000000002E-1);
#4970=CARTESIAN_POINT('',(1.6925E1,2.55E0,-5.449999999997E0));
#4971=LINE('26059',#4970,#4969);
#4972=DIRECTION('',(1.E0,0.E0,0.E0));
#4973=VECTOR('',#4972,2.500000000004E-1);
#4974=CARTESIAN_POINT('',(1.6675E1,2.55E0,-5.449999999997E0));
#4975=LINE('26067',#4974,#4973);
#4976=DIRECTION('',(-1.E0,0.E0,0.E0));
#4977=VECTOR('',#4976,2.499999999996E-1);
#4978=CARTESIAN_POINT('',(1.6925E1,1.681230542820E0,-4.85E0));
#4979=LINE('27173',#4978,#4977);
#4980=DIRECTION('',(-5.921189464668E-14,-1.511383610856E-13,-1.E0));
#4981=VECTOR('',#4980,1.5E0);
#4982=CARTESIAN_POINT('',(1.6925E1,1.681230542820E0,-3.35E0));
#4983=LINE('27176',#4982,#4981);
#4984=DIRECTION('',(1.E0,0.E0,0.E0));
#4985=VECTOR('',#4984,2.499999999998E-1);
#4986=CARTESIAN_POINT('',(1.6675E1,1.681230542820E0,-3.35E0));
#4987=LINE('26200',#4986,#4985);
#4988=DIRECTION('',(-5.447494307494E-14,1.514344205589E-13,1.E0));
#4989=VECTOR('',#4988,1.5E0);
#4990=CARTESIAN_POINT('',(1.6675E1,1.681230542820E0,-4.85E0));
#4991=LINE('27170',#4990,#4989);
#4992=DIRECTION('',(0.E0,0.E0,1.E0));
#4993=VECTOR('',#4992,5.E-1);
#4994=CARTESIAN_POINT('',(1.88E1,5.E-1,-1.2E0));
#4995=LINE('40007',#4994,#4993);
#4996=DIRECTION('',(0.E0,-1.E0,0.E0));
#4997=VECTOR('',#4996,4.5E-1);
#4998=CARTESIAN_POINT('',(1.88E1,5.E-1,-7.E-1));
#4999=LINE('40008',#4998,#4997);
#5000=DIRECTION('',(0.E0,-1.E0,0.E0));
#5001=VECTOR('',#5000,4.5E-1);
#5002=CARTESIAN_POINT('',(1.58E1,5.E-1,-7.E-1));
#5003=LINE('40006',#5002,#5001);
#5004=DIRECTION('',(0.E0,0.E0,1.E0));
#5005=VECTOR('',#5004,5.E-1);
#5006=CARTESIAN_POINT('',(1.58E1,5.E-1,-1.2E0));
#5007=LINE('40005',#5006,#5005);
#5008=DIRECTION('',(1.E0,0.E0,0.E0));
#5009=VECTOR('',#5008,3.E0);
#5010=CARTESIAN_POINT('',(1.58E1,5.E-1,-7.E-1));
#5011=LINE('29167',#5010,#5009);
#5012=CARTESIAN_POINT('',(1.4925E1,2.4E0,-6.5E0));
#5013=CARTESIAN_POINT('',(1.4925E1,2.3E0,-5.799999999997E0));
#5014=VERTEX_POINT('',#5012);
#5015=VERTEX_POINT('',#5013);
#5016=CARTESIAN_POINT('',(1.4925E1,2.7E0,-6.5E0));
#5017=VERTEX_POINT('',#5016);
#5018=CARTESIAN_POINT('',(1.4925E1,2.55E0,-5.449999999997E0));
#5019=VERTEX_POINT('',#5018);
#5020=CARTESIAN_POINT('',(1.4925E1,2.31E0,-5.449999999997E0));
#5021=VERTEX_POINT('',#5020);
#5022=CARTESIAN_POINT('',(1.4925E1,1.91E0,-4.999999999997E0));
#5023=CARTESIAN_POINT('',(1.4925E1,1.01E0,-4.999999999997E0));
#5024=VERTEX_POINT('',#5022);
#5025=VERTEX_POINT('',#5023);
#5026=CARTESIAN_POINT('',(1.4925E1,6.E-1,-5.799999999997E0));
#5027=VERTEX_POINT('',#5026);
#5028=CARTESIAN_POINT('',(1.4675E1,2.4E0,-6.5E0));
#5029=VERTEX_POINT('',#5028);
#5030=CARTESIAN_POINT('',(1.4675E1,2.3E0,-5.799999999997E0));
#5031=VERTEX_POINT('',#5030);
#5032=CARTESIAN_POINT('',(1.4675E1,2.7E0,-6.5E0));
#5033=VERTEX_POINT('',#5032);
#5034=CARTESIAN_POINT('',(1.4675E1,2.55E0,-5.449999999997E0));
#5035=VERTEX_POINT('',#5034);
#5036=CARTESIAN_POINT('',(1.4675E1,2.31E0,-5.449999999997E0));
#5037=VERTEX_POINT('',#5036);
#5038=CARTESIAN_POINT('',(1.4675E1,1.91E0,-4.999999999997E0));
#5039=VERTEX_POINT('',#5038);
#5040=CARTESIAN_POINT('',(1.4675E1,1.01E0,-4.999999999997E0));
#5041=VERTEX_POINT('',#5040);
#5042=CARTESIAN_POINT('',(1.4675E1,6.E-1,-5.799999999997E0));
#5043=VERTEX_POINT('',#5042);
#5044=CARTESIAN_POINT('',(1.6925E1,2.4E0,-6.5E0));
#5045=CARTESIAN_POINT('',(1.6925E1,2.3E0,-5.799999999997E0));
#5046=VERTEX_POINT('',#5044);
#5047=VERTEX_POINT('',#5045);
#5048=CARTESIAN_POINT('',(1.6925E1,2.7E0,-6.5E0));
#5049=VERTEX_POINT('',#5048);
#5050=CARTESIAN_POINT('',(1.6925E1,2.55E0,-5.449999999997E0));
#5051=VERTEX_POINT('',#5050);
#5052=CARTESIAN_POINT('',(1.6925E1,2.31E0,-5.449999999997E0));
#5053=VERTEX_POINT('',#5052);
#5054=CARTESIAN_POINT('',(1.6925E1,1.91E0,-4.999999999997E0));
#5055=CARTESIAN_POINT('',(1.6925E1,1.01E0,-4.999999999997E0));
#5056=VERTEX_POINT('',#5054);
#5057=VERTEX_POINT('',#5055);
#5058=CARTESIAN_POINT('',(1.6925E1,6.E-1,-5.799999999997E0));
#5059=VERTEX_POINT('',#5058);
#5060=CARTESIAN_POINT('',(1.6675E1,2.4E0,-6.5E0));
#5061=VERTEX_POINT('',#5060);
#5062=CARTESIAN_POINT('',(1.6675E1,2.3E0,-5.799999999997E0));
#5063=VERTEX_POINT('',#5062);
#5064=CARTESIAN_POINT('',(1.6675E1,2.7E0,-6.5E0));
#5065=VERTEX_POINT('',#5064);
#5066=CARTESIAN_POINT('',(1.6675E1,2.55E0,-5.449999999997E0));
#5067=VERTEX_POINT('',#5066);
#5068=CARTESIAN_POINT('',(1.6675E1,2.31E0,-5.449999999997E0));
#5069=VERTEX_POINT('',#5068);
#5070=CARTESIAN_POINT('',(1.6675E1,1.91E0,-4.999999999997E0));
#5071=VERTEX_POINT('',#5070);
#5072=CARTESIAN_POINT('',(1.6675E1,1.01E0,-4.999999999997E0));
#5073=VERTEX_POINT('',#5072);
#5074=CARTESIAN_POINT('',(1.6675E1,6.E-1,-5.799999999997E0));
#5075=VERTEX_POINT('',#5074);
#5076=CARTESIAN_POINT('',(1.5925E1,2.4E0,-6.5E0));
#5077=CARTESIAN_POINT('',(1.5925E1,2.3E0,-5.799999999997E0));
#5078=VERTEX_POINT('',#5076);
#5079=VERTEX_POINT('',#5077);
#5080=CARTESIAN_POINT('',(1.5925E1,2.7E0,-6.5E0));
#5081=VERTEX_POINT('',#5080);
#5082=CARTESIAN_POINT('',(1.5925E1,2.55E0,-5.449999999997E0));
#5083=VERTEX_POINT('',#5082);
#5084=CARTESIAN_POINT('',(1.5925E1,2.31E0,-5.449999999997E0));
#5085=VERTEX_POINT('',#5084);
#5086=CARTESIAN_POINT('',(1.5925E1,1.91E0,-4.999999999997E0));
#5087=CARTESIAN_POINT('',(1.5925E1,1.01E0,-4.999999999997E0));
#5088=VERTEX_POINT('',#5086);
#5089=VERTEX_POINT('',#5087);
#5090=CARTESIAN_POINT('',(1.5925E1,6.E-1,-5.799999999997E0));
#5091=VERTEX_POINT('',#5090);
#5092=CARTESIAN_POINT('',(1.5675E1,2.4E0,-6.5E0));
#5093=VERTEX_POINT('',#5092);
#5094=CARTESIAN_POINT('',(1.5675E1,2.3E0,-5.799999999997E0));
#5095=VERTEX_POINT('',#5094);
#5096=CARTESIAN_POINT('',(1.5675E1,2.7E0,-6.5E0));
#5097=VERTEX_POINT('',#5096);
#5098=CARTESIAN_POINT('',(1.5675E1,2.55E0,-5.449999999997E0));
#5099=VERTEX_POINT('',#5098);
#5100=CARTESIAN_POINT('',(1.5675E1,2.31E0,-5.449999999997E0));
#5101=VERTEX_POINT('',#5100);
#5102=CARTESIAN_POINT('',(1.5675E1,1.91E0,-4.999999999997E0));
#5103=VERTEX_POINT('',#5102);
#5104=CARTESIAN_POINT('',(1.5675E1,1.01E0,-4.999999999997E0));
#5105=VERTEX_POINT('',#5104);
#5106=CARTESIAN_POINT('',(1.5675E1,6.E-1,-5.799999999997E0));
#5107=VERTEX_POINT('',#5106);
#5108=CARTESIAN_POINT('',(1.358E1,1.8E0,-1.2E0));
#5109=CARTESIAN_POINT('',(1.358E1,8.E-1,-1.2E0));
#5110=VERTEX_POINT('',#5108);
#5111=VERTEX_POINT('',#5109);
#5112=CARTESIAN_POINT('',(1.38E1,1.8E0,-1.2E0));
#5113=VERTEX_POINT('',#5112);
#5114=CARTESIAN_POINT('',(1.38E1,2.45E0,-1.2E0));
#5115=VERTEX_POINT('',#5114);
#5116=CARTESIAN_POINT('',(1.2E1,2.45E0,-1.2E0));
#5117=VERTEX_POINT('',#5116);
#5118=CARTESIAN_POINT('',(1.43E1,7.5E-1,-3.35E0));
#5119=CARTESIAN_POINT('',(1.43E1,8.E-1,-3.35E0));
#5120=VERTEX_POINT('',#5118);
#5121=VERTEX_POINT('',#5119);
#5122=CARTESIAN_POINT('',(1.4675E1,1.8E0,-3.35E0));
#5123=CARTESIAN_POINT('',(1.4675E1,1.681230542820E0,-3.35E0));
#5124=VERTEX_POINT('',#5122);
#5125=VERTEX_POINT('',#5123);
#5126=CARTESIAN_POINT('',(1.4925E1,1.681230542820E0,-3.35E0));
#5127=VERTEX_POINT('',#5126);
#5128=CARTESIAN_POINT('',(1.4925E1,1.8E0,-3.35E0));
#5129=VERTEX_POINT('',#5128);
#5130=CARTESIAN_POINT('',(1.5675E1,1.8E0,-3.35E0));
#5131=VERTEX_POINT('',#5130);
#5132=CARTESIAN_POINT('',(1.5675E1,1.681230542820E0,-3.35E0));
#5133=VERTEX_POINT('',#5132);
#5134=CARTESIAN_POINT('',(1.5925E1,1.681230542820E0,-3.35E0));
#5135=VERTEX_POINT('',#5134);
#5136=CARTESIAN_POINT('',(1.5925E1,1.8E0,-3.35E0));
#5137=VERTEX_POINT('',#5136);
#5138=CARTESIAN_POINT('',(1.6675E1,1.8E0,-3.35E0));
#5139=VERTEX_POINT('',#5138);
#5140=CARTESIAN_POINT('',(1.6675E1,1.681230542820E0,-3.35E0));
#5141=VERTEX_POINT('',#5140);
#5142=CARTESIAN_POINT('',(1.6925E1,1.681230542820E0,-3.35E0));
#5143=VERTEX_POINT('',#5142);
#5144=CARTESIAN_POINT('',(1.6925E1,1.8E0,-3.35E0));
#5145=VERTEX_POINT('',#5144);
#5146=CARTESIAN_POINT('',(1.4925E1,1.8E0,-1.E0));
#5147=CARTESIAN_POINT('',(1.5675E1,1.8E0,-1.E0));
#5148=VERTEX_POINT('',#5146);
#5149=VERTEX_POINT('',#5147);
#5150=CARTESIAN_POINT('',(1.5925E1,1.8E0,-1.E0));
#5151=CARTESIAN_POINT('',(1.6675E1,1.8E0,-1.E0));
#5152=VERTEX_POINT('',#5150);
#5153=VERTEX_POINT('',#5151);
#5154=CARTESIAN_POINT('',(1.38E1,1.8E0,-1.E0));
#5155=CARTESIAN_POINT('',(1.4675E1,1.8E0,-1.E0));
#5156=VERTEX_POINT('',#5154);
#5157=VERTEX_POINT('',#5155);
#5158=CARTESIAN_POINT('',(1.5675E1,2.31E0,0.E0));
#5159=CARTESIAN_POINT('',(1.5675E1,2.2E0,0.E0));
#5160=VERTEX_POINT('',#5158);
#5161=VERTEX_POINT('',#5159);
#5162=CARTESIAN_POINT('',(1.5675E1,1.681230542820E0,-4.85E0));
#5163=VERTEX_POINT('',#5162);
#5164=CARTESIAN_POINT('',(1.565E1,3.499999999997E-1,-4.85E0));
#5165=CARTESIAN_POINT('',(1.595E1,3.499999999997E-1,-4.85E0));
#5166=VERTEX_POINT('',#5164);
#5167=VERTEX_POINT('',#5165);
#5168=CARTESIAN_POINT('',(1.565E1,2.35E0,-4.85E0));
#5169=VERTEX_POINT('',#5168);
#5170=CARTESIAN_POINT('',(1.595E1,2.35E0,-4.85E0));
#5171=VERTEX_POINT('',#5170);
#5172=CARTESIAN_POINT('',(1.5925E1,1.681230542820E0,-4.85E0));
#5173=VERTEX_POINT('',#5172);
#5174=CARTESIAN_POINT('',(1.4035E1,3.499999999999E-1,-5.E0));
#5175=CARTESIAN_POINT('',(1.4035E1,3.5E-1,-4.8E0));
#5176=VERTEX_POINT('',#5174);
#5177=VERTEX_POINT('',#5175);
#5178=CARTESIAN_POINT('',(1.42E1,3.499999999999E-1,-5.5E0));
#5179=VERTEX_POINT('',#5178);
#5180=CARTESIAN_POINT('',(1.45E1,3.499999999999E-1,-5.5E0));
#5181=VERTEX_POINT('',#5180);
#5182=CARTESIAN_POINT('',(1.465E1,3.499999999997E-1,-5.E0));
#5183=VERTEX_POINT('',#5182);
#5184=CARTESIAN_POINT('',(1.465E1,3.499999999997E-1,-4.85E0));
#5185=VERTEX_POINT('',#5184);
#5186=CARTESIAN_POINT('',(1.495E1,3.499999999997E-1,-4.85E0));
#5187=VERTEX_POINT('',#5186);
#5188=CARTESIAN_POINT('',(1.495E1,3.499999999997E-1,-5.E0));
#5189=VERTEX_POINT('',#5188);
#5190=CARTESIAN_POINT('',(1.51E1,3.499999999999E-1,-5.5E0));
#5191=VERTEX_POINT('',#5190);
#5192=CARTESIAN_POINT('',(1.55E1,3.499999999999E-1,-5.5E0));
#5193=VERTEX_POINT('',#5192);
#5194=CARTESIAN_POINT('',(1.565E1,3.499999999997E-1,-5.E0));
#5195=VERTEX_POINT('',#5194);
#5196=CARTESIAN_POINT('',(1.595E1,3.499999999997E-1,-5.E0));
#5197=VERTEX_POINT('',#5196);
#5198=CARTESIAN_POINT('',(1.61E1,3.499999999999E-1,-5.5E0));
#5199=VERTEX_POINT('',#5198);
#5200=CARTESIAN_POINT('',(1.65E1,3.499999999999E-1,-5.5E0));
#5201=VERTEX_POINT('',#5200);
#5202=CARTESIAN_POINT('',(1.665E1,3.499999999997E-1,-5.E0));
#5203=VERTEX_POINT('',#5202);
#5204=CARTESIAN_POINT('',(1.665E1,3.499999999997E-1,-4.85E0));
#5205=VERTEX_POINT('',#5204);
#5206=CARTESIAN_POINT('',(1.695E1,3.499999999997E-1,-4.85E0));
#5207=VERTEX_POINT('',#5206);
#5208=CARTESIAN_POINT('',(1.695E1,3.499999999997E-1,-5.E0));
#5209=VERTEX_POINT('',#5208);
#5210=CARTESIAN_POINT('',(1.71E1,3.499999999999E-1,-5.5E0));
#5211=VERTEX_POINT('',#5210);
#5212=CARTESIAN_POINT('',(1.43E1,2.7E0,-4.8E0));
#5213=CARTESIAN_POINT('',(1.43E1,2.45E0,-4.8E0));
#5214=VERTEX_POINT('',#5212);
#5215=VERTEX_POINT('',#5213);
#5216=CARTESIAN_POINT('',(1.695E1,2.35E0,-5.E0));
#5217=CARTESIAN_POINT('',(1.71E1,2.35E0,-5.5E0));
#5218=VERTEX_POINT('',#5216);
#5219=VERTEX_POINT('',#5217);
#5220=CARTESIAN_POINT('',(1.695E1,2.35E0,-4.85E0));
#5221=VERTEX_POINT('',#5220);
#5222=CARTESIAN_POINT('',(1.665E1,2.35E0,-4.85E0));
#5223=VERTEX_POINT('',#5222);
#5224=CARTESIAN_POINT('',(1.665E1,2.35E0,-5.E0));
#5225=VERTEX_POINT('',#5224);
#5226=CARTESIAN_POINT('',(1.65E1,2.35E0,-5.5E0));
#5227=VERTEX_POINT('',#5226);
#5228=CARTESIAN_POINT('',(1.61E1,2.35E0,-5.5E0));
#5229=VERTEX_POINT('',#5228);
#5230=CARTESIAN_POINT('',(1.595E1,2.35E0,-5.E0));
#5231=VERTEX_POINT('',#5230);
#5232=CARTESIAN_POINT('',(1.565E1,2.35E0,-5.E0));
#5233=VERTEX_POINT('',#5232);
#5234=CARTESIAN_POINT('',(1.55E1,2.35E0,-5.5E0));
#5235=VERTEX_POINT('',#5234);
#5236=CARTESIAN_POINT('',(1.51E1,2.35E0,-5.5E0));
#5237=VERTEX_POINT('',#5236);
#5238=CARTESIAN_POINT('',(1.495E1,2.35E0,-5.E0));
#5239=VERTEX_POINT('',#5238);
#5240=CARTESIAN_POINT('',(1.495E1,2.35E0,-4.85E0));
#5241=VERTEX_POINT('',#5240);
#5242=CARTESIAN_POINT('',(1.465E1,2.35E0,-4.85E0));
#5243=VERTEX_POINT('',#5242);
#5244=CARTESIAN_POINT('',(1.465E1,2.35E0,-5.E0));
#5245=VERTEX_POINT('',#5244);
#5246=CARTESIAN_POINT('',(1.45E1,2.35E0,-5.5E0));
#5247=VERTEX_POINT('',#5246);
#5248=CARTESIAN_POINT('',(1.42E1,2.35E0,-5.5E0));
#5249=VERTEX_POINT('',#5248);
#5250=CARTESIAN_POINT('',(1.34E1,2.5E-1,-5.5E0));
#5251=CARTESIAN_POINT('',(1.34E1,2.45E0,-5.5E0));
#5252=VERTEX_POINT('',#5250);
#5253=VERTEX_POINT('',#5251);
#5254=CARTESIAN_POINT('',(1.305E1,2.45E0,-5.5E0));
#5255=VERTEX_POINT('',#5254);
#5256=CARTESIAN_POINT('',(1.305E1,2.5E-1,-5.5E0));
#5257=VERTEX_POINT('',#5256);
#5258=CARTESIAN_POINT('',(1.3565E1,2.45E0,-5.E0));
#5259=VERTEX_POINT('',#5258);
#5260=CARTESIAN_POINT('',(1.3565E1,2.5E-1,-5.E0));
#5261=VERTEX_POINT('',#5260);
#5262=CARTESIAN_POINT('',(1.43E1,2.5E-1,-4.8E0));
#5263=CARTESIAN_POINT('',(1.4035E1,2.5E-1,-4.8E0));
#5264=VERTEX_POINT('',#5262);
#5265=VERTEX_POINT('',#5263);
#5266=CARTESIAN_POINT('',(1.265E1,2.5E-1,-4.65E0));
#5267=CARTESIAN_POINT('',(1.2E1,2.5E-1,-4.E0));
#5268=VERTEX_POINT('',#5266);
#5269=VERTEX_POINT('',#5267);
#5270=CARTESIAN_POINT('',(1.305E1,2.5E-1,-4.65E0));
#5271=VERTEX_POINT('',#5270);
#5272=CARTESIAN_POINT('',(1.3565E1,2.5E-1,-4.1E0));
#5273=VERTEX_POINT('',#5272);
#5274=CARTESIAN_POINT('',(1.3565E1,2.45E0,-4.1E0));
#5275=VERTEX_POINT('',#5274);
#5276=CARTESIAN_POINT('',(1.305E1,2.45E0,-4.65E0));
#5277=VERTEX_POINT('',#5276);
#5278=CARTESIAN_POINT('',(1.265E1,2.45E0,-4.65E0));
#5279=VERTEX_POINT('',#5278);
#5280=CARTESIAN_POINT('',(1.2E1,2.45E0,-4.E0));
#5281=VERTEX_POINT('',#5280);
#5282=CARTESIAN_POINT('',(1.38E1,2.45E0,0.E0));
#5283=VERTEX_POINT('',#5282);
#5284=CARTESIAN_POINT('',(1.43E1,2.45E0,0.E0));
#5285=VERTEX_POINT('',#5284);
#5286=CARTESIAN_POINT('',(1.43E1,7.5E-1,-1.5E0));
#5287=VERTEX_POINT('',#5286);
#5288=CARTESIAN_POINT('',(1.4675E1,2.31E0,0.E0));
#5289=CARTESIAN_POINT('',(1.4675E1,2.2E0,0.E0));
#5290=VERTEX_POINT('',#5288);
#5291=VERTEX_POINT('',#5289);
#5292=CARTESIAN_POINT('',(1.4675E1,1.681230542820E0,-4.85E0));
#5293=VERTEX_POINT('',#5292);
#5294=CARTESIAN_POINT('',(1.4925E1,2.2E0,0.E0));
#5295=CARTESIAN_POINT('',(1.4925E1,2.31E0,0.E0));
#5296=VERTEX_POINT('',#5294);
#5297=VERTEX_POINT('',#5295);
#5298=CARTESIAN_POINT('',(1.4925E1,1.681230542820E0,-4.85E0));
#5299=VERTEX_POINT('',#5298);
#5300=CARTESIAN_POINT('',(1.6925E1,2.31E0,0.E0));
#5301=CARTESIAN_POINT('',(1.6925E1,2.2E0,0.E0));
#5302=VERTEX_POINT('',#5300);
#5303=VERTEX_POINT('',#5301);
#5304=CARTESIAN_POINT('',(1.6675E1,2.31E0,0.E0));
#5305=VERTEX_POINT('',#5304);
#5306=CARTESIAN_POINT('',(1.6675E1,2.2E0,0.E0));
#5307=VERTEX_POINT('',#5306);
#5308=CARTESIAN_POINT('',(1.5925E1,2.2E0,0.E0));
#5309=VERTEX_POINT('',#5308);
#5310=CARTESIAN_POINT('',(1.5925E1,2.31E0,0.E0));
#5311=VERTEX_POINT('',#5310);
#5312=CARTESIAN_POINT('',(1.38E1,2.2E0,0.E0));
#5313=VERTEX_POINT('',#5312);
#5314=CARTESIAN_POINT('',(1.43E1,2.7E0,0.E0));
#5315=VERTEX_POINT('',#5314);
#5316=CARTESIAN_POINT('',(1.38E1,2.2E0,-1.E0));
#5317=VERTEX_POINT('',#5316);
#5318=CARTESIAN_POINT('',(1.6675E1,1.681230542820E0,-4.85E0));
#5319=VERTEX_POINT('',#5318);
#5320=CARTESIAN_POINT('',(1.6925E1,1.681230542820E0,-4.85E0));
#5321=VERTEX_POINT('',#5320);
#5322=CARTESIAN_POINT('',(1.2E1,6.E-1,-4.E0));
#5323=VERTEX_POINT('',#5322);
#5324=CARTESIAN_POINT('',(1.2E1,2.1E0,-4.E0));
#5325=VERTEX_POINT('',#5324);
#5326=CARTESIAN_POINT('',(1.6925E1,7.5E-1,-1.5E0));
#5327=CARTESIAN_POINT('',(1.6925E1,6.999999999972E-1,-1.449999999997E0));
#5328=VERTEX_POINT('',#5326);
#5329=VERTEX_POINT('',#5327);
#5330=CARTESIAN_POINT('',(1.6675E1,6.999999999972E-1,-1.449999999997E0));
#5331=VERTEX_POINT('',#5330);
#5332=CARTESIAN_POINT('',(1.6675E1,7.5E-1,-1.5E0));
#5333=VERTEX_POINT('',#5332);
#5334=CARTESIAN_POINT('',(1.6925E1,1.01E0,-3.35E0));
#5335=CARTESIAN_POINT('',(1.6925E1,7.5E-1,-3.35E0));
#5336=VERTEX_POINT('',#5334);
#5337=VERTEX_POINT('',#5335);
#5338=CARTESIAN_POINT('',(1.6675E1,1.01E0,-3.35E0));
#5339=VERTEX_POINT('',#5338);
#5340=CARTESIAN_POINT('',(1.6675E1,7.5E-1,-3.35E0));
#5341=VERTEX_POINT('',#5340);
#5342=CARTESIAN_POINT('',(1.6925E1,2.31E0,-4.85E0));
#5343=CARTESIAN_POINT('',(1.6925E1,1.91E0,-4.85E0));
#5344=VERTEX_POINT('',#5342);
#5345=VERTEX_POINT('',#5343);
#5346=CARTESIAN_POINT('',(1.6925E1,1.01E0,-4.85E0));
#5347=CARTESIAN_POINT('',(1.6925E1,6.E-1,-4.85E0));
#5348=VERTEX_POINT('',#5346);
#5349=VERTEX_POINT('',#5347);
#5350=CARTESIAN_POINT('',(1.6675E1,6.E-1,-4.85E0));
#5351=VERTEX_POINT('',#5350);
#5352=CARTESIAN_POINT('',(1.6675E1,1.01E0,-4.85E0));
#5353=VERTEX_POINT('',#5352);
#5354=CARTESIAN_POINT('',(1.6675E1,2.31E0,-4.85E0));
#5355=VERTEX_POINT('',#5354);
#5356=CARTESIAN_POINT('',(1.6675E1,1.91E0,-4.85E0));
#5357=VERTEX_POINT('',#5356);
#5358=CARTESIAN_POINT('',(1.5925E1,7.5E-1,-1.5E0));
#5359=CARTESIAN_POINT('',(1.5925E1,6.999999999972E-1,-1.449999999997E0));
#5360=VERTEX_POINT('',#5358);
#5361=VERTEX_POINT('',#5359);
#5362=CARTESIAN_POINT('',(1.5675E1,6.999999999972E-1,-1.449999999997E0));
#5363=VERTEX_POINT('',#5362);
#5364=CARTESIAN_POINT('',(1.5675E1,7.5E-1,-1.5E0));
#5365=VERTEX_POINT('',#5364);
#5366=CARTESIAN_POINT('',(1.5925E1,1.01E0,-3.35E0));
#5367=CARTESIAN_POINT('',(1.5925E1,7.5E-1,-3.35E0));
#5368=VERTEX_POINT('',#5366);
#5369=VERTEX_POINT('',#5367);
#5370=CARTESIAN_POINT('',(1.5675E1,1.01E0,-3.35E0));
#5371=VERTEX_POINT('',#5370);
#5372=CARTESIAN_POINT('',(1.5675E1,7.5E-1,-3.35E0));
#5373=VERTEX_POINT('',#5372);
#5374=CARTESIAN_POINT('',(1.5925E1,2.31E0,-4.85E0));
#5375=CARTESIAN_POINT('',(1.5925E1,1.91E0,-4.85E0));
#5376=VERTEX_POINT('',#5374);
#5377=VERTEX_POINT('',#5375);
#5378=CARTESIAN_POINT('',(1.5925E1,1.01E0,-4.85E0));
#5379=CARTESIAN_POINT('',(1.5925E1,6.E-1,-4.85E0));
#5380=VERTEX_POINT('',#5378);
#5381=VERTEX_POINT('',#5379);
#5382=CARTESIAN_POINT('',(1.5675E1,6.E-1,-4.85E0));
#5383=VERTEX_POINT('',#5382);
#5384=CARTESIAN_POINT('',(1.5675E1,1.01E0,-4.85E0));
#5385=VERTEX_POINT('',#5384);
#5386=CARTESIAN_POINT('',(1.5675E1,2.31E0,-4.85E0));
#5387=VERTEX_POINT('',#5386);
#5388=CARTESIAN_POINT('',(1.5675E1,1.91E0,-4.85E0));
#5389=VERTEX_POINT('',#5388);
#5390=CARTESIAN_POINT('',(1.4925E1,7.5E-1,-1.5E0));
#5391=CARTESIAN_POINT('',(1.4925E1,6.999999999972E-1,-1.449999999997E0));
#5392=VERTEX_POINT('',#5390);
#5393=VERTEX_POINT('',#5391);
#5394=CARTESIAN_POINT('',(1.4675E1,6.999999999972E-1,-1.449999999997E0));
#5395=VERTEX_POINT('',#5394);
#5396=CARTESIAN_POINT('',(1.4675E1,7.5E-1,-1.5E0));
#5397=VERTEX_POINT('',#5396);
#5398=CARTESIAN_POINT('',(1.4925E1,1.01E0,-3.35E0));
#5399=CARTESIAN_POINT('',(1.4925E1,7.5E-1,-3.35E0));
#5400=VERTEX_POINT('',#5398);
#5401=VERTEX_POINT('',#5399);
#5402=CARTESIAN_POINT('',(1.4675E1,1.01E0,-3.35E0));
#5403=VERTEX_POINT('',#5402);
#5404=CARTESIAN_POINT('',(1.4675E1,7.5E-1,-3.35E0));
#5405=VERTEX_POINT('',#5404);
#5406=CARTESIAN_POINT('',(1.4925E1,2.31E0,-4.85E0));
#5407=CARTESIAN_POINT('',(1.4925E1,1.91E0,-4.85E0));
#5408=VERTEX_POINT('',#5406);
#5409=VERTEX_POINT('',#5407);
#5410=CARTESIAN_POINT('',(1.4925E1,1.01E0,-4.85E0));
#5411=CARTESIAN_POINT('',(1.4925E1,6.E-1,-4.85E0));
#5412=VERTEX_POINT('',#5410);
#5413=VERTEX_POINT('',#5411);
#5414=CARTESIAN_POINT('',(1.4675E1,6.E-1,-4.85E0));
#5415=VERTEX_POINT('',#5414);
#5416=CARTESIAN_POINT('',(1.4675E1,1.01E0,-4.85E0));
#5417=VERTEX_POINT('',#5416);
#5418=CARTESIAN_POINT('',(1.4675E1,2.31E0,-4.85E0));
#5419=VERTEX_POINT('',#5418);
#5420=CARTESIAN_POINT('',(1.4675E1,1.91E0,-4.85E0));
#5421=VERTEX_POINT('',#5420);
#5422=CARTESIAN_POINT('',(1.58E1,5.E-1,-7.E-1));
#5423=CARTESIAN_POINT('',(1.88E1,5.E-1,-7.E-1));
#5424=VERTEX_POINT('',#5422);
#5425=VERTEX_POINT('',#5423);
#5426=CARTESIAN_POINT('',(1.4675E1,1.06E0,-1.449999999997E0));
#5427=CARTESIAN_POINT('',(1.4925E1,1.06E0,-1.449999999997E0));
#5428=VERTEX_POINT('',#5426);
#5429=VERTEX_POINT('',#5427);
#5430=CARTESIAN_POINT('',(1.6675E1,1.06E0,-1.449999999997E0));
#5431=CARTESIAN_POINT('',(1.6925E1,1.06E0,-1.449999999997E0));
#5432=VERTEX_POINT('',#5430);
#5433=VERTEX_POINT('',#5431);
#5434=CARTESIAN_POINT('',(1.5675E1,1.06E0,-1.449999999997E0));
#5435=CARTESIAN_POINT('',(1.5925E1,1.06E0,-1.449999999997E0));
#5436=VERTEX_POINT('',#5434);
#5437=VERTEX_POINT('',#5435);
#5438=CARTESIAN_POINT('',(1.29E1,5.E-2,-1.2E0));
#5439=CARTESIAN_POINT('',(1.29E1,5.E-2,-8.504308368629E-14));
#5440=VERTEX_POINT('',#5438);
#5441=VERTEX_POINT('',#5439);
#5442=CARTESIAN_POINT('',(1.316391975141E1,5.E-2,-1.2E0));
#5443=VERTEX_POINT('',#5442);
#5444=CARTESIAN_POINT('',(1.346391975141E1,5.E-2,-1.1E0));
#5445=VERTEX_POINT('',#5444);
#5446=CARTESIAN_POINT('',(1.43E1,5.E-2,-1.1E0));
#5447=VERTEX_POINT('',#5446);
#5448=CARTESIAN_POINT('',(1.16E1,2.2E0,-1.2E0));
#5449=CARTESIAN_POINT('',(1.14E1,2.E0,-1.2E0));
#5450=VERTEX_POINT('',#5448);
#5451=VERTEX_POINT('',#5449);
#5452=CARTESIAN_POINT('',(1.29E1,1.5E-1,-1.2E0));
#5453=VERTEX_POINT('',#5452);
#5454=CARTESIAN_POINT('',(1.16E1,1.5E-1,-1.2E0));
#5455=VERTEX_POINT('',#5454);
#5456=CARTESIAN_POINT('',(1.14E1,3.5E-1,-1.2E0));
#5457=VERTEX_POINT('',#5456);
#5458=CARTESIAN_POINT('',(1.16E1,2.2E0,-4.041211809636E-14));
#5459=VERTEX_POINT('',#5458);
#5460=CARTESIAN_POINT('',(1.14E1,2.E0,0.E0));
#5461=VERTEX_POINT('',#5460);
#5462=CARTESIAN_POINT('',(1.29E1,2.2E0,-4.178138982673E-14));
#5463=VERTEX_POINT('',#5462);
#5464=CARTESIAN_POINT('',(1.29E1,2.3E0,-4.178138982673E-14));
#5465=VERTEX_POINT('',#5464);
#5466=CARTESIAN_POINT('',(1.365E1,2.3E0,-1.1E0));
#5467=CARTESIAN_POINT('',(1.346391975141E1,2.3E0,-1.1E0));
#5468=VERTEX_POINT('',#5466);
#5469=VERTEX_POINT('',#5467);
#5470=CARTESIAN_POINT('',(1.365E1,2.3E0,-5.E-1));
#5471=VERTEX_POINT('',#5470);
#5472=CARTESIAN_POINT('',(1.315E1,2.3E0,-2.771856484814E-14));
#5473=VERTEX_POINT('',#5472);
#5474=CARTESIAN_POINT('',(1.29E1,1.5E-1,-8.504308035295E-14));
#5475=VERTEX_POINT('',#5474);
#5476=CARTESIAN_POINT('',(1.16E1,1.5E-1,-5.317967954621E-14));
#5477=VERTEX_POINT('',#5476);
#5478=CARTESIAN_POINT('',(1.14E1,3.5E-1,-3.419486915845E-14));
#5479=VERTEX_POINT('',#5478);
#5480=CARTESIAN_POINT('',(1.349506272187E1,5.5E-1,-1.1E0));
#5481=CARTESIAN_POINT('',(1.43E1,5.5E-1,-1.1E0));
#5482=VERTEX_POINT('',#5480);
#5483=VERTEX_POINT('',#5481);
#5484=CARTESIAN_POINT('',(1.379506272187E1,8.5E-1,-1.2E0));
#5485=CARTESIAN_POINT('',(1.398746659838E1,8.5E-1,-1.686824088834E0));
#5486=VERTEX_POINT('',#5484);
#5487=VERTEX_POINT('',#5485);
#5488=CARTESIAN_POINT('',(1.43E1,8.5E-1,-3.E0));
#5489=CARTESIAN_POINT('',(1.38E1,8.5E-1,-3.E0));
#5490=VERTEX_POINT('',#5488);
#5491=VERTEX_POINT('',#5489);
#5492=CARTESIAN_POINT('',(1.6925E1,1.06E0,-3.E0));
#5493=CARTESIAN_POINT('',(1.6675E1,1.06E0,-3.E0));
#5494=VERTEX_POINT('',#5492);
#5495=VERTEX_POINT('',#5493);
#5496=CARTESIAN_POINT('',(1.5925E1,1.06E0,-3.E0));
#5497=CARTESIAN_POINT('',(1.5675E1,1.06E0,-3.E0));
#5498=VERTEX_POINT('',#5496);
#5499=VERTEX_POINT('',#5497);
#5500=CARTESIAN_POINT('',(1.4925E1,1.06E0,-3.E0));
#5501=CARTESIAN_POINT('',(1.4675E1,1.06E0,-3.E0));
#5502=VERTEX_POINT('',#5500);
#5503=VERTEX_POINT('',#5501);
#5504=CARTESIAN_POINT('',(1.43E1,8.5E-1,-1.2E0));
#5505=VERTEX_POINT('',#5504);
#5506=CARTESIAN_POINT('',(1.43E1,0.E0,-4.8E0));
#5507=CARTESIAN_POINT('',(1.43E1,0.E0,-1.2E0));
#5508=VERTEX_POINT('',#5506);
#5509=VERTEX_POINT('',#5507);
#5510=CARTESIAN_POINT('',(1.9925E1,1.06E0,-1.449999999997E0));
#5511=CARTESIAN_POINT('',(1.9675E1,1.06E0,-1.449999999997E0));
#5512=VERTEX_POINT('',#5510);
#5513=VERTEX_POINT('',#5511);
#5514=CARTESIAN_POINT('',(1.7925E1,1.06E0,-1.449999999997E0));
#5515=CARTESIAN_POINT('',(1.7675E1,1.06E0,-1.449999999997E0));
#5516=VERTEX_POINT('',#5514);
#5517=VERTEX_POINT('',#5515);
#5518=CARTESIAN_POINT('',(1.8925E1,1.06E0,-1.449999999997E0));
#5519=CARTESIAN_POINT('',(1.8675E1,1.06E0,-1.449999999997E0));
#5520=VERTEX_POINT('',#5518);
#5521=VERTEX_POINT('',#5519);
#5522=CARTESIAN_POINT('',(2.3E1,2.2E0,-1.2E0));
#5523=CARTESIAN_POINT('',(2.32E1,2.E0,-1.2E0));
#5524=VERTEX_POINT('',#5522);
#5525=VERTEX_POINT('',#5523);
#5526=CARTESIAN_POINT('',(2.3E1,1.5E-1,-1.2E0));
#5527=CARTESIAN_POINT('',(2.17E1,1.5E-1,-1.2E0));
#5528=VERTEX_POINT('',#5526);
#5529=VERTEX_POINT('',#5527);
#5530=CARTESIAN_POINT('',(2.32E1,3.5E-1,-1.2E0));
#5531=VERTEX_POINT('',#5530);
#5532=CARTESIAN_POINT('',(2.3E1,2.2E0,-4.041211809636E-14));
#5533=VERTEX_POINT('',#5532);
#5534=CARTESIAN_POINT('',(2.32E1,2.E0,0.E0));
#5535=VERTEX_POINT('',#5534);
#5536=CARTESIAN_POINT('',(2.17E1,2.2E0,-4.178138982673E-14));
#5537=VERTEX_POINT('',#5536);
#5538=CARTESIAN_POINT('',(2.17E1,2.3E0,-4.178138982673E-14));
#5539=VERTEX_POINT('',#5538);
#5540=CARTESIAN_POINT('',(2.095E1,2.3E0,-1.1E0));
#5541=CARTESIAN_POINT('',(2.113608024859E1,2.3E0,-1.1E0));
#5542=VERTEX_POINT('',#5540);
#5543=VERTEX_POINT('',#5541);
#5544=CARTESIAN_POINT('',(2.095E1,2.3E0,-5.E-1));
#5545=VERTEX_POINT('',#5544);
#5546=CARTESIAN_POINT('',(2.145E1,2.3E0,-2.771856484814E-14));
#5547=VERTEX_POINT('',#5546);
#5548=CARTESIAN_POINT('',(2.17E1,1.5E-1,-8.504308035295E-14));
#5549=CARTESIAN_POINT('',(2.3E1,1.5E-1,-5.317967954621E-14));
#5550=VERTEX_POINT('',#5548);
#5551=VERTEX_POINT('',#5549);
#5552=CARTESIAN_POINT('',(2.32E1,3.5E-1,-3.419486915845E-14));
#5553=VERTEX_POINT('',#5552);
#5554=CARTESIAN_POINT('',(2.110493727813E1,5.5E-1,-1.1E0));
#5555=CARTESIAN_POINT('',(2.03E1,5.5E-1,-1.1E0));
#5556=VERTEX_POINT('',#5554);
#5557=VERTEX_POINT('',#5555);
#5558=CARTESIAN_POINT('',(2.080493727813E1,8.5E-1,-1.2E0));
#5559=CARTESIAN_POINT('',(2.061253340162E1,8.5E-1,-1.686824088834E0));
#5560=VERTEX_POINT('',#5558);
#5561=VERTEX_POINT('',#5559);
#5562=CARTESIAN_POINT('',(2.03E1,8.5E-1,-3.E0));
#5563=CARTESIAN_POINT('',(2.08E1,8.5E-1,-3.E0));
#5564=VERTEX_POINT('',#5562);
#5565=VERTEX_POINT('',#5563);
#5566=CARTESIAN_POINT('',(1.7675E1,1.06E0,-3.E0));
#5567=CARTESIAN_POINT('',(1.7925E1,1.06E0,-3.E0));
#5568=VERTEX_POINT('',#5566);
#5569=VERTEX_POINT('',#5567);
#5570=CARTESIAN_POINT('',(1.8675E1,1.06E0,-3.E0));
#5571=CARTESIAN_POINT('',(1.8925E1,1.06E0,-3.E0));
#5572=VERTEX_POINT('',#5570);
#5573=VERTEX_POINT('',#5571);
#5574=CARTESIAN_POINT('',(1.9675E1,1.06E0,-3.E0));
#5575=CARTESIAN_POINT('',(1.9925E1,1.06E0,-3.E0));
#5576=VERTEX_POINT('',#5574);
#5577=VERTEX_POINT('',#5575);
#5578=CARTESIAN_POINT('',(2.03E1,8.5E-1,-1.2E0));
#5579=VERTEX_POINT('',#5578);
#5580=CARTESIAN_POINT('',(1.9675E1,2.4E0,-6.5E0));
#5581=CARTESIAN_POINT('',(1.9675E1,2.3E0,-5.799999999997E0));
#5582=VERTEX_POINT('',#5580);
#5583=VERTEX_POINT('',#5581);
#5584=CARTESIAN_POINT('',(1.9675E1,2.7E0,-6.5E0));
#5585=VERTEX_POINT('',#5584);
#5586=CARTESIAN_POINT('',(1.9675E1,2.55E0,-5.449999999997E0));
#5587=VERTEX_POINT('',#5586);
#5588=CARTESIAN_POINT('',(1.9675E1,2.31E0,-5.449999999997E0));
#5589=VERTEX_POINT('',#5588);
#5590=CARTESIAN_POINT('',(1.9675E1,1.91E0,-4.999999999997E0));
#5591=CARTESIAN_POINT('',(1.9675E1,1.01E0,-4.999999999997E0));
#5592=VERTEX_POINT('',#5590);
#5593=VERTEX_POINT('',#5591);
#5594=CARTESIAN_POINT('',(1.9675E1,6.E-1,-5.799999999997E0));
#5595=VERTEX_POINT('',#5594);
#5596=CARTESIAN_POINT('',(1.9925E1,2.4E0,-6.5E0));
#5597=VERTEX_POINT('',#5596);
#5598=CARTESIAN_POINT('',(1.9925E1,2.3E0,-5.799999999997E0));
#5599=VERTEX_POINT('',#5598);
#5600=CARTESIAN_POINT('',(1.9925E1,2.7E0,-6.5E0));
#5601=VERTEX_POINT('',#5600);
#5602=CARTESIAN_POINT('',(1.9925E1,2.55E0,-5.449999999997E0));
#5603=VERTEX_POINT('',#5602);
#5604=CARTESIAN_POINT('',(1.9925E1,2.31E0,-5.449999999997E0));
#5605=VERTEX_POINT('',#5604);
#5606=CARTESIAN_POINT('',(1.9925E1,1.91E0,-4.999999999997E0));
#5607=VERTEX_POINT('',#5606);
#5608=CARTESIAN_POINT('',(1.9925E1,1.01E0,-4.999999999997E0));
#5609=VERTEX_POINT('',#5608);
#5610=CARTESIAN_POINT('',(1.9925E1,6.E-1,-5.799999999997E0));
#5611=VERTEX_POINT('',#5610);
#5612=CARTESIAN_POINT('',(1.7675E1,2.4E0,-6.5E0));
#5613=CARTESIAN_POINT('',(1.7675E1,2.3E0,-5.799999999997E0));
#5614=VERTEX_POINT('',#5612);
#5615=VERTEX_POINT('',#5613);
#5616=CARTESIAN_POINT('',(1.7675E1,2.7E0,-6.5E0));
#5617=VERTEX_POINT('',#5616);
#5618=CARTESIAN_POINT('',(1.7675E1,2.55E0,-5.449999999997E0));
#5619=VERTEX_POINT('',#5618);
#5620=CARTESIAN_POINT('',(1.7675E1,2.31E0,-5.449999999997E0));
#5621=VERTEX_POINT('',#5620);
#5622=CARTESIAN_POINT('',(1.7675E1,1.91E0,-4.999999999997E0));
#5623=CARTESIAN_POINT('',(1.7675E1,1.01E0,-4.999999999997E0));
#5624=VERTEX_POINT('',#5622);
#5625=VERTEX_POINT('',#5623);
#5626=CARTESIAN_POINT('',(1.7675E1,6.E-1,-5.799999999997E0));
#5627=VERTEX_POINT('',#5626);
#5628=CARTESIAN_POINT('',(1.7925E1,2.4E0,-6.5E0));
#5629=VERTEX_POINT('',#5628);
#5630=CARTESIAN_POINT('',(1.7925E1,2.3E0,-5.799999999997E0));
#5631=VERTEX_POINT('',#5630);
#5632=CARTESIAN_POINT('',(1.7925E1,2.7E0,-6.5E0));
#5633=VERTEX_POINT('',#5632);
#5634=CARTESIAN_POINT('',(1.7925E1,2.55E0,-5.449999999997E0));
#5635=VERTEX_POINT('',#5634);
#5636=CARTESIAN_POINT('',(1.7925E1,2.31E0,-5.449999999997E0));
#5637=VERTEX_POINT('',#5636);
#5638=CARTESIAN_POINT('',(1.7925E1,1.91E0,-4.999999999997E0));
#5639=VERTEX_POINT('',#5638);
#5640=CARTESIAN_POINT('',(1.7925E1,1.01E0,-4.999999999997E0));
#5641=VERTEX_POINT('',#5640);
#5642=CARTESIAN_POINT('',(1.7925E1,6.E-1,-5.799999999997E0));
#5643=VERTEX_POINT('',#5642);
#5644=CARTESIAN_POINT('',(1.8675E1,2.4E0,-6.5E0));
#5645=CARTESIAN_POINT('',(1.8675E1,2.3E0,-5.799999999997E0));
#5646=VERTEX_POINT('',#5644);
#5647=VERTEX_POINT('',#5645);
#5648=CARTESIAN_POINT('',(1.8675E1,2.7E0,-6.5E0));
#5649=VERTEX_POINT('',#5648);
#5650=CARTESIAN_POINT('',(1.8675E1,2.55E0,-5.449999999997E0));
#5651=VERTEX_POINT('',#5650);
#5652=CARTESIAN_POINT('',(1.8675E1,2.31E0,-5.449999999997E0));
#5653=VERTEX_POINT('',#5652);
#5654=CARTESIAN_POINT('',(1.8675E1,1.91E0,-4.999999999997E0));
#5655=CARTESIAN_POINT('',(1.8675E1,1.01E0,-4.999999999997E0));
#5656=VERTEX_POINT('',#5654);
#5657=VERTEX_POINT('',#5655);
#5658=CARTESIAN_POINT('',(1.8675E1,6.E-1,-5.799999999997E0));
#5659=VERTEX_POINT('',#5658);
#5660=CARTESIAN_POINT('',(1.8925E1,2.4E0,-6.5E0));
#5661=VERTEX_POINT('',#5660);
#5662=CARTESIAN_POINT('',(1.8925E1,2.3E0,-5.799999999997E0));
#5663=VERTEX_POINT('',#5662);
#5664=CARTESIAN_POINT('',(1.8925E1,2.7E0,-6.5E0));
#5665=VERTEX_POINT('',#5664);
#5666=CARTESIAN_POINT('',(1.8925E1,2.55E0,-5.449999999997E0));
#5667=VERTEX_POINT('',#5666);
#5668=CARTESIAN_POINT('',(1.8925E1,2.31E0,-5.449999999997E0));
#5669=VERTEX_POINT('',#5668);
#5670=CARTESIAN_POINT('',(1.8925E1,1.91E0,-4.999999999997E0));
#5671=VERTEX_POINT('',#5670);
#5672=CARTESIAN_POINT('',(1.8925E1,1.01E0,-4.999999999997E0));
#5673=VERTEX_POINT('',#5672);
#5674=CARTESIAN_POINT('',(1.8925E1,6.E-1,-5.799999999997E0));
#5675=VERTEX_POINT('',#5674);
#5676=CARTESIAN_POINT('',(2.102E1,1.8E0,-1.2E0));
#5677=CARTESIAN_POINT('',(2.102E1,8.E-1,-1.2E0));
#5678=VERTEX_POINT('',#5676);
#5679=VERTEX_POINT('',#5677);
#5680=CARTESIAN_POINT('',(2.08E1,1.8E0,-1.2E0));
#5681=VERTEX_POINT('',#5680);
#5682=CARTESIAN_POINT('',(2.08E1,2.45E0,-1.2E0));
#5683=VERTEX_POINT('',#5682);
#5684=CARTESIAN_POINT('',(2.26E1,2.45E0,-1.2E0));
#5685=VERTEX_POINT('',#5684);
#5686=CARTESIAN_POINT('',(2.03E1,7.5E-1,-3.35E0));
#5687=CARTESIAN_POINT('',(2.03E1,8.E-1,-3.35E0));
#5688=VERTEX_POINT('',#5686);
#5689=VERTEX_POINT('',#5687);
#5690=CARTESIAN_POINT('',(1.9925E1,1.8E0,-3.35E0));
#5691=CARTESIAN_POINT('',(1.9925E1,1.681230542820E0,-3.35E0));
#5692=VERTEX_POINT('',#5690);
#5693=VERTEX_POINT('',#5691);
#5694=CARTESIAN_POINT('',(1.9675E1,1.681230542820E0,-3.35E0));
#5695=VERTEX_POINT('',#5694);
#5696=CARTESIAN_POINT('',(1.9675E1,1.8E0,-3.35E0));
#5697=VERTEX_POINT('',#5696);
#5698=CARTESIAN_POINT('',(1.8925E1,1.8E0,-3.35E0));
#5699=VERTEX_POINT('',#5698);
#5700=CARTESIAN_POINT('',(1.8925E1,1.681230542820E0,-3.35E0));
#5701=VERTEX_POINT('',#5700);
#5702=CARTESIAN_POINT('',(1.8675E1,1.681230542820E0,-3.35E0));
#5703=VERTEX_POINT('',#5702);
#5704=CARTESIAN_POINT('',(1.8675E1,1.8E0,-3.35E0));
#5705=VERTEX_POINT('',#5704);
#5706=CARTESIAN_POINT('',(1.7925E1,1.8E0,-3.35E0));
#5707=VERTEX_POINT('',#5706);
#5708=CARTESIAN_POINT('',(1.7925E1,1.681230542820E0,-3.35E0));
#5709=VERTEX_POINT('',#5708);
#5710=CARTESIAN_POINT('',(1.7675E1,1.681230542820E0,-3.35E0));
#5711=VERTEX_POINT('',#5710);
#5712=CARTESIAN_POINT('',(1.7675E1,1.8E0,-3.35E0));
#5713=VERTEX_POINT('',#5712);
#5714=CARTESIAN_POINT('',(1.9675E1,1.8E0,-1.E0));
#5715=CARTESIAN_POINT('',(1.8925E1,1.8E0,-1.E0));
#5716=VERTEX_POINT('',#5714);
#5717=VERTEX_POINT('',#5715);
#5718=CARTESIAN_POINT('',(1.8675E1,1.8E0,-1.E0));
#5719=CARTESIAN_POINT('',(1.7925E1,1.8E0,-1.E0));
#5720=VERTEX_POINT('',#5718);
#5721=VERTEX_POINT('',#5719);
#5722=CARTESIAN_POINT('',(2.08E1,1.8E0,-1.E0));
#5723=CARTESIAN_POINT('',(1.9925E1,1.8E0,-1.E0));
#5724=VERTEX_POINT('',#5722);
#5725=VERTEX_POINT('',#5723);
#5726=CARTESIAN_POINT('',(1.8925E1,2.31E0,0.E0));
#5727=CARTESIAN_POINT('',(1.8925E1,2.2E0,0.E0));
#5728=VERTEX_POINT('',#5726);
#5729=VERTEX_POINT('',#5727);
#5730=CARTESIAN_POINT('',(1.8925E1,1.681230542820E0,-4.85E0));
#5731=VERTEX_POINT('',#5730);
#5732=CARTESIAN_POINT('',(1.895E1,3.499999999997E-1,-4.85E0));
#5733=CARTESIAN_POINT('',(1.865E1,3.499999999997E-1,-4.85E0));
#5734=VERTEX_POINT('',#5732);
#5735=VERTEX_POINT('',#5733);
#5736=CARTESIAN_POINT('',(1.895E1,2.35E0,-4.85E0));
#5737=VERTEX_POINT('',#5736);
#5738=CARTESIAN_POINT('',(1.865E1,2.35E0,-4.85E0));
#5739=VERTEX_POINT('',#5738);
#5740=CARTESIAN_POINT('',(1.8675E1,1.681230542820E0,-4.85E0));
#5741=VERTEX_POINT('',#5740);
#5742=CARTESIAN_POINT('',(2.0565E1,3.499999999999E-1,-5.E0));
#5743=CARTESIAN_POINT('',(2.0565E1,3.5E-1,-4.8E0));
#5744=VERTEX_POINT('',#5742);
#5745=VERTEX_POINT('',#5743);
#5746=CARTESIAN_POINT('',(2.04E1,3.499999999999E-1,-5.5E0));
#5747=VERTEX_POINT('',#5746);
#5748=CARTESIAN_POINT('',(2.01E1,3.499999999999E-1,-5.5E0));
#5749=VERTEX_POINT('',#5748);
#5750=CARTESIAN_POINT('',(1.995E1,3.499999999997E-1,-5.E0));
#5751=VERTEX_POINT('',#5750);
#5752=CARTESIAN_POINT('',(1.995E1,3.499999999997E-1,-4.85E0));
#5753=VERTEX_POINT('',#5752);
#5754=CARTESIAN_POINT('',(1.965E1,3.499999999997E-1,-4.85E0));
#5755=VERTEX_POINT('',#5754);
#5756=CARTESIAN_POINT('',(1.965E1,3.499999999997E-1,-5.E0));
#5757=VERTEX_POINT('',#5756);
#5758=CARTESIAN_POINT('',(1.95E1,3.499999999999E-1,-5.5E0));
#5759=VERTEX_POINT('',#5758);
#5760=CARTESIAN_POINT('',(1.91E1,3.499999999999E-1,-5.5E0));
#5761=VERTEX_POINT('',#5760);
#5762=CARTESIAN_POINT('',(1.895E1,3.499999999997E-1,-5.E0));
#5763=VERTEX_POINT('',#5762);
#5764=CARTESIAN_POINT('',(1.865E1,3.499999999997E-1,-5.E0));
#5765=VERTEX_POINT('',#5764);
#5766=CARTESIAN_POINT('',(1.85E1,3.499999999999E-1,-5.5E0));
#5767=VERTEX_POINT('',#5766);
#5768=CARTESIAN_POINT('',(1.81E1,3.499999999999E-1,-5.5E0));
#5769=VERTEX_POINT('',#5768);
#5770=CARTESIAN_POINT('',(1.795E1,3.499999999997E-1,-5.E0));
#5771=VERTEX_POINT('',#5770);
#5772=CARTESIAN_POINT('',(1.795E1,3.499999999997E-1,-4.85E0));
#5773=VERTEX_POINT('',#5772);
#5774=CARTESIAN_POINT('',(1.765E1,3.499999999997E-1,-4.85E0));
#5775=VERTEX_POINT('',#5774);
#5776=CARTESIAN_POINT('',(1.765E1,3.499999999997E-1,-5.E0));
#5777=VERTEX_POINT('',#5776);
#5778=CARTESIAN_POINT('',(1.75E1,3.499999999999E-1,-5.5E0));
#5779=VERTEX_POINT('',#5778);
#5780=CARTESIAN_POINT('',(2.03E1,2.7E0,-4.8E0));
#5781=CARTESIAN_POINT('',(2.03E1,2.45E0,-4.8E0));
#5782=VERTEX_POINT('',#5780);
#5783=VERTEX_POINT('',#5781);
#5784=CARTESIAN_POINT('',(1.765E1,2.35E0,-5.E0));
#5785=CARTESIAN_POINT('',(1.75E1,2.35E0,-5.5E0));
#5786=VERTEX_POINT('',#5784);
#5787=VERTEX_POINT('',#5785);
#5788=CARTESIAN_POINT('',(1.765E1,2.35E0,-4.85E0));
#5789=VERTEX_POINT('',#5788);
#5790=CARTESIAN_POINT('',(1.795E1,2.35E0,-4.85E0));
#5791=VERTEX_POINT('',#5790);
#5792=CARTESIAN_POINT('',(1.795E1,2.35E0,-5.E0));
#5793=VERTEX_POINT('',#5792);
#5794=CARTESIAN_POINT('',(1.81E1,2.35E0,-5.5E0));
#5795=VERTEX_POINT('',#5794);
#5796=CARTESIAN_POINT('',(1.85E1,2.35E0,-5.5E0));
#5797=VERTEX_POINT('',#5796);
#5798=CARTESIAN_POINT('',(1.865E1,2.35E0,-5.E0));
#5799=VERTEX_POINT('',#5798);
#5800=CARTESIAN_POINT('',(1.895E1,2.35E0,-5.E0));
#5801=VERTEX_POINT('',#5800);
#5802=CARTESIAN_POINT('',(1.91E1,2.35E0,-5.5E0));
#5803=VERTEX_POINT('',#5802);
#5804=CARTESIAN_POINT('',(1.95E1,2.35E0,-5.5E0));
#5805=VERTEX_POINT('',#5804);
#5806=CARTESIAN_POINT('',(1.965E1,2.35E0,-5.E0));
#5807=VERTEX_POINT('',#5806);
#5808=CARTESIAN_POINT('',(1.965E1,2.35E0,-4.85E0));
#5809=VERTEX_POINT('',#5808);
#5810=CARTESIAN_POINT('',(1.995E1,2.35E0,-4.85E0));
#5811=VERTEX_POINT('',#5810);
#5812=CARTESIAN_POINT('',(1.995E1,2.35E0,-5.E0));
#5813=VERTEX_POINT('',#5812);
#5814=CARTESIAN_POINT('',(2.01E1,2.35E0,-5.5E0));
#5815=VERTEX_POINT('',#5814);
#5816=CARTESIAN_POINT('',(2.04E1,2.35E0,-5.5E0));
#5817=VERTEX_POINT('',#5816);
#5818=CARTESIAN_POINT('',(2.12E1,2.5E-1,-5.5E0));
#5819=CARTESIAN_POINT('',(2.12E1,2.45E0,-5.5E0));
#5820=VERTEX_POINT('',#5818);
#5821=VERTEX_POINT('',#5819);
#5822=CARTESIAN_POINT('',(2.155E1,2.45E0,-5.5E0));
#5823=VERTEX_POINT('',#5822);
#5824=CARTESIAN_POINT('',(2.155E1,2.5E-1,-5.5E0));
#5825=VERTEX_POINT('',#5824);
#5826=CARTESIAN_POINT('',(2.1035E1,2.45E0,-5.E0));
#5827=VERTEX_POINT('',#5826);
#5828=CARTESIAN_POINT('',(2.1035E1,2.5E-1,-5.E0));
#5829=VERTEX_POINT('',#5828);
#5830=CARTESIAN_POINT('',(2.03E1,2.5E-1,-4.8E0));
#5831=CARTESIAN_POINT('',(2.0565E1,2.5E-1,-4.8E0));
#5832=VERTEX_POINT('',#5830);
#5833=VERTEX_POINT('',#5831);
#5834=CARTESIAN_POINT('',(2.195E1,2.5E-1,-4.65E0));
#5835=CARTESIAN_POINT('',(2.26E1,2.5E-1,-4.E0));
#5836=VERTEX_POINT('',#5834);
#5837=VERTEX_POINT('',#5835);
#5838=CARTESIAN_POINT('',(2.155E1,2.5E-1,-4.65E0));
#5839=VERTEX_POINT('',#5838);
#5840=CARTESIAN_POINT('',(2.1035E1,2.5E-1,-4.1E0));
#5841=VERTEX_POINT('',#5840);
#5842=CARTESIAN_POINT('',(2.1035E1,2.45E0,-4.1E0));
#5843=VERTEX_POINT('',#5842);
#5844=CARTESIAN_POINT('',(2.155E1,2.45E0,-4.65E0));
#5845=VERTEX_POINT('',#5844);
#5846=CARTESIAN_POINT('',(2.195E1,2.45E0,-4.65E0));
#5847=VERTEX_POINT('',#5846);
#5848=CARTESIAN_POINT('',(2.26E1,2.45E0,-4.E0));
#5849=VERTEX_POINT('',#5848);
#5850=CARTESIAN_POINT('',(2.08E1,2.45E0,0.E0));
#5851=VERTEX_POINT('',#5850);
#5852=CARTESIAN_POINT('',(2.03E1,2.45E0,0.E0));
#5853=VERTEX_POINT('',#5852);
#5854=CARTESIAN_POINT('',(2.03E1,7.5E-1,-1.5E0));
#5855=VERTEX_POINT('',#5854);
#5856=CARTESIAN_POINT('',(1.9925E1,2.31E0,0.E0));
#5857=CARTESIAN_POINT('',(1.9925E1,2.2E0,0.E0));
#5858=VERTEX_POINT('',#5856);
#5859=VERTEX_POINT('',#5857);
#5860=CARTESIAN_POINT('',(1.9925E1,1.681230542820E0,-4.85E0));
#5861=VERTEX_POINT('',#5860);
#5862=CARTESIAN_POINT('',(1.9675E1,2.2E0,0.E0));
#5863=CARTESIAN_POINT('',(1.9675E1,2.31E0,0.E0));
#5864=VERTEX_POINT('',#5862);
#5865=VERTEX_POINT('',#5863);
#5866=CARTESIAN_POINT('',(1.9675E1,1.681230542820E0,-4.85E0));
#5867=VERTEX_POINT('',#5866);
#5868=CARTESIAN_POINT('',(1.7675E1,2.31E0,0.E0));
#5869=CARTESIAN_POINT('',(1.7675E1,2.2E0,0.E0));
#5870=VERTEX_POINT('',#5868);
#5871=VERTEX_POINT('',#5869);
#5872=CARTESIAN_POINT('',(1.7925E1,2.31E0,0.E0));
#5873=VERTEX_POINT('',#5872);
#5874=CARTESIAN_POINT('',(1.7925E1,2.2E0,0.E0));
#5875=VERTEX_POINT('',#5874);
#5876=CARTESIAN_POINT('',(1.8675E1,2.2E0,0.E0));
#5877=VERTEX_POINT('',#5876);
#5878=CARTESIAN_POINT('',(1.8675E1,2.31E0,0.E0));
#5879=VERTEX_POINT('',#5878);
#5880=CARTESIAN_POINT('',(2.08E1,2.2E0,0.E0));
#5881=VERTEX_POINT('',#5880);
#5882=CARTESIAN_POINT('',(2.03E1,2.7E0,0.E0));
#5883=VERTEX_POINT('',#5882);
#5884=CARTESIAN_POINT('',(2.08E1,2.2E0,-1.E0));
#5885=VERTEX_POINT('',#5884);
#5886=CARTESIAN_POINT('',(1.7925E1,1.681230542820E0,-4.85E0));
#5887=VERTEX_POINT('',#5886);
#5888=CARTESIAN_POINT('',(1.7675E1,1.681230542820E0,-4.85E0));
#5889=VERTEX_POINT('',#5888);
#5890=CARTESIAN_POINT('',(2.26E1,6.E-1,-4.E0));
#5891=VERTEX_POINT('',#5890);
#5892=CARTESIAN_POINT('',(2.26E1,2.1E0,-4.E0));
#5893=VERTEX_POINT('',#5892);
#5894=CARTESIAN_POINT('',(1.7675E1,7.5E-1,-1.5E0));
#5895=CARTESIAN_POINT('',(1.7675E1,6.999999999972E-1,-1.449999999997E0));
#5896=VERTEX_POINT('',#5894);
#5897=VERTEX_POINT('',#5895);
#5898=CARTESIAN_POINT('',(1.7925E1,6.999999999972E-1,-1.449999999997E0));
#5899=VERTEX_POINT('',#5898);
#5900=CARTESIAN_POINT('',(1.7925E1,7.5E-1,-1.5E0));
#5901=VERTEX_POINT('',#5900);
#5902=CARTESIAN_POINT('',(1.7675E1,1.01E0,-3.35E0));
#5903=CARTESIAN_POINT('',(1.7675E1,7.5E-1,-3.35E0));
#5904=VERTEX_POINT('',#5902);
#5905=VERTEX_POINT('',#5903);
#5906=CARTESIAN_POINT('',(1.7925E1,1.01E0,-3.35E0));
#5907=VERTEX_POINT('',#5906);
#5908=CARTESIAN_POINT('',(1.7925E1,7.5E-1,-3.35E0));
#5909=VERTEX_POINT('',#5908);
#5910=CARTESIAN_POINT('',(1.7675E1,2.31E0,-4.85E0));
#5911=CARTESIAN_POINT('',(1.7675E1,1.91E0,-4.85E0));
#5912=VERTEX_POINT('',#5910);
#5913=VERTEX_POINT('',#5911);
#5914=CARTESIAN_POINT('',(1.7675E1,1.01E0,-4.85E0));
#5915=CARTESIAN_POINT('',(1.7675E1,6.E-1,-4.85E0));
#5916=VERTEX_POINT('',#5914);
#5917=VERTEX_POINT('',#5915);
#5918=CARTESIAN_POINT('',(1.7925E1,6.E-1,-4.85E0));
#5919=VERTEX_POINT('',#5918);
#5920=CARTESIAN_POINT('',(1.7925E1,1.01E0,-4.85E0));
#5921=VERTEX_POINT('',#5920);
#5922=CARTESIAN_POINT('',(1.7925E1,2.31E0,-4.85E0));
#5923=VERTEX_POINT('',#5922);
#5924=CARTESIAN_POINT('',(1.7925E1,1.91E0,-4.85E0));
#5925=VERTEX_POINT('',#5924);
#5926=CARTESIAN_POINT('',(1.8675E1,7.5E-1,-1.5E0));
#5927=CARTESIAN_POINT('',(1.8675E1,6.999999999972E-1,-1.449999999997E0));
#5928=VERTEX_POINT('',#5926);
#5929=VERTEX_POINT('',#5927);
#5930=CARTESIAN_POINT('',(1.8925E1,6.999999999972E-1,-1.449999999997E0));
#5931=VERTEX_POINT('',#5930);
#5932=CARTESIAN_POINT('',(1.8925E1,7.5E-1,-1.5E0));
#5933=VERTEX_POINT('',#5932);
#5934=CARTESIAN_POINT('',(1.8675E1,1.01E0,-3.35E0));
#5935=CARTESIAN_POINT('',(1.8675E1,7.5E-1,-3.35E0));
#5936=VERTEX_POINT('',#5934);
#5937=VERTEX_POINT('',#5935);
#5938=CARTESIAN_POINT('',(1.8925E1,1.01E0,-3.35E0));
#5939=VERTEX_POINT('',#5938);
#5940=CARTESIAN_POINT('',(1.8925E1,7.5E-1,-3.35E0));
#5941=VERTEX_POINT('',#5940);
#5942=CARTESIAN_POINT('',(1.8675E1,2.31E0,-4.85E0));
#5943=CARTESIAN_POINT('',(1.8675E1,1.91E0,-4.85E0));
#5944=VERTEX_POINT('',#5942);
#5945=VERTEX_POINT('',#5943);
#5946=CARTESIAN_POINT('',(1.8675E1,1.01E0,-4.85E0));
#5947=CARTESIAN_POINT('',(1.8675E1,6.E-1,-4.85E0));
#5948=VERTEX_POINT('',#5946);
#5949=VERTEX_POINT('',#5947);
#5950=CARTESIAN_POINT('',(1.8925E1,6.E-1,-4.85E0));
#5951=VERTEX_POINT('',#5950);
#5952=CARTESIAN_POINT('',(1.8925E1,1.01E0,-4.85E0));
#5953=VERTEX_POINT('',#5952);
#5954=CARTESIAN_POINT('',(1.8925E1,2.31E0,-4.85E0));
#5955=VERTEX_POINT('',#5954);
#5956=CARTESIAN_POINT('',(1.8925E1,1.91E0,-4.85E0));
#5957=VERTEX_POINT('',#5956);
#5958=CARTESIAN_POINT('',(1.9675E1,7.5E-1,-1.5E0));
#5959=CARTESIAN_POINT('',(1.9675E1,6.999999999972E-1,-1.449999999997E0));
#5960=VERTEX_POINT('',#5958);
#5961=VERTEX_POINT('',#5959);
#5962=CARTESIAN_POINT('',(1.9925E1,6.999999999972E-1,-1.449999999997E0));
#5963=VERTEX_POINT('',#5962);
#5964=CARTESIAN_POINT('',(1.9925E1,7.5E-1,-1.5E0));
#5965=VERTEX_POINT('',#5964);
#5966=CARTESIAN_POINT('',(1.9675E1,1.01E0,-3.35E0));
#5967=CARTESIAN_POINT('',(1.9675E1,7.5E-1,-3.35E0));
#5968=VERTEX_POINT('',#5966);
#5969=VERTEX_POINT('',#5967);
#5970=CARTESIAN_POINT('',(1.9925E1,1.01E0,-3.35E0));
#5971=VERTEX_POINT('',#5970);
#5972=CARTESIAN_POINT('',(1.9925E1,7.5E-1,-3.35E0));
#5973=VERTEX_POINT('',#5972);
#5974=CARTESIAN_POINT('',(1.9675E1,2.31E0,-4.85E0));
#5975=CARTESIAN_POINT('',(1.9675E1,1.91E0,-4.85E0));
#5976=VERTEX_POINT('',#5974);
#5977=VERTEX_POINT('',#5975);
#5978=CARTESIAN_POINT('',(1.9675E1,1.01E0,-4.85E0));
#5979=CARTESIAN_POINT('',(1.9675E1,6.E-1,-4.85E0));
#5980=VERTEX_POINT('',#5978);
#5981=VERTEX_POINT('',#5979);
#5982=CARTESIAN_POINT('',(1.9925E1,6.E-1,-4.85E0));
#5983=VERTEX_POINT('',#5982);
#5984=CARTESIAN_POINT('',(1.9925E1,1.01E0,-4.85E0));
#5985=VERTEX_POINT('',#5984);
#5986=CARTESIAN_POINT('',(1.9925E1,2.31E0,-4.85E0));
#5987=VERTEX_POINT('',#5986);
#5988=CARTESIAN_POINT('',(1.9925E1,1.91E0,-4.85E0));
#5989=VERTEX_POINT('',#5988);
#5990=CARTESIAN_POINT('',(2.03E1,0.E0,-4.8E0));
#5991=CARTESIAN_POINT('',(2.03E1,0.E0,-1.2E0));
#5992=VERTEX_POINT('',#5990);
#5993=VERTEX_POINT('',#5991);
#5994=CARTESIAN_POINT('',(1.58E1,5.E-1,-1.2E0));
#5995=CARTESIAN_POINT('',(1.88E1,5.E-1,-1.2E0));
#5996=VERTEX_POINT('',#5994);
#5997=VERTEX_POINT('',#5995);
#5998=CARTESIAN_POINT('',(1.58E1,5.E-2,-7.E-1));
#5999=VERTEX_POINT('',#5998);
#6000=CARTESIAN_POINT('',(1.88E1,5.E-2,-7.E-1));
#6001=VERTEX_POINT('',#6000);
#6002=CARTESIAN_POINT('',(1.2E1,2.2E0,-1.2E0));
#6003=CARTESIAN_POINT('',(1.29E1,2.2E0,-1.2E0));
#6004=VERTEX_POINT('',#6002);
#6005=VERTEX_POINT('',#6003);
#6006=CARTESIAN_POINT('',(1.29E1,2.3E0,-1.2E0));
#6007=VERTEX_POINT('',#6006);
#6008=CARTESIAN_POINT('',(1.316391975140E1,2.3E0,-1.2E0));
#6009=VERTEX_POINT('',#6008);
#6010=CARTESIAN_POINT('',(1.316391975141E1,2.5E-1,-1.2E0));
#6011=VERTEX_POINT('',#6010);
#6012=CARTESIAN_POINT('',(1.43E1,5.5E-1,-1.2E0));
#6013=CARTESIAN_POINT('',(1.43E1,2.5E-1,-1.2E0));
#6014=VERTEX_POINT('',#6012);
#6015=VERTEX_POINT('',#6013);
#6016=CARTESIAN_POINT('',(1.379506272187E1,5.5E-1,-1.2E0));
#6017=VERTEX_POINT('',#6016);
#6018=CARTESIAN_POINT('',(1.379506272187E1,8.E-1,-1.2E0));
#6019=VERTEX_POINT('',#6018);
#6020=CARTESIAN_POINT('',(2.26E1,2.2E0,-1.2E0));
#6021=CARTESIAN_POINT('',(2.17E1,2.2E0,-1.2E0));
#6022=VERTEX_POINT('',#6020);
#6023=VERTEX_POINT('',#6021);
#6024=CARTESIAN_POINT('',(2.17E1,2.3E0,-1.2E0));
#6025=VERTEX_POINT('',#6024);
#6026=CARTESIAN_POINT('',(2.143608024859E1,2.3E0,-1.2E0));
#6027=VERTEX_POINT('',#6026);
#6028=CARTESIAN_POINT('',(2.143608024860E1,2.5E-1,-1.2E0));
#6029=VERTEX_POINT('',#6028);
#6030=CARTESIAN_POINT('',(2.03E1,2.5E-1,-1.2E0));
#6031=CARTESIAN_POINT('',(2.03E1,5.5E-1,-1.2E0));
#6032=VERTEX_POINT('',#6030);
#6033=VERTEX_POINT('',#6031);
#6034=CARTESIAN_POINT('',(2.080493727813E1,5.5E-1,-1.2E0));
#6035=VERTEX_POINT('',#6034);
#6036=CARTESIAN_POINT('',(2.080493727813E1,8.E-1,-1.2E0));
#6037=VERTEX_POINT('',#6036);
#6038=CARTESIAN_POINT('',(1.58E1,5.E-2,-1.2E0));
#6039=CARTESIAN_POINT('',(1.58E1,4.499999999997E-1,-1.2E0));
#6040=VERTEX_POINT('',#6038);
#6041=VERTEX_POINT('',#6039);
#6042=CARTESIAN_POINT('',(1.88E1,5.E-2,-1.2E0));
#6043=CARTESIAN_POINT('',(1.88E1,4.499999999997E-1,-1.2E0));
#6044=VERTEX_POINT('',#6042);
#6045=VERTEX_POINT('',#6043);
#6046=CARTESIAN_POINT('',(2.03E1,4.499999999997E-1,-1.2E0));
#6047=VERTEX_POINT('',#6046);
#6048=CARTESIAN_POINT('',(1.43E1,4.499999999997E-1,-1.2E0));
#6049=VERTEX_POINT('',#6048);
#6050=CARTESIAN_POINT('',(1.2E1,2.5E-1,-1.2E0));
#6051=VERTEX_POINT('',#6050);
#6052=CARTESIAN_POINT('',(1.43E1,6.500000000001E-1,-1.2E0));
#6053=VERTEX_POINT('',#6052);
#6054=CARTESIAN_POINT('',(1.43E1,7.5E-1,-1.3E0));
#6055=VERTEX_POINT('',#6054);
#6056=CARTESIAN_POINT('',(1.43E1,7.5E-1,-1.45E0));
#6057=VERTEX_POINT('',#6056);
#6058=CARTESIAN_POINT('',(1.2E1,6.E-1,-1.2E0));
#6059=VERTEX_POINT('',#6058);
#6060=CARTESIAN_POINT('',(1.2E1,2.1E0,-1.2E0));
#6061=VERTEX_POINT('',#6060);
#6062=CARTESIAN_POINT('',(1.21E1,6.E-1,-1.2E0));
#6063=VERTEX_POINT('',#6062);
#6064=CARTESIAN_POINT('',(1.21E1,2.1E0,-1.2E0));
#6065=VERTEX_POINT('',#6064);
#6066=CARTESIAN_POINT('',(1.6925E1,1.01E0,-3.E0));
#6067=CARTESIAN_POINT('',(1.6925E1,8.E-1,-3.E0));
#6068=VERTEX_POINT('',#6066);
#6069=VERTEX_POINT('',#6067);
#6070=CARTESIAN_POINT('',(1.6675E1,1.01E0,-3.E0));
#6071=CARTESIAN_POINT('',(1.6675E1,8.E-1,-3.E0));
#6072=VERTEX_POINT('',#6070);
#6073=VERTEX_POINT('',#6071);
#6074=CARTESIAN_POINT('',(1.5925E1,1.01E0,-3.E0));
#6075=CARTESIAN_POINT('',(1.5925E1,8.E-1,-3.E0));
#6076=VERTEX_POINT('',#6074);
#6077=VERTEX_POINT('',#6075);
#6078=CARTESIAN_POINT('',(1.5675E1,1.01E0,-3.E0));
#6079=CARTESIAN_POINT('',(1.5675E1,8.E-1,-3.E0));
#6080=VERTEX_POINT('',#6078);
#6081=VERTEX_POINT('',#6079);
#6082=CARTESIAN_POINT('',(1.4925E1,1.01E0,-3.E0));
#6083=CARTESIAN_POINT('',(1.4925E1,8.E-1,-3.E0));
#6084=VERTEX_POINT('',#6082);
#6085=VERTEX_POINT('',#6083);
#6086=CARTESIAN_POINT('',(1.4675E1,1.01E0,-3.E0));
#6087=CARTESIAN_POINT('',(1.4675E1,8.E-1,-3.E0));
#6088=VERTEX_POINT('',#6086);
#6089=VERTEX_POINT('',#6087);
#6090=CARTESIAN_POINT('',(2.26E1,2.5E-1,-1.2E0));
#6091=VERTEX_POINT('',#6090);
#6092=CARTESIAN_POINT('',(2.03E1,6.500000000001E-1,-1.2E0));
#6093=VERTEX_POINT('',#6092);
#6094=CARTESIAN_POINT('',(2.03E1,7.5E-1,-1.3E0));
#6095=VERTEX_POINT('',#6094);
#6096=CARTESIAN_POINT('',(2.03E1,7.5E-1,-1.45E0));
#6097=VERTEX_POINT('',#6096);
#6098=CARTESIAN_POINT('',(2.26E1,6.E-1,-1.2E0));
#6099=VERTEX_POINT('',#6098);
#6100=CARTESIAN_POINT('',(2.26E1,2.1E0,-1.2E0));
#6101=VERTEX_POINT('',#6100);
#6102=CARTESIAN_POINT('',(2.25E1,6.E-1,-1.2E0));
#6103=VERTEX_POINT('',#6102);
#6104=CARTESIAN_POINT('',(2.25E1,2.1E0,-1.2E0));
#6105=VERTEX_POINT('',#6104);
#6106=CARTESIAN_POINT('',(1.7675E1,1.01E0,-3.E0));
#6107=CARTESIAN_POINT('',(1.7675E1,8.E-1,-3.E0));
#6108=VERTEX_POINT('',#6106);
#6109=VERTEX_POINT('',#6107);
#6110=CARTESIAN_POINT('',(1.7925E1,1.01E0,-3.E0));
#6111=CARTESIAN_POINT('',(1.7925E1,8.E-1,-3.E0));
#6112=VERTEX_POINT('',#6110);
#6113=VERTEX_POINT('',#6111);
#6114=CARTESIAN_POINT('',(1.8675E1,1.01E0,-3.E0));
#6115=CARTESIAN_POINT('',(1.8675E1,8.E-1,-3.E0));
#6116=VERTEX_POINT('',#6114);
#6117=VERTEX_POINT('',#6115);
#6118=CARTESIAN_POINT('',(1.8925E1,1.01E0,-3.E0));
#6119=CARTESIAN_POINT('',(1.8925E1,8.E-1,-3.E0));
#6120=VERTEX_POINT('',#6118);
#6121=VERTEX_POINT('',#6119);
#6122=CARTESIAN_POINT('',(1.9675E1,1.01E0,-3.E0));
#6123=CARTESIAN_POINT('',(1.9675E1,8.E-1,-3.E0));
#6124=VERTEX_POINT('',#6122);
#6125=VERTEX_POINT('',#6123);
#6126=CARTESIAN_POINT('',(1.9925E1,1.01E0,-3.E0));
#6127=CARTESIAN_POINT('',(1.9925E1,8.E-1,-3.E0));
#6128=VERTEX_POINT('',#6126);
#6129=VERTEX_POINT('',#6127);
#6130=CARTESIAN_POINT('',(1.43E1,8.E-1,-3.E0));
#6131=VERTEX_POINT('',#6130);
#6132=CARTESIAN_POINT('',(2.03E1,8.E-1,-3.E0));
#6133=VERTEX_POINT('',#6132);
#6134=CARTESIAN_POINT('',(1.6925E1,8.E-1,-1.5E0));
#6135=VERTEX_POINT('',#6134);
#6136=CARTESIAN_POINT('',(1.6675E1,8.E-1,-1.5E0));
#6137=VERTEX_POINT('',#6136);
#6138=CARTESIAN_POINT('',(1.5925E1,8.E-1,-1.5E0));
#6139=VERTEX_POINT('',#6138);
#6140=CARTESIAN_POINT('',(1.5675E1,8.E-1,-1.5E0));
#6141=VERTEX_POINT('',#6140);
#6142=CARTESIAN_POINT('',(1.4925E1,8.E-1,-1.5E0));
#6143=VERTEX_POINT('',#6142);
#6144=CARTESIAN_POINT('',(1.4675E1,8.E-1,-1.5E0));
#6145=VERTEX_POINT('',#6144);
#6146=CARTESIAN_POINT('',(1.7925E1,8.E-1,-1.5E0));
#6147=VERTEX_POINT('',#6146);
#6148=CARTESIAN_POINT('',(1.8675E1,8.E-1,-1.5E0));
#6149=VERTEX_POINT('',#6148);
#6150=CARTESIAN_POINT('',(1.8925E1,8.E-1,-1.5E0));
#6151=VERTEX_POINT('',#6150);
#6152=CARTESIAN_POINT('',(1.9675E1,8.E-1,-1.5E0));
#6153=VERTEX_POINT('',#6152);
#6154=CARTESIAN_POINT('',(1.9925E1,8.E-1,-1.5E0));
#6155=VERTEX_POINT('',#6154);
#6156=CARTESIAN_POINT('',(1.43E1,8.E-1,-1.5E0));
#6157=VERTEX_POINT('',#6156);
#6158=CARTESIAN_POINT('',(1.6925E1,7.499999999993E-1,-1.449999999998E0));
#6159=VERTEX_POINT('',#6158);
#6160=CARTESIAN_POINT('',(1.6675E1,7.499999999993E-1,-1.449999999998E0));
#6161=VERTEX_POINT('',#6160);
#6162=CARTESIAN_POINT('',(1.5925E1,7.499999999993E-1,-1.449999999998E0));
#6163=VERTEX_POINT('',#6162);
#6164=CARTESIAN_POINT('',(1.5675E1,7.499999999993E-1,-1.449999999998E0));
#6165=VERTEX_POINT('',#6164);
#6166=CARTESIAN_POINT('',(1.4925E1,7.499999999993E-1,-1.449999999998E0));
#6167=VERTEX_POINT('',#6166);
#6168=CARTESIAN_POINT('',(1.4675E1,7.499999999993E-1,-1.449999999998E0));
#6169=VERTEX_POINT('',#6168);
#6170=CARTESIAN_POINT('',(2.03E1,8.E-1,-1.5E0));
#6171=VERTEX_POINT('',#6170);
#6172=CARTESIAN_POINT('',(1.7675E1,8.E-1,-1.5E0));
#6173=CARTESIAN_POINT('',(1.7675E1,7.499999999993E-1,-1.449999999998E0));
#6174=VERTEX_POINT('',#6172);
#6175=VERTEX_POINT('',#6173);
#6176=CARTESIAN_POINT('',(1.7925E1,7.499999999993E-1,-1.449999999998E0));
#6177=VERTEX_POINT('',#6176);
#6178=CARTESIAN_POINT('',(1.8675E1,7.499999999993E-1,-1.449999999998E0));
#6179=VERTEX_POINT('',#6178);
#6180=CARTESIAN_POINT('',(1.8925E1,7.499999999993E-1,-1.449999999998E0));
#6181=VERTEX_POINT('',#6180);
#6182=CARTESIAN_POINT('',(1.9675E1,7.499999999993E-1,-1.449999999998E0));
#6183=VERTEX_POINT('',#6182);
#6184=CARTESIAN_POINT('',(1.9925E1,7.499999999993E-1,-1.449999999998E0));
#6185=VERTEX_POINT('',#6184);
#6186=CARTESIAN_POINT('',(2.17E1,5.E-2,-1.2E0));
#6187=CARTESIAN_POINT('',(2.17E1,5.E-2,-8.504308368629E-14));
#6188=VERTEX_POINT('',#6186);
#6189=VERTEX_POINT('',#6187);
#6190=CARTESIAN_POINT('',(2.143608024859E1,5.E-2,-1.2E0));
#6191=VERTEX_POINT('',#6190);
#6192=CARTESIAN_POINT('',(2.113608024859E1,5.E-2,-1.1E0));
#6193=VERTEX_POINT('',#6192);
#6194=CARTESIAN_POINT('',(2.03E1,5.E-2,-1.1E0));
#6195=VERTEX_POINT('',#6194);
#6196=CARTESIAN_POINT('',(1.43E1,5.E-2,-1.2E0));
#6197=VERTEX_POINT('',#6196);
#6198=CARTESIAN_POINT('',(2.03E1,5.E-2,-1.2E0));
#6199=VERTEX_POINT('',#6198);
#6200=CARTESIAN_POINT('',(1.43E1,8.E-1,-1.2E0));
#6201=VERTEX_POINT('',#6200);
#6202=CARTESIAN_POINT('',(1.6925E1,1.01E0,-1.449999999997E0));
#6203=VERTEX_POINT('',#6202);
#6204=CARTESIAN_POINT('',(1.6675E1,1.01E0,-1.449999999997E0));
#6205=VERTEX_POINT('',#6204);
#6206=CARTESIAN_POINT('',(1.5925E1,1.01E0,-1.449999999997E0));
#6207=VERTEX_POINT('',#6206);
#6208=CARTESIAN_POINT('',(1.5675E1,1.01E0,-1.449999999997E0));
#6209=VERTEX_POINT('',#6208);
#6210=CARTESIAN_POINT('',(1.4925E1,1.01E0,-1.449999999997E0));
#6211=VERTEX_POINT('',#6210);
#6212=CARTESIAN_POINT('',(1.4675E1,1.01E0,-1.449999999997E0));
#6213=VERTEX_POINT('',#6212);
#6214=CARTESIAN_POINT('',(2.03E1,8.E-1,-1.2E0));
#6215=VERTEX_POINT('',#6214);
#6216=CARTESIAN_POINT('',(1.7675E1,1.01E0,-1.449999999997E0));
#6217=VERTEX_POINT('',#6216);
#6218=CARTESIAN_POINT('',(1.7925E1,1.01E0,-1.449999999997E0));
#6219=VERTEX_POINT('',#6218);
#6220=CARTESIAN_POINT('',(1.8675E1,1.01E0,-1.449999999997E0));
#6221=VERTEX_POINT('',#6220);
#6222=CARTESIAN_POINT('',(1.8925E1,1.01E0,-1.449999999997E0));
#6223=VERTEX_POINT('',#6222);
#6224=CARTESIAN_POINT('',(1.9675E1,1.01E0,-1.449999999997E0));
#6225=VERTEX_POINT('',#6224);
#6226=CARTESIAN_POINT('',(1.9925E1,1.01E0,-1.449999999997E0));
#6227=VERTEX_POINT('',#6226);
#6228=CARTESIAN_POINT('',(1.3675E1,4.E-1,-5.5E0));
#6229=CARTESIAN_POINT('',(1.3675E1,2.4E0,-5.5E0));
#6230=VERTEX_POINT('',#6228);
#6231=VERTEX_POINT('',#6229);
#6232=CARTESIAN_POINT('',(1.3675E1,2.4E0,-5.65E0));
#6233=VERTEX_POINT('',#6232);
#6234=CARTESIAN_POINT('',(1.3675E1,2.7E0,-5.65E0));
#6235=VERTEX_POINT('',#6234);
#6236=CARTESIAN_POINT('',(1.3675E1,4.999999999996E-2,-4.7E0));
#6237=CARTESIAN_POINT('',(1.3675E1,4.E-1,-4.7E0));
#6238=VERTEX_POINT('',#6236);
#6239=VERTEX_POINT('',#6237);
#6240=CARTESIAN_POINT('',(1.4035E1,2.45E0,-4.8E0));
#6241=VERTEX_POINT('',#6240);
#6242=CARTESIAN_POINT('',(1.4035E1,2.35E0,-5.E0));
#6243=VERTEX_POINT('',#6242);
#6244=CARTESIAN_POINT('',(1.4035E1,2.5E-1,-4.1E0));
#6245=CARTESIAN_POINT('',(1.4035E1,2.45E0,-4.1E0));
#6246=VERTEX_POINT('',#6244);
#6247=VERTEX_POINT('',#6245);
#6248=CARTESIAN_POINT('',(1.4035E1,2.35E0,-4.8E0));
#6249=VERTEX_POINT('',#6248);
#6250=CARTESIAN_POINT('',(1.3925E1,4.E-1,-5.5E0));
#6251=CARTESIAN_POINT('',(1.3925E1,2.4E0,-5.5E0));
#6252=VERTEX_POINT('',#6250);
#6253=VERTEX_POINT('',#6251);
#6254=CARTESIAN_POINT('',(1.3925E1,2.4E0,-5.65E0));
#6255=VERTEX_POINT('',#6254);
#6256=CARTESIAN_POINT('',(1.3925E1,2.7E0,-5.65E0));
#6257=VERTEX_POINT('',#6256);
#6258=CARTESIAN_POINT('',(1.3925E1,4.999999999996E-2,-4.7E0));
#6259=CARTESIAN_POINT('',(1.3925E1,4.E-1,-4.7E0));
#6260=VERTEX_POINT('',#6258);
#6261=VERTEX_POINT('',#6259);
#6262=CARTESIAN_POINT('',(1.3675E1,2.5E-1,-4.1E0));
#6263=CARTESIAN_POINT('',(1.3675E1,2.5E-1,-1.7E0));
#6264=VERTEX_POINT('',#6262);
#6265=VERTEX_POINT('',#6263);
#6266=CARTESIAN_POINT('',(1.3925E1,2.5E-1,-1.7E0));
#6267=VERTEX_POINT('',#6266);
#6268=CARTESIAN_POINT('',(1.3925E1,2.5E-1,-4.1E0));
#6269=VERTEX_POINT('',#6268);
#6270=CARTESIAN_POINT('',(1.3675E1,2.45E0,-4.1E0));
#6271=VERTEX_POINT('',#6270);
#6272=CARTESIAN_POINT('',(1.3925E1,2.45E0,-4.1E0));
#6273=VERTEX_POINT('',#6272);
#6274=CARTESIAN_POINT('',(1.3675E1,2.45E0,-1.7E0));
#6275=VERTEX_POINT('',#6274);
#6276=CARTESIAN_POINT('',(1.3925E1,2.45E0,-1.7E0));
#6277=VERTEX_POINT('',#6276);
#6278=CARTESIAN_POINT('',(2.0925E1,4.E-1,-5.5E0));
#6279=CARTESIAN_POINT('',(2.0925E1,2.4E0,-5.5E0));
#6280=VERTEX_POINT('',#6278);
#6281=VERTEX_POINT('',#6279);
#6282=CARTESIAN_POINT('',(2.0925E1,2.4E0,-5.65E0));
#6283=VERTEX_POINT('',#6282);
#6284=CARTESIAN_POINT('',(2.0925E1,2.7E0,-5.65E0));
#6285=VERTEX_POINT('',#6284);
#6286=CARTESIAN_POINT('',(2.0925E1,4.999999999996E-2,-4.7E0));
#6287=CARTESIAN_POINT('',(2.0925E1,4.E-1,-4.7E0));
#6288=VERTEX_POINT('',#6286);
#6289=VERTEX_POINT('',#6287);
#6290=CARTESIAN_POINT('',(2.0565E1,2.45E0,-4.8E0));
#6291=VERTEX_POINT('',#6290);
#6292=CARTESIAN_POINT('',(2.0565E1,2.35E0,-5.E0));
#6293=VERTEX_POINT('',#6292);
#6294=CARTESIAN_POINT('',(2.0565E1,2.5E-1,-4.1E0));
#6295=CARTESIAN_POINT('',(2.0565E1,2.45E0,-4.1E0));
#6296=VERTEX_POINT('',#6294);
#6297=VERTEX_POINT('',#6295);
#6298=CARTESIAN_POINT('',(2.0565E1,2.35E0,-4.8E0));
#6299=VERTEX_POINT('',#6298);
#6300=CARTESIAN_POINT('',(2.0675E1,4.E-1,-5.5E0));
#6301=CARTESIAN_POINT('',(2.0675E1,2.4E0,-5.5E0));
#6302=VERTEX_POINT('',#6300);
#6303=VERTEX_POINT('',#6301);
#6304=CARTESIAN_POINT('',(2.0675E1,2.4E0,-5.65E0));
#6305=VERTEX_POINT('',#6304);
#6306=CARTESIAN_POINT('',(2.0675E1,2.7E0,-5.65E0));
#6307=VERTEX_POINT('',#6306);
#6308=CARTESIAN_POINT('',(2.0675E1,4.999999999996E-2,-4.7E0));
#6309=CARTESIAN_POINT('',(2.0675E1,4.E-1,-4.7E0));
#6310=VERTEX_POINT('',#6308);
#6311=VERTEX_POINT('',#6309);
#6312=CARTESIAN_POINT('',(2.0925E1,2.5E-1,-4.1E0));
#6313=CARTESIAN_POINT('',(2.0925E1,2.5E-1,-1.7E0));
#6314=VERTEX_POINT('',#6312);
#6315=VERTEX_POINT('',#6313);
#6316=CARTESIAN_POINT('',(2.0675E1,2.5E-1,-1.7E0));
#6317=VERTEX_POINT('',#6316);
#6318=CARTESIAN_POINT('',(2.0675E1,2.5E-1,-4.1E0));
#6319=VERTEX_POINT('',#6318);
#6320=CARTESIAN_POINT('',(2.0925E1,2.45E0,-4.1E0));
#6321=VERTEX_POINT('',#6320);
#6322=CARTESIAN_POINT('',(2.0675E1,2.45E0,-4.1E0));
#6323=VERTEX_POINT('',#6322);
#6324=CARTESIAN_POINT('',(2.0925E1,2.45E0,-1.7E0));
#6325=VERTEX_POINT('',#6324);
#6326=CARTESIAN_POINT('',(2.0675E1,2.45E0,-1.7E0));
#6327=VERTEX_POINT('',#6326);
#6328=CARTESIAN_POINT('',(1.21E1,6.E-1,-4.1E0));
#6329=VERTEX_POINT('',#6328);
#6330=CARTESIAN_POINT('',(1.21E1,2.1E0,-4.1E0));
#6331=VERTEX_POINT('',#6330);
#6332=CARTESIAN_POINT('',(2.25E1,6.E-1,-4.1E0));
#6333=VERTEX_POINT('',#6332);
#6334=CARTESIAN_POINT('',(2.25E1,2.1E0,-4.1E0));
#6335=VERTEX_POINT('',#6334);
#6336=CARTESIAN_POINT('',(1.3925E1,1.773895819931E-1,-1.7E0));
#6337=CARTESIAN_POINT('',(1.3925E1,4.999999999996E-2,-2.05E0));
#6338=VERTEX_POINT('',#6336);
#6339=VERTEX_POINT('',#6337);
#6340=CARTESIAN_POINT('',(1.3675E1,4.999999999996E-2,-2.05E0));
#6341=VERTEX_POINT('',#6340);
#6342=CARTESIAN_POINT('',(1.3675E1,1.773895819931E-1,-1.7E0));
#6343=VERTEX_POINT('',#6342);
#6344=CARTESIAN_POINT('',(1.3925E1,2.7E0,-2.05E0));
#6345=CARTESIAN_POINT('',(1.3925E1,2.572610418007E0,-1.7E0));
#6346=VERTEX_POINT('',#6344);
#6347=VERTEX_POINT('',#6345);
#6348=CARTESIAN_POINT('',(1.3675E1,2.572610418007E0,-1.7E0));
#6349=VERTEX_POINT('',#6348);
#6350=CARTESIAN_POINT('',(1.3675E1,2.7E0,-2.05E0));
#6351=VERTEX_POINT('',#6350);
#6352=CARTESIAN_POINT('',(2.0675E1,1.773895819931E-1,-1.7E0));
#6353=CARTESIAN_POINT('',(2.0675E1,4.999999999996E-2,-2.05E0));
#6354=VERTEX_POINT('',#6352);
#6355=VERTEX_POINT('',#6353);
#6356=CARTESIAN_POINT('',(2.0925E1,4.999999999996E-2,-2.05E0));
#6357=VERTEX_POINT('',#6356);
#6358=CARTESIAN_POINT('',(2.0925E1,1.773895819931E-1,-1.7E0));
#6359=VERTEX_POINT('',#6358);
#6360=CARTESIAN_POINT('',(2.0675E1,2.7E0,-2.05E0));
#6361=CARTESIAN_POINT('',(2.0675E1,2.572610418007E0,-1.7E0));
#6362=VERTEX_POINT('',#6360);
#6363=VERTEX_POINT('',#6361);
#6364=CARTESIAN_POINT('',(2.0925E1,2.572610418007E0,-1.7E0));
#6365=VERTEX_POINT('',#6364);
#6366=CARTESIAN_POINT('',(2.0925E1,2.7E0,-2.05E0));
#6367=VERTEX_POINT('',#6366);
#6368=CARTESIAN_POINT('',(1.365E1,1.8E0,-3.35E0));
#6369=CARTESIAN_POINT('',(1.365E1,8.E-1,-3.35E0));
#6370=VERTEX_POINT('',#6368);
#6371=VERTEX_POINT('',#6369);
#6372=CARTESIAN_POINT('',(1.365E1,1.8E0,-1.339999999999E0));
#6373=CARTESIAN_POINT('',(1.365E1,8.E-1,-1.339999999999E0));
#6374=VERTEX_POINT('',#6372);
#6375=VERTEX_POINT('',#6373);
#6376=CARTESIAN_POINT('',(1.38E1,8.5E-1,-2.749999999998E0));
#6377=VERTEX_POINT('',#6376);
#6378=CARTESIAN_POINT('',(1.398746659838E1,1.3E0,-1.686824088833E0));
#6379=VERTEX_POINT('',#6378);
#6380=CARTESIAN_POINT('',(1.38E1,1.3E0,-2.749999999999E0));
#6381=VERTEX_POINT('',#6380);
#6382=CARTESIAN_POINT('',(1.38E1,1.3E0,-3.E0));
#6383=VERTEX_POINT('',#6382);
#6384=CARTESIAN_POINT('',(1.6925E1,1.4E0,-1.55E0));
#6385=CARTESIAN_POINT('',(1.6675E1,1.4E0,-1.55E0));
#6386=VERTEX_POINT('',#6384);
#6387=VERTEX_POINT('',#6385);
#6388=CARTESIAN_POINT('',(1.6675E1,1.8E0,-1.242307692306E0));
#6389=CARTESIAN_POINT('',(1.6675E1,1.8E0,-1.987222940715E0));
#6390=VERTEX_POINT('',#6388);
#6391=VERTEX_POINT('',#6389);
#6392=CARTESIAN_POINT('',(1.6925E1,1.8E0,-1.242307692306E0));
#6393=CARTESIAN_POINT('',(1.6925E1,1.8E0,-1.987222940715E0));
#6394=VERTEX_POINT('',#6392);
#6395=VERTEX_POINT('',#6393);
#6396=CARTESIAN_POINT('',(1.6675E1,2.2E0,-1.E0));
#6397=CARTESIAN_POINT('',(1.6675E1,2.114999999997E0,-1.E0));
#6398=VERTEX_POINT('',#6396);
#6399=VERTEX_POINT('',#6397);
#6400=CARTESIAN_POINT('',(1.6925E1,2.2E0,-1.E0));
#6401=CARTESIAN_POINT('',(1.6925E1,2.114999999997E0,-1.E0));
#6402=VERTEX_POINT('',#6400);
#6403=VERTEX_POINT('',#6401);
#6404=CARTESIAN_POINT('',(1.6675E1,2.2E0,-9.346153846127E-1));
#6405=VERTEX_POINT('',#6404);
#6406=CARTESIAN_POINT('',(1.6925E1,2.2E0,-9.346153846127E-1));
#6407=VERTEX_POINT('',#6406);
#6408=CARTESIAN_POINT('',(1.6675E1,1.91E0,-2.107459249412E0));
#6409=VERTEX_POINT('',#6408);
#6410=CARTESIAN_POINT('',(1.6675E1,2.31E0,-8.499999999970E-1));
#6411=VERTEX_POINT('',#6410);
#6412=CARTESIAN_POINT('',(1.6925E1,1.91E0,-2.107459249412E0));
#6413=VERTEX_POINT('',#6412);
#6414=CARTESIAN_POINT('',(1.6925E1,2.31E0,-8.499999999970E-1));
#6415=VERTEX_POINT('',#6414);
#6416=CARTESIAN_POINT('',(1.6925E1,1.8E0,-1.E0));
#6417=VERTEX_POINT('',#6416);
#6418=CARTESIAN_POINT('',(1.5925E1,1.4E0,-1.55E0));
#6419=CARTESIAN_POINT('',(1.5675E1,1.4E0,-1.55E0));
#6420=VERTEX_POINT('',#6418);
#6421=VERTEX_POINT('',#6419);
#6422=CARTESIAN_POINT('',(1.5675E1,1.8E0,-1.242307692306E0));
#6423=CARTESIAN_POINT('',(1.5675E1,1.8E0,-1.987222940715E0));
#6424=VERTEX_POINT('',#6422);
#6425=VERTEX_POINT('',#6423);
#6426=CARTESIAN_POINT('',(1.5925E1,1.8E0,-1.242307692306E0));
#6427=CARTESIAN_POINT('',(1.5925E1,1.8E0,-1.987222940715E0));
#6428=VERTEX_POINT('',#6426);
#6429=VERTEX_POINT('',#6427);
#6430=CARTESIAN_POINT('',(1.5675E1,1.91E0,-2.107459249412E0));
#6431=VERTEX_POINT('',#6430);
#6432=CARTESIAN_POINT('',(1.5675E1,2.114999999997E0,-1.E0));
#6433=VERTEX_POINT('',#6432);
#6434=CARTESIAN_POINT('',(1.5675E1,2.2E0,-9.346153846127E-1));
#6435=CARTESIAN_POINT('',(1.5675E1,2.31E0,-8.499999999970E-1));
#6436=VERTEX_POINT('',#6434);
#6437=VERTEX_POINT('',#6435);
#6438=CARTESIAN_POINT('',(1.5675E1,2.2E0,-1.E0));
#6439=VERTEX_POINT('',#6438);
#6440=CARTESIAN_POINT('',(1.5925E1,2.2E0,-1.E0));
#6441=CARTESIAN_POINT('',(1.5925E1,2.114999999997E0,-1.E0));
#6442=VERTEX_POINT('',#6440);
#6443=VERTEX_POINT('',#6441);
#6444=CARTESIAN_POINT('',(1.5925E1,2.2E0,-9.346153846127E-1));
#6445=VERTEX_POINT('',#6444);
#6446=CARTESIAN_POINT('',(1.5925E1,1.91E0,-2.107459249412E0));
#6447=VERTEX_POINT('',#6446);
#6448=CARTESIAN_POINT('',(1.5925E1,2.31E0,-8.499999999970E-1));
#6449=VERTEX_POINT('',#6448);
#6450=CARTESIAN_POINT('',(1.4925E1,1.4E0,-1.55E0));
#6451=CARTESIAN_POINT('',(1.4675E1,1.4E0,-1.55E0));
#6452=VERTEX_POINT('',#6450);
#6453=VERTEX_POINT('',#6451);
#6454=CARTESIAN_POINT('',(1.4925E1,1.8E0,-1.242307692306E0));
#6455=CARTESIAN_POINT('',(1.4925E1,1.8E0,-1.987222940715E0));
#6456=VERTEX_POINT('',#6454);
#6457=VERTEX_POINT('',#6455);
#6458=CARTESIAN_POINT('',(1.4675E1,1.8E0,-1.242307692306E0));
#6459=CARTESIAN_POINT('',(1.4675E1,1.8E0,-1.987222940715E0));
#6460=VERTEX_POINT('',#6458);
#6461=VERTEX_POINT('',#6459);
#6462=CARTESIAN_POINT('',(1.4675E1,1.91E0,-2.107459249412E0));
#6463=VERTEX_POINT('',#6462);
#6464=CARTESIAN_POINT('',(1.4675E1,2.114999999997E0,-1.E0));
#6465=VERTEX_POINT('',#6464);
#6466=CARTESIAN_POINT('',(1.4675E1,2.2E0,-9.346153846127E-1));
#6467=CARTESIAN_POINT('',(1.4675E1,2.31E0,-8.499999999970E-1));
#6468=VERTEX_POINT('',#6466);
#6469=VERTEX_POINT('',#6467);
#6470=CARTESIAN_POINT('',(1.4925E1,1.91E0,-2.107459249412E0));
#6471=VERTEX_POINT('',#6470);
#6472=CARTESIAN_POINT('',(1.4925E1,2.114999999997E0,-1.E0));
#6473=VERTEX_POINT('',#6472);
#6474=CARTESIAN_POINT('',(1.4925E1,2.2E0,-9.346153846127E-1));
#6475=CARTESIAN_POINT('',(1.4925E1,2.31E0,-8.499999999970E-1));
#6476=VERTEX_POINT('',#6474);
#6477=VERTEX_POINT('',#6475);
#6478=CARTESIAN_POINT('',(1.4675E1,2.2E0,-1.E0));
#6479=VERTEX_POINT('',#6478);
#6480=CARTESIAN_POINT('',(1.4925E1,2.2E0,-1.E0));
#6481=VERTEX_POINT('',#6480);
#6482=CARTESIAN_POINT('',(1.365E1,1.3E0,-5.E-1));
#6483=CARTESIAN_POINT('',(1.365E1,1.3E0,-1.1E0));
#6484=VERTEX_POINT('',#6482);
#6485=VERTEX_POINT('',#6483);
#6486=CARTESIAN_POINT('',(1.349506272187E1,1.3E0,-1.1E0));
#6487=VERTEX_POINT('',#6486);
#6488=CARTESIAN_POINT('',(1.315E1,1.3E0,-1.677361286371E-14));
#6489=VERTEX_POINT('',#6488);
#6490=CARTESIAN_POINT('',(2.08E1,8.5E-1,-2.749999999998E0));
#6491=VERTEX_POINT('',#6490);
#6492=CARTESIAN_POINT('',(2.061253340162E1,1.3E0,-1.686824088833E0));
#6493=VERTEX_POINT('',#6492);
#6494=CARTESIAN_POINT('',(2.08E1,1.3E0,-2.749999999999E0));
#6495=VERTEX_POINT('',#6494);
#6496=CARTESIAN_POINT('',(2.08E1,1.3E0,-3.E0));
#6497=VERTEX_POINT('',#6496);
#6498=CARTESIAN_POINT('',(2.095E1,1.3E0,-5.E-1));
#6499=CARTESIAN_POINT('',(2.095E1,1.3E0,-1.1E0));
#6500=VERTEX_POINT('',#6498);
#6501=VERTEX_POINT('',#6499);
#6502=CARTESIAN_POINT('',(2.110493727813E1,1.3E0,-1.1E0));
#6503=VERTEX_POINT('',#6502);
#6504=CARTESIAN_POINT('',(2.145E1,1.3E0,-1.677361286371E-14));
#6505=VERTEX_POINT('',#6504);
#6506=CARTESIAN_POINT('',(2.095E1,1.8E0,-3.35E0));
#6507=CARTESIAN_POINT('',(2.095E1,8.E-1,-3.35E0));
#6508=VERTEX_POINT('',#6506);
#6509=VERTEX_POINT('',#6507);
#6510=CARTESIAN_POINT('',(2.095E1,1.8E0,-1.339999999999E0));
#6511=CARTESIAN_POINT('',(2.095E1,8.E-1,-1.339999999999E0));
#6512=VERTEX_POINT('',#6510);
#6513=VERTEX_POINT('',#6511);
#6514=CARTESIAN_POINT('',(1.7675E1,1.4E0,-1.55E0));
#6515=CARTESIAN_POINT('',(1.7925E1,1.4E0,-1.55E0));
#6516=VERTEX_POINT('',#6514);
#6517=VERTEX_POINT('',#6515);
#6518=CARTESIAN_POINT('',(1.7925E1,1.8E0,-1.242307692306E0));
#6519=CARTESIAN_POINT('',(1.7925E1,1.8E0,-1.987222940715E0));
#6520=VERTEX_POINT('',#6518);
#6521=VERTEX_POINT('',#6519);
#6522=CARTESIAN_POINT('',(1.7675E1,1.8E0,-1.242307692306E0));
#6523=CARTESIAN_POINT('',(1.7675E1,1.8E0,-1.987222940715E0));
#6524=VERTEX_POINT('',#6522);
#6525=VERTEX_POINT('',#6523);
#6526=CARTESIAN_POINT('',(1.7925E1,2.2E0,-1.E0));
#6527=CARTESIAN_POINT('',(1.7925E1,2.114999999997E0,-1.E0));
#6528=VERTEX_POINT('',#6526);
#6529=VERTEX_POINT('',#6527);
#6530=CARTESIAN_POINT('',(1.7675E1,2.2E0,-1.E0));
#6531=CARTESIAN_POINT('',(1.7675E1,2.114999999997E0,-1.E0));
#6532=VERTEX_POINT('',#6530);
#6533=VERTEX_POINT('',#6531);
#6534=CARTESIAN_POINT('',(1.7925E1,2.2E0,-9.346153846127E-1));
#6535=VERTEX_POINT('',#6534);
#6536=CARTESIAN_POINT('',(1.7675E1,2.2E0,-9.346153846127E-1));
#6537=VERTEX_POINT('',#6536);
#6538=CARTESIAN_POINT('',(1.7925E1,1.91E0,-2.107459249412E0));
#6539=VERTEX_POINT('',#6538);
#6540=CARTESIAN_POINT('',(1.7925E1,2.31E0,-8.499999999970E-1));
#6541=VERTEX_POINT('',#6540);
#6542=CARTESIAN_POINT('',(1.7675E1,1.91E0,-2.107459249412E0));
#6543=VERTEX_POINT('',#6542);
#6544=CARTESIAN_POINT('',(1.7675E1,2.31E0,-8.499999999970E-1));
#6545=VERTEX_POINT('',#6544);
#6546=CARTESIAN_POINT('',(1.7675E1,1.8E0,-1.E0));
#6547=VERTEX_POINT('',#6546);
#6548=CARTESIAN_POINT('',(1.8675E1,1.4E0,-1.55E0));
#6549=CARTESIAN_POINT('',(1.8925E1,1.4E0,-1.55E0));
#6550=VERTEX_POINT('',#6548);
#6551=VERTEX_POINT('',#6549);
#6552=CARTESIAN_POINT('',(1.8925E1,1.8E0,-1.242307692306E0));
#6553=CARTESIAN_POINT('',(1.8925E1,1.8E0,-1.987222940715E0));
#6554=VERTEX_POINT('',#6552);
#6555=VERTEX_POINT('',#6553);
#6556=CARTESIAN_POINT('',(1.8675E1,1.8E0,-1.242307692306E0));
#6557=CARTESIAN_POINT('',(1.8675E1,1.8E0,-1.987222940715E0));
#6558=VERTEX_POINT('',#6556);
#6559=VERTEX_POINT('',#6557);
#6560=CARTESIAN_POINT('',(1.8925E1,1.91E0,-2.107459249412E0));
#6561=VERTEX_POINT('',#6560);
#6562=CARTESIAN_POINT('',(1.8925E1,2.114999999997E0,-1.E0));
#6563=VERTEX_POINT('',#6562);
#6564=CARTESIAN_POINT('',(1.8925E1,2.2E0,-9.346153846127E-1));
#6565=CARTESIAN_POINT('',(1.8925E1,2.31E0,-8.499999999970E-1));
#6566=VERTEX_POINT('',#6564);
#6567=VERTEX_POINT('',#6565);
#6568=CARTESIAN_POINT('',(1.8925E1,2.2E0,-1.E0));
#6569=VERTEX_POINT('',#6568);
#6570=CARTESIAN_POINT('',(1.8675E1,2.2E0,-1.E0));
#6571=CARTESIAN_POINT('',(1.8675E1,2.114999999997E0,-1.E0));
#6572=VERTEX_POINT('',#6570);
#6573=VERTEX_POINT('',#6571);
#6574=CARTESIAN_POINT('',(1.8675E1,2.2E0,-9.346153846127E-1));
#6575=VERTEX_POINT('',#6574);
#6576=CARTESIAN_POINT('',(1.8675E1,1.91E0,-2.107459249412E0));
#6577=VERTEX_POINT('',#6576);
#6578=CARTESIAN_POINT('',(1.8675E1,2.31E0,-8.499999999970E-1));
#6579=VERTEX_POINT('',#6578);
#6580=CARTESIAN_POINT('',(1.9675E1,1.4E0,-1.55E0));
#6581=CARTESIAN_POINT('',(1.9925E1,1.4E0,-1.55E0));
#6582=VERTEX_POINT('',#6580);
#6583=VERTEX_POINT('',#6581);
#6584=CARTESIAN_POINT('',(1.9675E1,1.8E0,-1.242307692306E0));
#6585=CARTESIAN_POINT('',(1.9675E1,1.8E0,-1.987222940715E0));
#6586=VERTEX_POINT('',#6584);
#6587=VERTEX_POINT('',#6585);
#6588=CARTESIAN_POINT('',(1.9925E1,1.8E0,-1.242307692306E0));
#6589=CARTESIAN_POINT('',(1.9925E1,1.8E0,-1.987222940715E0));
#6590=VERTEX_POINT('',#6588);
#6591=VERTEX_POINT('',#6589);
#6592=CARTESIAN_POINT('',(1.9925E1,1.91E0,-2.107459249412E0));
#6593=VERTEX_POINT('',#6592);
#6594=CARTESIAN_POINT('',(1.9925E1,2.114999999997E0,-1.E0));
#6595=VERTEX_POINT('',#6594);
#6596=CARTESIAN_POINT('',(1.9925E1,2.2E0,-9.346153846127E-1));
#6597=CARTESIAN_POINT('',(1.9925E1,2.31E0,-8.499999999970E-1));
#6598=VERTEX_POINT('',#6596);
#6599=VERTEX_POINT('',#6597);
#6600=CARTESIAN_POINT('',(1.9675E1,1.91E0,-2.107459249412E0));
#6601=VERTEX_POINT('',#6600);
#6602=CARTESIAN_POINT('',(1.9675E1,2.114999999997E0,-1.E0));
#6603=VERTEX_POINT('',#6602);
#6604=CARTESIAN_POINT('',(1.9675E1,2.2E0,-9.346153846127E-1));
#6605=CARTESIAN_POINT('',(1.9675E1,2.31E0,-8.499999999970E-1));
#6606=VERTEX_POINT('',#6604);
#6607=VERTEX_POINT('',#6605);
#6608=CARTESIAN_POINT('',(1.9925E1,2.2E0,-1.E0));
#6609=VERTEX_POINT('',#6608);
#6610=CARTESIAN_POINT('',(1.9675E1,2.2E0,-1.E0));
#6611=VERTEX_POINT('',#6610);
#6612=CARTESIAN_POINT('',(1.2E1,0.E0,0.E0));
#6613=DIRECTION('',(0.E0,1.E0,0.E0));
#6614=DIRECTION('',(1.E0,0.E0,0.E0));
#6615=AXIS2_PLACEMENT_3D('',#6612,#6613,#6614);
#6616=PLANE('36889',#6615);
#6618=ORIENTED_EDGE('39916',*,*,#6617,.T.);
#6620=ORIENTED_EDGE('36917',*,*,#6619,.T.);
#6622=ORIENTED_EDGE('39905',*,*,#6621,.T.);
#6624=ORIENTED_EDGE('39755',*,*,#6623,.F.);
#6625=EDGE_LOOP('36889',(#6618,#6620,#6622,#6624));
#6626=FACE_OUTER_BOUND('36889',#6625,.F.);
#6627=ADVANCED_FACE('36889',(#6626),#6616,.F.);
#6628=CARTESIAN_POINT('',(2.93E1,1.75E-1,-4.8E0));
#6629=DIRECTION('',(0.E0,0.E0,1.E0));
#6630=DIRECTION('',(0.E0,1.E0,0.E0));
#6631=AXIS2_PLACEMENT_3D('',#6628,#6629,#6630);
#6632=PLANE('24942',#6631);
#6634=ORIENTED_EDGE('39915',*,*,#6633,.F.);
#6636=ORIENTED_EDGE('26855',*,*,#6635,.F.);
#6638=ORIENTED_EDGE('26847',*,*,#6637,.F.);
#6640=ORIENTED_EDGE('36966',*,*,#6639,.T.);
#6641=ORIENTED_EDGE('39916',*,*,#6617,.F.);
#6643=ORIENTED_EDGE('39804',*,*,#6642,.F.);
#6645=ORIENTED_EDGE('38668',*,*,#6644,.T.);
#6647=ORIENTED_EDGE('38676',*,*,#6646,.T.);
#6648=EDGE_LOOP('24942',(#6634,#6636,#6638,#6640,#6641,#6643,#6645,#6647));
#6649=FACE_OUTER_BOUND('24942',#6648,.F.);
#6650=ADVANCED_FACE('24942',(#6649),#6632,.F.);
#6651=CARTESIAN_POINT('',(2.93E1,3.5E-1,-5.15E0));
#6652=DIRECTION('',(0.E0,1.E0,0.E0));
#6653=DIRECTION('',(0.E0,0.E0,-1.E0));
#6654=AXIS2_PLACEMENT_3D('',#6651,#6652,#6653);
#6655=PLANE('24485',#6654);
#6657=ORIENTED_EDGE('48934',*,*,#6656,.T.);
#6659=ORIENTED_EDGE('26391',*,*,#6658,.T.);
#6661=ORIENTED_EDGE('26390',*,*,#6660,.T.);
#6663=ORIENTED_EDGE('26389',*,*,#6662,.T.);
#6665=ORIENTED_EDGE('26388',*,*,#6664,.T.);
#6667=ORIENTED_EDGE('26387',*,*,#6666,.T.);
#6669=ORIENTED_EDGE('26386',*,*,#6668,.F.);
#6671=ORIENTED_EDGE('26385',*,*,#6670,.T.);
#6673=ORIENTED_EDGE('26384',*,*,#6672,.T.);
#6675=ORIENTED_EDGE('26361',*,*,#6674,.F.);
#6677=ORIENTED_EDGE('26383',*,*,#6676,.T.);
#6679=ORIENTED_EDGE('26382',*,*,#6678,.T.);
#6681=ORIENTED_EDGE('26381',*,*,#6680,.F.);
#6683=ORIENTED_EDGE('26380',*,*,#6682,.T.);
#6685=ORIENTED_EDGE('26379',*,*,#6684,.T.);
#6687=ORIENTED_EDGE('26378',*,*,#6686,.T.);
#6689=ORIENTED_EDGE('26377',*,*,#6688,.T.);
#6691=ORIENTED_EDGE('26376',*,*,#6690,.T.);
#6693=ORIENTED_EDGE('26375',*,*,#6692,.F.);
#6695=ORIENTED_EDGE('26374',*,*,#6694,.T.);
#6697=ORIENTED_EDGE('26373',*,*,#6696,.T.);
#6698=ORIENTED_EDGE('39915',*,*,#6633,.T.);
#6700=ORIENTED_EDGE('38456',*,*,#6699,.F.);
#6702=ORIENTED_EDGE('38457',*,*,#6701,.F.);
#6704=ORIENTED_EDGE('38458',*,*,#6703,.T.);
#6706=ORIENTED_EDGE('38459',*,*,#6705,.F.);
#6708=ORIENTED_EDGE('38460',*,*,#6707,.F.);
#6710=ORIENTED_EDGE('38461',*,*,#6709,.F.);
#6712=ORIENTED_EDGE('38462',*,*,#6711,.F.);
#6714=ORIENTED_EDGE('38463',*,*,#6713,.F.);
#6716=ORIENTED_EDGE('38464',*,*,#6715,.T.);
#6718=ORIENTED_EDGE('38465',*,*,#6717,.F.);
#6720=ORIENTED_EDGE('38466',*,*,#6719,.F.);
#6722=ORIENTED_EDGE('38451',*,*,#6721,.T.);
#6724=ORIENTED_EDGE('38467',*,*,#6723,.F.);
#6726=ORIENTED_EDGE('38468',*,*,#6725,.F.);
#6728=ORIENTED_EDGE('38469',*,*,#6727,.T.);
#6730=ORIENTED_EDGE('38470',*,*,#6729,.F.);
#6732=ORIENTED_EDGE('38471',*,*,#6731,.F.);
#6734=ORIENTED_EDGE('38472',*,*,#6733,.F.);
#6736=ORIENTED_EDGE('38473',*,*,#6735,.F.);
#6738=ORIENTED_EDGE('38474',*,*,#6737,.F.);
#6739=EDGE_LOOP('24485',(#6657,#6659,#6661,#6663,#6665,#6667,#6669,#6671,#6673,
#6675,#6677,#6679,#6681,#6683,#6685,#6687,#6689,#6691,#6693,#6695,#6697,#6698,
#6700,#6702,#6704,#6706,#6708,#6710,#6712,#6714,#6716,#6718,#6720,#6722,#6724,
#6726,#6728,#6730,#6732,#6734,#6736,#6738));
#6740=FACE_OUTER_BOUND('24485',#6739,.F.);
#6741=ADVANCED_FACE('24485',(#6740),#6655,.F.);
#6742=CARTESIAN_POINT('',(1.73E1,1.35E0,-5.5E0));
#6743=DIRECTION('',(0.E0,0.E0,1.E0));
#6744=DIRECTION('',(-1.E0,0.E0,0.E0));
#6745=AXIS2_PLACEMENT_3D('',#6742,#6743,#6744);
#6746=PLANE('24524',#6745);
#6748=ORIENTED_EDGE('48933',*,*,#6747,.F.);
#6750=ORIENTED_EDGE('26825',*,*,#6749,.T.);
#6751=ORIENTED_EDGE('48934',*,*,#6656,.F.);
#6753=ORIENTED_EDGE('38649',*,*,#6752,.F.);
#6754=EDGE_LOOP('24524',(#6748,#6750,#6751,#6753));
#6755=FACE_OUTER_BOUND('24524',#6754,.F.);
#6756=ADVANCED_FACE('24524',(#6755),#6746,.F.);
#6757=CARTESIAN_POINT('',(2.93E1,2.35E0,-5.15E0));
#6758=DIRECTION('',(0.E0,1.E0,0.E0));
#6759=DIRECTION('',(0.E0,0.E0,1.E0));
#6760=AXIS2_PLACEMENT_3D('',#6757,#6758,#6759);
#6761=PLANE('24500',#6760);
#6763=ORIENTED_EDGE('43149',*,*,#6762,.F.);
#6765=ORIENTED_EDGE('43053',*,*,#6764,.F.);
#6767=ORIENTED_EDGE('43050',*,*,#6766,.T.);
#6769=ORIENTED_EDGE('26776',*,*,#6768,.F.);
#6771=ORIENTED_EDGE('26775',*,*,#6770,.T.);
#6773=ORIENTED_EDGE('26774',*,*,#6772,.T.);
#6775=ORIENTED_EDGE('26773',*,*,#6774,.T.);
#6777=ORIENTED_EDGE('26772',*,*,#6776,.T.);
#6779=ORIENTED_EDGE('26771',*,*,#6778,.T.);
#6781=ORIENTED_EDGE('26770',*,*,#6780,.F.);
#6783=ORIENTED_EDGE('26769',*,*,#6782,.T.);
#6785=ORIENTED_EDGE('26768',*,*,#6784,.T.);
#6787=ORIENTED_EDGE('26363',*,*,#6786,.F.);
#6789=ORIENTED_EDGE('26767',*,*,#6788,.T.);
#6791=ORIENTED_EDGE('26766',*,*,#6790,.T.);
#6793=ORIENTED_EDGE('26765',*,*,#6792,.F.);
#6795=ORIENTED_EDGE('26764',*,*,#6794,.T.);
#6797=ORIENTED_EDGE('26763',*,*,#6796,.T.);
#6799=ORIENTED_EDGE('26762',*,*,#6798,.T.);
#6801=ORIENTED_EDGE('26761',*,*,#6800,.T.);
#6803=ORIENTED_EDGE('26760',*,*,#6802,.T.);
#6804=ORIENTED_EDGE('48933',*,*,#6747,.T.);
#6806=ORIENTED_EDGE('38614',*,*,#6805,.F.);
#6808=ORIENTED_EDGE('38615',*,*,#6807,.F.);
#6810=ORIENTED_EDGE('38616',*,*,#6809,.F.);
#6812=ORIENTED_EDGE('38617',*,*,#6811,.F.);
#6814=ORIENTED_EDGE('38618',*,*,#6813,.F.);
#6816=ORIENTED_EDGE('38619',*,*,#6815,.T.);
#6818=ORIENTED_EDGE('38620',*,*,#6817,.F.);
#6820=ORIENTED_EDGE('38621',*,*,#6819,.F.);
#6822=ORIENTED_EDGE('38453',*,*,#6821,.T.);
#6824=ORIENTED_EDGE('38622',*,*,#6823,.F.);
#6826=ORIENTED_EDGE('38623',*,*,#6825,.F.);
#6828=ORIENTED_EDGE('38624',*,*,#6827,.T.);
#6830=ORIENTED_EDGE('38625',*,*,#6829,.F.);
#6832=ORIENTED_EDGE('38626',*,*,#6831,.F.);
#6834=ORIENTED_EDGE('38627',*,*,#6833,.F.);
#6836=ORIENTED_EDGE('38628',*,*,#6835,.F.);
#6838=ORIENTED_EDGE('38629',*,*,#6837,.F.);
#6840=ORIENTED_EDGE('38630',*,*,#6839,.T.);
#6842=ORIENTED_EDGE('43108',*,*,#6841,.F.);
#6844=ORIENTED_EDGE('43111',*,*,#6843,.T.);
#6845=EDGE_LOOP('24500',(#6763,#6765,#6767,#6769,#6771,#6773,#6775,#6777,#6779,
#6781,#6783,#6785,#6787,#6789,#6791,#6793,#6795,#6797,#6799,#6801,#6803,#6804,
#6806,#6808,#6810,#6812,#6814,#6816,#6818,#6820,#6822,#6824,#6826,#6828,#6830,
#6832,#6834,#6836,#6838,#6840,#6842,#6844));
#6846=FACE_OUTER_BOUND('24500',#6845,.F.);
#6847=ADVANCED_FACE('24500',(#6846),#6761,.T.);
#6848=CARTESIAN_POINT('',(2.93E1,2.525E0,-4.8E0));
#6849=DIRECTION('',(0.E0,0.E0,1.E0));
#6850=DIRECTION('',(0.E0,1.E0,0.E0));
#6851=AXIS2_PLACEMENT_3D('',#6848,#6849,#6850);
#6852=PLANE('24498',#6851);
#6854=ORIENTED_EDGE('39914',*,*,#6853,.T.);
#6856=ORIENTED_EDGE('26590',*,*,#6855,.T.);
#6858=ORIENTED_EDGE('43049',*,*,#6857,.T.);
#6860=ORIENTED_EDGE('43052',*,*,#6859,.F.);
#6861=ORIENTED_EDGE('43149',*,*,#6762,.T.);
#6863=ORIENTED_EDGE('43110',*,*,#6862,.T.);
#6865=ORIENTED_EDGE('43107',*,*,#6864,.F.);
#6867=ORIENTED_EDGE('38544',*,*,#6866,.F.);
#6868=EDGE_LOOP('24498',(#6854,#6856,#6858,#6860,#6861,#6863,#6865,#6867));
#6869=FACE_OUTER_BOUND('24498',#6868,.F.);
#6870=ADVANCED_FACE('24498',(#6869),#6852,.F.);
#6871=CARTESIAN_POINT('',(2.93E1,2.7E0,-2.4E0));
#6872=DIRECTION('',(0.E0,1.E0,0.E0));
#6873=DIRECTION('',(1.E0,0.E0,0.E0));
#6874=AXIS2_PLACEMENT_3D('',#6871,#6872,#6873);
#6875=PLANE('24914',#6874);
#6877=ORIENTED_EDGE('39913',*,*,#6876,.F.);
#6879=ORIENTED_EDGE('27360',*,*,#6878,.T.);
#6880=ORIENTED_EDGE('39914',*,*,#6853,.F.);
#6882=ORIENTED_EDGE('38929',*,*,#6881,.F.);
#6883=EDGE_LOOP('24914',(#6877,#6879,#6880,#6882));
#6884=FACE_OUTER_BOUND('24914',#6883,.F.);
#6885=ADVANCED_FACE('24914',(#6884),#6875,.T.);
#6886=CARTESIAN_POINT('',(2.93E1,2.45E0,0.E0));
#6887=DIRECTION('',(0.E0,0.E0,1.E0));
#6888=DIRECTION('',(1.E0,0.E0,0.E0));
#6889=AXIS2_PLACEMENT_3D('',#6886,#6887,#6888);
#6890=PLANE('24594',#6889);
#6892=ORIENTED_EDGE('48939',*,*,#6891,.T.);
#6894=ORIENTED_EDGE('27003',*,*,#6893,.F.);
#6896=ORIENTED_EDGE('27004',*,*,#6895,.T.);
#6898=ORIENTED_EDGE('27005',*,*,#6897,.T.);
#6900=ORIENTED_EDGE('27006',*,*,#6899,.T.);
#6902=ORIENTED_EDGE('27007',*,*,#6901,.F.);
#6904=ORIENTED_EDGE('27008',*,*,#6903,.T.);
#6906=ORIENTED_EDGE('26357',*,*,#6905,.T.);
#6908=ORIENTED_EDGE('27009',*,*,#6907,.T.);
#6910=ORIENTED_EDGE('26886',*,*,#6909,.T.);
#6912=ORIENTED_EDGE('26895',*,*,#6911,.T.);
#6914=ORIENTED_EDGE('26882',*,*,#6913,.T.);
#6916=ORIENTED_EDGE('27010',*,*,#6915,.T.);
#6918=ORIENTED_EDGE('27011',*,*,#6917,.T.);
#6920=ORIENTED_EDGE('26863',*,*,#6919,.T.);
#6922=ORIENTED_EDGE('27012',*,*,#6921,.T.);
#6923=ORIENTED_EDGE('39913',*,*,#6876,.T.);
#6925=ORIENTED_EDGE('38771',*,*,#6924,.F.);
#6927=ORIENTED_EDGE('38684',*,*,#6926,.F.);
#6929=ORIENTED_EDGE('38770',*,*,#6928,.F.);
#6931=ORIENTED_EDGE('38769',*,*,#6930,.F.);
#6933=ORIENTED_EDGE('38702',*,*,#6932,.F.);
#6935=ORIENTED_EDGE('38715',*,*,#6934,.F.);
#6937=ORIENTED_EDGE('38706',*,*,#6936,.F.);
#6939=ORIENTED_EDGE('38768',*,*,#6938,.F.);
#6941=ORIENTED_EDGE('38447',*,*,#6940,.F.);
#6943=ORIENTED_EDGE('38767',*,*,#6942,.F.);
#6945=ORIENTED_EDGE('38766',*,*,#6944,.T.);
#6947=ORIENTED_EDGE('38765',*,*,#6946,.F.);
#6949=ORIENTED_EDGE('38764',*,*,#6948,.F.);
#6951=ORIENTED_EDGE('38763',*,*,#6950,.F.);
#6953=ORIENTED_EDGE('38762',*,*,#6952,.T.);
#6954=EDGE_LOOP('24594',(#6892,#6894,#6896,#6898,#6900,#6902,#6904,#6906,#6908,
#6910,#6912,#6914,#6916,#6918,#6920,#6922,#6923,#6925,#6927,#6929,#6931,#6933,
#6935,#6937,#6939,#6941,#6943,#6945,#6947,#6949,#6951,#6953));
#6955=FACE_OUTER_BOUND('24594',#6954,.F.);
#6956=ADVANCED_FACE('24594',(#6955),#6890,.T.);
#6957=CARTESIAN_POINT('',(1.73E1,2.2E0,-5.E-1));
#6958=DIRECTION('',(0.E0,1.E0,0.E0));
#6959=DIRECTION('',(0.E0,0.E0,-1.E0));
#6960=AXIS2_PLACEMENT_3D('',#6957,#6958,#6959);
#6961=PLANE('24638',#6960);
#6963=ORIENTED_EDGE('48938',*,*,#6962,.F.);
#6965=ORIENTED_EDGE('48099',*,*,#6964,.T.);
#6967=ORIENTED_EDGE('48111',*,*,#6966,.F.);
#6968=ORIENTED_EDGE('48939',*,*,#6891,.F.);
#6970=ORIENTED_EDGE('48780',*,*,#6969,.T.);
#6972=ORIENTED_EDGE('48768',*,*,#6971,.F.);
#6973=EDGE_LOOP('24638',(#6963,#6965,#6967,#6968,#6970,#6972));
#6974=FACE_OUTER_BOUND('24638',#6973,.F.);
#6975=ADVANCED_FACE('24638',(#6974),#6961,.F.);
#6976=CARTESIAN_POINT('',(1.73E1,2.E0,-1.E0));
#6977=DIRECTION('',(0.E0,0.E0,1.E0));
#6978=DIRECTION('',(0.E0,-1.E0,0.E0));
#6979=AXIS2_PLACEMENT_3D('',#6976,#6977,#6978);
#6980=PLANE('24606',#6979);
#6982=ORIENTED_EDGE('48937',*,*,#6981,.F.);
#6984=ORIENTED_EDGE('48109',*,*,#6983,.F.);
#6986=ORIENTED_EDGE('48097',*,*,#6985,.F.);
#6987=ORIENTED_EDGE('48938',*,*,#6962,.T.);
#6989=ORIENTED_EDGE('48766',*,*,#6988,.T.);
#6991=ORIENTED_EDGE('48778',*,*,#6990,.T.);
#6992=EDGE_LOOP('24606',(#6982,#6984,#6986,#6987,#6989,#6991));
#6993=FACE_OUTER_BOUND('24606',#6992,.F.);
#6994=ADVANCED_FACE('24606',(#6993),#6980,.T.);
#6995=CARTESIAN_POINT('',(1.73E1,1.8E0,-2.175E0));
#6996=DIRECTION('',(0.E0,1.E0,0.E0));
#6997=DIRECTION('',(-1.E0,0.E0,0.E0));
#6998=AXIS2_PLACEMENT_3D('',#6995,#6996,#6997);
#6999=PLANE('24453',#6998);
#7001=ORIENTED_EDGE('48932',*,*,#7000,.F.);
#7003=ORIENTED_EDGE('48117',*,*,#7002,.F.);
#7005=ORIENTED_EDGE('48095',*,*,#7004,.F.);
#7007=ORIENTED_EDGE('48116',*,*,#7006,.F.);
#7008=ORIENTED_EDGE('48937',*,*,#6981,.T.);
#7010=ORIENTED_EDGE('48785',*,*,#7009,.T.);
#7012=ORIENTED_EDGE('48764',*,*,#7011,.T.);
#7014=ORIENTED_EDGE('48786',*,*,#7013,.T.);
#7015=EDGE_LOOP('24453',(#7001,#7003,#7005,#7007,#7008,#7010,#7012,#7014));
#7016=FACE_OUTER_BOUND('24453',#7015,.F.);
#7017=ADVANCED_FACE('24453',(#7016),#6999,.F.);
#7018=CARTESIAN_POINT('',(2.93E1,1.275E0,-3.35E0));
#7019=DIRECTION('',(0.E0,0.E0,1.E0));
#7020=DIRECTION('',(-1.E0,0.E0,0.E0));
#7021=AXIS2_PLACEMENT_3D('',#7018,#7019,#7020);
#7022=PLANE('24447',#7021);
#7024=ORIENTED_EDGE('48936',*,*,#7023,.T.);
#7026=ORIENTED_EDGE('28866',*,*,#7025,.F.);
#7028=ORIENTED_EDGE('28867',*,*,#7027,.T.);
#7030=ORIENTED_EDGE('28868',*,*,#7029,.T.);
#7032=ORIENTED_EDGE('28964',*,*,#7031,.T.);
#7034=ORIENTED_EDGE('28917',*,*,#7033,.F.);
#7036=ORIENTED_EDGE('28918',*,*,#7035,.T.);
#7038=ORIENTED_EDGE('28919',*,*,#7037,.T.);
#7040=ORIENTED_EDGE('29017',*,*,#7039,.T.);
#7042=ORIENTED_EDGE('28968',*,*,#7041,.F.);
#7044=ORIENTED_EDGE('28969',*,*,#7043,.T.);
#7046=ORIENTED_EDGE('28970',*,*,#7045,.T.);
#7048=ORIENTED_EDGE('29007',*,*,#7047,.T.);
#7050=ORIENTED_EDGE('26187',*,*,#7049,.T.);
#7052=ORIENTED_EDGE('43632',*,*,#7051,.T.);
#7054=ORIENTED_EDGE('43621',*,*,#7053,.F.);
#7056=ORIENTED_EDGE('43633',*,*,#7055,.T.);
#7058=ORIENTED_EDGE('26191',*,*,#7057,.T.);
#7060=ORIENTED_EDGE('26192',*,*,#7059,.T.);
#7062=ORIENTED_EDGE('26193',*,*,#7061,.F.);
#7064=ORIENTED_EDGE('26194',*,*,#7063,.T.);
#7066=ORIENTED_EDGE('26195',*,*,#7065,.T.);
#7068=ORIENTED_EDGE('26196',*,*,#7067,.T.);
#7070=ORIENTED_EDGE('26197',*,*,#7069,.F.);
#7072=ORIENTED_EDGE('26198',*,*,#7071,.T.);
#7074=ORIENTED_EDGE('26199',*,*,#7073,.T.);
#7076=ORIENTED_EDGE('26200',*,*,#7075,.T.);
#7078=ORIENTED_EDGE('26201',*,*,#7077,.F.);
#7079=ORIENTED_EDGE('48932',*,*,#7000,.T.);
#7081=ORIENTED_EDGE('38380',*,*,#7080,.T.);
#7083=ORIENTED_EDGE('38379',*,*,#7082,.F.);
#7085=ORIENTED_EDGE('38378',*,*,#7084,.F.);
#7087=ORIENTED_EDGE('38377',*,*,#7086,.F.);
#7089=ORIENTED_EDGE('38376',*,*,#7088,.T.);
#7091=ORIENTED_EDGE('38375',*,*,#7090,.F.);
#7093=ORIENTED_EDGE('38374',*,*,#7092,.F.);
#7095=ORIENTED_EDGE('38373',*,*,#7094,.F.);
#7097=ORIENTED_EDGE('38372',*,*,#7096,.T.);
#7099=ORIENTED_EDGE('38371',*,*,#7098,.F.);
#7101=ORIENTED_EDGE('38370',*,*,#7100,.F.);
#7103=ORIENTED_EDGE('48354',*,*,#7102,.F.);
#7105=ORIENTED_EDGE('48347',*,*,#7104,.T.);
#7107=ORIENTED_EDGE('48353',*,*,#7106,.F.);
#7109=ORIENTED_EDGE('38366',*,*,#7108,.F.);
#7111=ORIENTED_EDGE('39713',*,*,#7110,.F.);
#7113=ORIENTED_EDGE('39676',*,*,#7112,.F.);
#7115=ORIENTED_EDGE('39675',*,*,#7114,.F.);
#7117=ORIENTED_EDGE('39674',*,*,#7116,.T.);
#7119=ORIENTED_EDGE('39723',*,*,#7118,.F.);
#7121=ORIENTED_EDGE('39625',*,*,#7120,.F.);
#7123=ORIENTED_EDGE('39624',*,*,#7122,.F.);
#7125=ORIENTED_EDGE('39623',*,*,#7124,.T.);
#7127=ORIENTED_EDGE('39670',*,*,#7126,.F.);
#7129=ORIENTED_EDGE('39574',*,*,#7128,.F.);
#7131=ORIENTED_EDGE('39573',*,*,#7130,.F.);
#7133=ORIENTED_EDGE('39572',*,*,#7132,.T.);
#7134=EDGE_LOOP('24447',(#7024,#7026,#7028,#7030,#7032,#7034,#7036,#7038,#7040,
#7042,#7044,#7046,#7048,#7050,#7052,#7054,#7056,#7058,#7060,#7062,#7064,#7066,
#7068,#7070,#7072,#7074,#7076,#7078,#7079,#7081,#7083,#7085,#7087,#7089,#7091,
#7093,#7095,#7097,#7099,#7101,#7103,#7105,#7107,#7109,#7111,#7113,#7115,#7117,
#7119,#7121,#7123,#7125,#7127,#7129,#7131,#7133));
#7135=FACE_OUTER_BOUND('24447',#7134,.F.);
#7136=ADVANCED_FACE('24447',(#7135),#7022,.T.);
#7137=CARTESIAN_POINT('',(1.73E1,7.5E-1,-2.425E0));
#7138=DIRECTION('',(0.E0,1.E0,0.E0));
#7139=DIRECTION('',(1.E0,0.E0,0.E0));
#7140=AXIS2_PLACEMENT_3D('',#7137,#7138,#7139);
#7141=PLANE('24557',#7140);
#7143=ORIENTED_EDGE('48935',*,*,#7142,.F.);
#7145=ORIENTED_EDGE('28872',*,*,#7144,.T.);
#7146=ORIENTED_EDGE('48936',*,*,#7023,.F.);
#7148=ORIENTED_EDGE('39578',*,*,#7147,.F.);
#7149=EDGE_LOOP('24557',(#7143,#7145,#7146,#7148));
#7150=FACE_OUTER_BOUND('24557',#7149,.F.);
#7151=ADVANCED_FACE('24557',(#7150),#7141,.T.);
#7152=CARTESIAN_POINT('',(2.93E1,6.E-1,-1.35E0));
#7153=DIRECTION('',(0.E0,7.071067811858E-1,7.071067811873E-1));
#7154=DIRECTION('',(-1.E0,0.E0,0.E0));
#7155=AXIS2_PLACEMENT_3D('',#7152,#7153,#7154);
#7156=PLANE('24445',#7155);
#7158=ORIENTED_EDGE('40037',*,*,#7157,.T.);
#7160=ORIENTED_EDGE('40520',*,*,#7159,.F.);
#7162=ORIENTED_EDGE('40038',*,*,#7161,.T.);
#7164=ORIENTED_EDGE('40306',*,*,#7163,.F.);
#7166=ORIENTED_EDGE('29006',*,*,#7165,.T.);
#7168=ORIENTED_EDGE('28967',*,*,#7167,.T.);
#7170=ORIENTED_EDGE('28966',*,*,#7169,.F.);
#7172=ORIENTED_EDGE('28965',*,*,#7171,.F.);
#7174=ORIENTED_EDGE('29016',*,*,#7173,.T.);
#7176=ORIENTED_EDGE('28916',*,*,#7175,.T.);
#7178=ORIENTED_EDGE('28915',*,*,#7177,.F.);
#7180=ORIENTED_EDGE('28914',*,*,#7179,.F.);
#7182=ORIENTED_EDGE('28963',*,*,#7181,.T.);
#7184=ORIENTED_EDGE('28865',*,*,#7183,.T.);
#7186=ORIENTED_EDGE('28864',*,*,#7185,.F.);
#7188=ORIENTED_EDGE('28863',*,*,#7187,.F.);
#7189=ORIENTED_EDGE('48935',*,*,#7142,.T.);
#7191=ORIENTED_EDGE('39569',*,*,#7190,.T.);
#7193=ORIENTED_EDGE('39570',*,*,#7192,.T.);
#7195=ORIENTED_EDGE('39571',*,*,#7194,.F.);
#7197=ORIENTED_EDGE('39669',*,*,#7196,.F.);
#7199=ORIENTED_EDGE('39620',*,*,#7198,.T.);
#7201=ORIENTED_EDGE('39621',*,*,#7200,.T.);
#7203=ORIENTED_EDGE('39622',*,*,#7202,.F.);
#7205=ORIENTED_EDGE('39722',*,*,#7204,.F.);
#7207=ORIENTED_EDGE('39671',*,*,#7206,.T.);
#7209=ORIENTED_EDGE('39672',*,*,#7208,.T.);
#7211=ORIENTED_EDGE('39673',*,*,#7210,.F.);
#7213=ORIENTED_EDGE('39712',*,*,#7212,.F.);
#7215=ORIENTED_EDGE('40435',*,*,#7214,.T.);
#7216=EDGE_LOOP('24445',(#7158,#7160,#7162,#7164,#7166,#7168,#7170,#7172,#7174,
#7176,#7178,#7180,#7182,#7184,#7186,#7188,#7189,#7191,#7193,#7195,#7197,#7199,
#7201,#7203,#7205,#7207,#7209,#7211,#7213,#7215));
#7217=FACE_OUTER_BOUND('24445',#7216,.F.);
#7218=ADVANCED_FACE('24445',(#7217),#7156,.T.);
#7219=CARTESIAN_POINT('',(2.93E1,1.275E0,-1.2E0));
#7220=DIRECTION('',(0.E0,0.E0,1.E0));
#7221=DIRECTION('',(-1.E0,0.E0,0.E0));
#7222=AXIS2_PLACEMENT_3D('',#7219,#7220,#7221);
#7223=PLANE('34520',#7222);
#7224=ORIENTED_EDGE('40037',*,*,#7157,.F.);
#7226=ORIENTED_EDGE('40207',*,*,#7225,.F.);
#7228=ORIENTED_EDGE('40523',*,*,#7227,.F.);
#7230=ORIENTED_EDGE('40105',*,*,#7229,.F.);
#7231=ORIENTED_EDGE('40038',*,*,#7161,.F.);
#7233=ORIENTED_EDGE('40526',*,*,#7232,.T.);
#7235=ORIENTED_EDGE('40002',*,*,#7234,.T.);
#7237=ORIENTED_EDGE('40527',*,*,#7236,.F.);
#7238=EDGE_LOOP('34520',(#7224,#7226,#7228,#7230,#7231,#7233,#7235,#7237));
#7239=FACE_OUTER_BOUND('34520',#7238,.F.);
#7240=ADVANCED_FACE('34520',(#7239),#7223,.F.);
#7241=CARTESIAN_POINT('',(2.93E1,1.275E0,-1.2E0));
#7242=DIRECTION('',(0.E0,0.E0,1.E0));
#7243=DIRECTION('',(-1.E0,0.E0,0.E0));
#7244=AXIS2_PLACEMENT_3D('',#7241,#7242,#7243);
#7245=PLANE('34520',#7244);
#7247=ORIENTED_EDGE('40098',*,*,#7246,.T.);
#7249=ORIENTED_EDGE('40125',*,*,#7248,.F.);
#7251=ORIENTED_EDGE('40127',*,*,#7250,.T.);
#7253=ORIENTED_EDGE('43310',*,*,#7252,.F.);
#7255=ORIENTED_EDGE('40143',*,*,#7254,.T.);
#7257=ORIENTED_EDGE('40126',*,*,#7256,.T.);
#7259=ORIENTED_EDGE('40404',*,*,#7258,.F.);
#7261=ORIENTED_EDGE('34810',*,*,#7260,.T.);
#7263=ORIENTED_EDGE('34815',*,*,#7262,.T.);
#7265=ORIENTED_EDGE('34814',*,*,#7264,.T.);
#7267=ORIENTED_EDGE('34813',*,*,#7266,.T.);
#7269=ORIENTED_EDGE('34812',*,*,#7268,.T.);
#7271=ORIENTED_EDGE('34800',*,*,#7270,.F.);
#7273=ORIENTED_EDGE('42315',*,*,#7272,.F.);
#7274=EDGE_LOOP('34520',(#7247,#7249,#7251,#7253,#7255,#7257,#7259,#7261,#7263,
#7265,#7267,#7269,#7271,#7273));
#7275=FACE_OUTER_BOUND('34520',#7274,.F.);
#7276=ADVANCED_FACE('34520',(#7275),#7245,.F.);
#7277=CARTESIAN_POINT('',(2.93E1,1.275E0,-1.2E0));
#7278=DIRECTION('',(0.E0,0.E0,1.E0));
#7279=DIRECTION('',(-1.E0,0.E0,0.E0));
#7280=AXIS2_PLACEMENT_3D('',#7277,#7278,#7279);
#7281=PLANE('34520',#7280);
#7283=ORIENTED_EDGE('40200',*,*,#7282,.F.);
#7285=ORIENTED_EDGE('42406',*,*,#7284,.T.);
#7287=ORIENTED_EDGE('42071',*,*,#7286,.T.);
#7289=ORIENTED_EDGE('42074',*,*,#7288,.F.);
#7291=ORIENTED_EDGE('37151',*,*,#7290,.F.);
#7293=ORIENTED_EDGE('37152',*,*,#7292,.F.);
#7295=ORIENTED_EDGE('37153',*,*,#7294,.F.);
#7297=ORIENTED_EDGE('37149',*,*,#7296,.F.);
#7299=ORIENTED_EDGE('40425',*,*,#7298,.T.);
#7301=ORIENTED_EDGE('40228',*,*,#7300,.F.);
#7303=ORIENTED_EDGE('40245',*,*,#7302,.F.);
#7305=ORIENTED_EDGE('43311',*,*,#7304,.T.);
#7307=ORIENTED_EDGE('40229',*,*,#7306,.F.);
#7309=ORIENTED_EDGE('40227',*,*,#7308,.T.);
#7310=EDGE_LOOP('34520',(#7283,#7285,#7287,#7289,#7291,#7293,#7295,#7297,#7299,
#7301,#7303,#7305,#7307,#7309));
#7311=FACE_OUTER_BOUND('34520',#7310,.F.);
#7312=ADVANCED_FACE('34520',(#7311),#7281,.F.);
#7313=CARTESIAN_POINT('',(2.93E1,1.275E0,-1.2E0));
#7314=DIRECTION('',(0.E0,0.E0,1.E0));
#7315=DIRECTION('',(-1.E0,0.E0,0.E0));
#7316=AXIS2_PLACEMENT_3D('',#7313,#7314,#7315);
#7317=PLANE('34520',#7316);
#7319=ORIENTED_EDGE('42101',*,*,#7318,.T.);
#7321=ORIENTED_EDGE('42291',*,*,#7320,.F.);
#7323=ORIENTED_EDGE('35239',*,*,#7322,.F.);
#7325=ORIENTED_EDGE('42235',*,*,#7324,.F.);
#7326=EDGE_LOOP('34520',(#7319,#7321,#7323,#7325));
#7327=FACE_OUTER_BOUND('34520',#7326,.F.);
#7328=ADVANCED_FACE('34520',(#7327),#7317,.F.);
#7329=CARTESIAN_POINT('',(2.93E1,1.275E0,-1.2E0));
#7330=DIRECTION('',(0.E0,0.E0,1.E0));
#7331=DIRECTION('',(-1.E0,0.E0,0.E0));
#7332=AXIS2_PLACEMENT_3D('',#7329,#7330,#7331);
#7333=PLANE('34520',#7332);
#7335=ORIENTED_EDGE('42166',*,*,#7334,.F.);
#7337=ORIENTED_EDGE('42321',*,*,#7336,.T.);
#7339=ORIENTED_EDGE('37351',*,*,#7338,.T.);
#7341=ORIENTED_EDGE('42376',*,*,#7340,.T.);
#7342=EDGE_LOOP('34520',(#7335,#7337,#7339,#7341));
#7343=FACE_OUTER_BOUND('34520',#7342,.F.);
#7344=ADVANCED_FACE('34520',(#7343),#7333,.F.);
#7345=CARTESIAN_POINT('',(2.03E1,6.249999999998E-1,-2.275E0));
#7346=DIRECTION('',(1.E0,0.E0,0.E0));
#7347=DIRECTION('',(0.E0,-1.E0,0.E0));
#7348=AXIS2_PLACEMENT_3D('',#7345,#7346,#7347);
#7349=PLANE('37582',#7348);
#7350=ORIENTED_EDGE('40207',*,*,#7225,.T.);
#7351=ORIENTED_EDGE('40435',*,*,#7214,.F.);
#7353=ORIENTED_EDGE('38701',*,*,#7352,.F.);
#7354=ORIENTED_EDGE('38366',*,*,#7108,.T.);
#7356=ORIENTED_EDGE('40441',*,*,#7355,.T.);
#7358=ORIENTED_EDGE('42170',*,*,#7357,.F.);
#7360=ORIENTED_EDGE('41596',*,*,#7359,.T.);
#7362=ORIENTED_EDGE('40210',*,*,#7361,.F.);
#7364=ORIENTED_EDGE('40209',*,*,#7363,.T.);
#7365=EDGE_LOOP('37582',(#7350,#7351,#7353,#7354,#7356,#7358,#7360,#7362,
#7364));
#7366=FACE_OUTER_BOUND('37582',#7365,.F.);
#7367=ADVANCED_FACE('37582',(#7366),#7349,.F.);
#7368=CARTESIAN_POINT('',(2.01125E1,7.5E-1,-2.425E0));
#7369=DIRECTION('',(0.E0,-1.E0,0.E0));
#7370=DIRECTION('',(-1.E0,0.E0,0.E0));
#7371=AXIS2_PLACEMENT_3D('',#7368,#7369,#7370);
#7372=PLANE('37583',#7371);
#7374=ORIENTED_EDGE('39679',*,*,#7373,.T.);
#7375=ORIENTED_EDGE('39713',*,*,#7110,.T.);
#7376=ORIENTED_EDGE('38701',*,*,#7352,.T.);
#7377=ORIENTED_EDGE('39712',*,*,#7212,.T.);
#7378=EDGE_LOOP('37583',(#7374,#7375,#7376,#7377));
#7379=FACE_OUTER_BOUND('37583',#7378,.F.);
#7380=ADVANCED_FACE('37583',(#7379),#7372,.F.);
#7381=CARTESIAN_POINT('',(1.9925E1,1.65E0,-3.674999999998E0));
#7382=DIRECTION('',(1.E0,0.E0,0.E0));
#7383=DIRECTION('',(0.E0,-1.E0,0.E0));
#7384=AXIS2_PLACEMENT_3D('',#7381,#7382,#7383);
#7385=PLANE('38008',#7384);
#7387=ORIENTED_EDGE('39692',*,*,#7386,.F.);
#7389=ORIENTED_EDGE('39703',*,*,#7388,.T.);
#7391=ORIENTED_EDGE('38053',*,*,#7390,.F.);
#7393=ORIENTED_EDGE('38051',*,*,#7392,.T.);
#7395=ORIENTED_EDGE('38049',*,*,#7394,.F.);
#7397=ORIENTED_EDGE('38046',*,*,#7396,.T.);
#7399=ORIENTED_EDGE('38060',*,*,#7398,.F.);
#7401=ORIENTED_EDGE('39711',*,*,#7400,.F.);
#7403=ORIENTED_EDGE('39693',*,*,#7402,.F.);
#7405=ORIENTED_EDGE('39708',*,*,#7404,.F.);
#7407=ORIENTED_EDGE('38057',*,*,#7406,.F.);
#7409=ORIENTED_EDGE('39707',*,*,#7408,.F.);
#7410=EDGE_LOOP('38008',(#7387,#7389,#7391,#7393,#7395,#7397,#7399,#7401,#7403,
#7405,#7407,#7409));
#7411=FACE_OUTER_BOUND('38008',#7410,.F.);
#7412=ADVANCED_FACE('38008',(#7411),#7385,.T.);
#7413=CARTESIAN_POINT('',(1.9925E1,1.65E0,-3.674999999998E0));
#7414=DIRECTION('',(1.E0,0.E0,0.E0));
#7415=DIRECTION('',(0.E0,-1.E0,0.E0));
#7416=AXIS2_PLACEMENT_3D('',#7413,#7414,#7415);
#7417=PLANE('38008',#7416);
#7419=ORIENTED_EDGE('40300',*,*,#7418,.F.);
#7421=ORIENTED_EDGE('40517',*,*,#7420,.F.);
#7422=ORIENTED_EDGE('39676',*,*,#7112,.T.);
#7423=ORIENTED_EDGE('39679',*,*,#7373,.F.);
#7424=ORIENTED_EDGE('39673',*,*,#7210,.T.);
#7426=ORIENTED_EDGE('41906',*,*,#7425,.F.);
#7428=ORIENTED_EDGE('41625',*,*,#7427,.F.);
#7430=ORIENTED_EDGE('41553',*,*,#7429,.T.);
#7431=EDGE_LOOP('38008',(#7419,#7421,#7422,#7423,#7424,#7426,#7428,#7430));
#7432=FACE_OUTER_BOUND('38008',#7431,.F.);
#7433=ADVANCED_FACE('38008',(#7432),#7417,.T.);
#7434=CARTESIAN_POINT('',(1.98E1,1.35E0,-4.85E0));
#7435=DIRECTION('',(0.E0,0.E0,-1.E0));
#7436=DIRECTION('',(-1.E0,0.E0,0.E0));
#7437=AXIS2_PLACEMENT_3D('',#7434,#7435,#7436);
#7438=PLANE('37600',#7437);
#7439=ORIENTED_EDGE('38461',*,*,#6709,.T.);
#7441=ORIENTED_EDGE('38710',*,*,#7440,.F.);
#7442=ORIENTED_EDGE('38627',*,*,#6833,.T.);
#7444=ORIENTED_EDGE('38711',*,*,#7443,.F.);
#7445=EDGE_LOOP('37600',(#7439,#7441,#7442,#7444));
#7446=FACE_OUTER_BOUND('37600',#7445,.F.);
#7448=ORIENTED_EDGE('39721',*,*,#7447,.T.);
#7450=ORIENTED_EDGE('39687',*,*,#7449,.F.);
#7452=ORIENTED_EDGE('39691',*,*,#7451,.T.);
#7453=ORIENTED_EDGE('39692',*,*,#7386,.T.);
#7455=ORIENTED_EDGE('39718',*,*,#7454,.T.);
#7457=ORIENTED_EDGE('38712',*,*,#7456,.F.);
#7458=EDGE_LOOP('37600',(#7448,#7450,#7452,#7453,#7455,#7457));
#7459=FACE_BOUND('37600',#7458,.F.);
#7461=ORIENTED_EDGE('39688',*,*,#7460,.F.);
#7463=ORIENTED_EDGE('39690',*,*,#7462,.T.);
#7464=ORIENTED_EDGE('39693',*,*,#7402,.T.);
#7466=ORIENTED_EDGE('39689',*,*,#7465,.T.);
#7467=EDGE_LOOP('37600',(#7461,#7463,#7464,#7466));
#7468=FACE_BOUND('37600',#7467,.F.);
#7469=ADVANCED_FACE('37600',(#7446,#7459,#7468),#7438,.T.);
#7470=CARTESIAN_POINT('',(1.995E1,1.35E0,-4.925E0));
#7471=DIRECTION('',(1.E0,0.E0,0.E0));
#7472=DIRECTION('',(0.E0,0.E0,1.E0));
#7473=AXIS2_PLACEMENT_3D('',#7470,#7471,#7472);
#7474=PLANE('37603',#7473);
#7475=ORIENTED_EDGE('38460',*,*,#6707,.T.);
#7477=ORIENTED_EDGE('38714',*,*,#7476,.F.);
#7478=ORIENTED_EDGE('38628',*,*,#6835,.T.);
#7479=ORIENTED_EDGE('38710',*,*,#7440,.T.);
#7480=EDGE_LOOP('37603',(#7475,#7477,#7478,#7479));
#7481=FACE_OUTER_BOUND('37603',#7480,.F.);
#7482=ADVANCED_FACE('37603',(#7481),#7474,.F.);
#7483=CARTESIAN_POINT('',(2.0025E1,1.35E0,-5.25E0));
#7484=DIRECTION('',(9.578262852212E-1,0.E0,2.873478855663E-1));
#7485=DIRECTION('',(-2.873478855663E-1,0.E0,9.578262852212E-1));
#7486=AXIS2_PLACEMENT_3D('',#7483,#7484,#7485);
#7487=PLANE('37604',#7486);
#7488=ORIENTED_EDGE('38459',*,*,#6705,.T.);
#7490=ORIENTED_EDGE('38644',*,*,#7489,.T.);
#7491=ORIENTED_EDGE('38629',*,*,#6837,.T.);
#7492=ORIENTED_EDGE('38714',*,*,#7476,.T.);
#7493=EDGE_LOOP('37604',(#7488,#7490,#7491,#7492));
#7494=FACE_OUTER_BOUND('37604',#7493,.F.);
#7495=ADVANCED_FACE('37604',(#7494),#7487,.F.);
#7496=CARTESIAN_POINT('',(2.025E1,1.35E0,-5.5E0));
#7497=DIRECTION('',(0.E0,0.E0,-1.E0));
#7498=DIRECTION('',(1.E0,0.E0,0.E0));
#7499=AXIS2_PLACEMENT_3D('',#7496,#7497,#7498);
#7500=PLANE('37552',#7499);
#7502=ORIENTED_EDGE('38643',*,*,#7501,.F.);
#7503=ORIENTED_EDGE('38630',*,*,#6839,.F.);
#7504=ORIENTED_EDGE('38644',*,*,#7489,.F.);
#7505=ORIENTED_EDGE('38458',*,*,#6703,.F.);
#7506=EDGE_LOOP('37552',(#7502,#7503,#7504,#7505));
#7507=FACE_OUTER_BOUND('37552',#7506,.F.);
#7508=ADVANCED_FACE('37552',(#7507),#7500,.T.);
#7509=CARTESIAN_POINT('',(2.04825E1,1.35E0,-5.25E0));
#7510=DIRECTION('',(9.496286491028E-1,0.E0,-3.133774542037E-1));
#7511=DIRECTION('',(-3.133774542037E-1,0.E0,-9.496286491028E-1));
#7512=AXIS2_PLACEMENT_3D('',#7509,#7510,#7511);
#7513=PLANE('37780',#7512);
#7514=ORIENTED_EDGE('43108',*,*,#6841,.T.);
#7515=ORIENTED_EDGE('38643',*,*,#7501,.T.);
#7516=ORIENTED_EDGE('38457',*,*,#6701,.T.);
#7518=ORIENTED_EDGE('43113',*,*,#7517,.T.);
#7519=EDGE_LOOP('37780',(#7514,#7515,#7516,#7518));
#7520=FACE_OUTER_BOUND('37780',#7519,.F.);
#7521=ADVANCED_FACE('37780',(#7520),#7513,.T.);
#7522=CARTESIAN_POINT('',(2.0565E1,1.35E0,-4.55E0));
#7523=DIRECTION('',(1.E0,0.E0,0.E0));
#7524=DIRECTION('',(0.E0,0.E0,-1.E0));
#7525=AXIS2_PLACEMENT_3D('',#7522,#7523,#7524);
#7526=PLANE('37565',#7525);
#7527=ORIENTED_EDGE('43113',*,*,#7517,.F.);
#7528=ORIENTED_EDGE('38456',*,*,#6699,.T.);
#7529=ORIENTED_EDGE('38676',*,*,#6646,.F.);
#7531=ORIENTED_EDGE('43114',*,*,#7530,.F.);
#7533=ORIENTED_EDGE('43109',*,*,#7532,.T.);
#7535=ORIENTED_EDGE('43112',*,*,#7534,.F.);
#7536=ORIENTED_EDGE('43110',*,*,#6862,.F.);
#7537=ORIENTED_EDGE('43111',*,*,#6843,.F.);
#7538=EDGE_LOOP('37565',(#7527,#7528,#7529,#7531,#7533,#7535,#7536,#7537));
#7539=FACE_OUTER_BOUND('37565',#7538,.F.);
#7540=ADVANCED_FACE('37565',(#7539),#7526,.T.);
#7541=CARTESIAN_POINT('',(2.145E1,2.5E-1,-3.35E0));
#7542=DIRECTION('',(0.E0,-1.E0,0.E0));
#7543=DIRECTION('',(1.E0,0.E0,0.E0));
#7544=AXIS2_PLACEMENT_3D('',#7541,#7542,#7543);
#7545=PLANE('37564',#7544);
#7546=ORIENTED_EDGE('40200',*,*,#7282,.T.);
#7548=ORIENTED_EDGE('40437',*,*,#7547,.T.);
#7550=ORIENTED_EDGE('38671',*,*,#7549,.F.);
#7552=ORIENTED_EDGE('38672',*,*,#7551,.F.);
#7554=ORIENTED_EDGE('38673',*,*,#7553,.F.);
#7556=ORIENTED_EDGE('38634',*,*,#7555,.T.);
#7558=ORIENTED_EDGE('38667',*,*,#7557,.F.);
#7560=ORIENTED_EDGE('38674',*,*,#7559,.F.);
#7562=ORIENTED_EDGE('43143',*,*,#7561,.F.);
#7564=ORIENTED_EDGE('43130',*,*,#7563,.T.);
#7566=ORIENTED_EDGE('43131',*,*,#7565,.F.);
#7568=ORIENTED_EDGE('43132',*,*,#7567,.F.);
#7570=ORIENTED_EDGE('43142',*,*,#7569,.F.);
#7571=ORIENTED_EDGE('43114',*,*,#7530,.T.);
#7572=ORIENTED_EDGE('38668',*,*,#6644,.F.);
#7574=ORIENTED_EDGE('40436',*,*,#7573,.F.);
#7576=ORIENTED_EDGE('40434',*,*,#7575,.T.);
#7577=EDGE_LOOP('37564',(#7546,#7548,#7550,#7552,#7554,#7556,#7558,#7560,#7562,
#7564,#7566,#7568,#7570,#7571,#7572,#7574,#7576));
#7578=FACE_OUTER_BOUND('37564',#7577,.F.);
#7579=ADVANCED_FACE('37564',(#7578),#7545,.T.);
#7580=CARTESIAN_POINT('',(2.26E1,4.25E-1,-2.6E0));
#7581=DIRECTION('',(1.E0,0.E0,0.E0));
#7582=DIRECTION('',(0.E0,0.E0,1.E0));
#7583=AXIS2_PLACEMENT_3D('',#7580,#7581,#7582);
#7584=PLANE('37758',#7583);
#7585=ORIENTED_EDGE('40227',*,*,#7308,.F.);
#7587=ORIENTED_EDGE('40443',*,*,#7586,.F.);
#7589=ORIENTED_EDGE('38931',*,*,#7588,.F.);
#7590=ORIENTED_EDGE('40437',*,*,#7547,.F.);
#7591=EDGE_LOOP('37758',(#7585,#7587,#7589,#7590));
#7592=FACE_OUTER_BOUND('37758',#7591,.F.);
#7593=ADVANCED_FACE('37758',(#7592),#7584,.T.);
#7594=CARTESIAN_POINT('',(2.1875E1,6.E-1,-2.925E0));
#7595=DIRECTION('',(0.E0,-1.E0,0.E0));
#7596=DIRECTION('',(-1.E0,0.E0,0.E0));
#7597=AXIS2_PLACEMENT_3D('',#7594,#7595,#7596);
#7598=PLANE('37760',#7597);
#7599=ORIENTED_EDGE('40229',*,*,#7306,.T.);
#7601=ORIENTED_EDGE('43314',*,*,#7600,.T.);
#7603=ORIENTED_EDGE('43304',*,*,#7602,.F.);
#7604=ORIENTED_EDGE('40443',*,*,#7586,.T.);
#7605=EDGE_LOOP('37760',(#7599,#7601,#7603,#7604));
#7606=FACE_OUTER_BOUND('37760',#7605,.F.);
#7607=ADVANCED_FACE('37760',(#7606),#7598,.F.);
#7608=CARTESIAN_POINT('',(2.25E1,2.5E-1,-1.2E0));
#7609=DIRECTION('',(-1.E0,0.E0,0.E0));
#7610=DIRECTION('',(0.E0,0.E0,-1.E0));
#7611=AXIS2_PLACEMENT_3D('',#7608,#7609,#7610);
#7612=PLANE('43299',#7611);
#7613=ORIENTED_EDGE('43311',*,*,#7304,.F.);
#7615=ORIENTED_EDGE('43315',*,*,#7614,.T.);
#7617=ORIENTED_EDGE('43306',*,*,#7616,.F.);
#7618=ORIENTED_EDGE('43314',*,*,#7600,.F.);
#7619=EDGE_LOOP('43299',(#7613,#7615,#7617,#7618));
#7620=FACE_OUTER_BOUND('43299',#7619,.F.);
#7621=ADVANCED_FACE('43299',(#7620),#7612,.F.);
#7622=CARTESIAN_POINT('',(2.1875E1,2.1E0,-2.925E0));
#7623=DIRECTION('',(0.E0,-1.E0,0.E0));
#7624=DIRECTION('',(1.E0,0.E0,0.E0));
#7625=AXIS2_PLACEMENT_3D('',#7622,#7623,#7624);
#7626=PLANE('37766',#7625);
#7627=ORIENTED_EDGE('40245',*,*,#7302,.T.);
#7629=ORIENTED_EDGE('40444',*,*,#7628,.T.);
#7631=ORIENTED_EDGE('43305',*,*,#7630,.F.);
#7632=ORIENTED_EDGE('43315',*,*,#7614,.F.);
#7633=EDGE_LOOP('37766',(#7627,#7629,#7631,#7632));
#7634=FACE_OUTER_BOUND('37766',#7633,.F.);
#7635=ADVANCED_FACE('37766',(#7634),#7626,.T.);
#7636=CARTESIAN_POINT('',(2.26E1,2.275E0,-2.6E0));
#7637=DIRECTION('',(1.E0,0.E0,0.E0));
#7638=DIRECTION('',(0.E0,0.E0,1.E0));
#7639=AXIS2_PLACEMENT_3D('',#7636,#7637,#7638);
#7640=PLANE('37759',#7639);
#7641=ORIENTED_EDGE('40228',*,*,#7300,.T.);
#7643=ORIENTED_EDGE('40431',*,*,#7642,.F.);
#7645=ORIENTED_EDGE('38682',*,*,#7644,.F.);
#7647=ORIENTED_EDGE('38933',*,*,#7646,.F.);
#7648=ORIENTED_EDGE('40444',*,*,#7628,.F.);
#7649=EDGE_LOOP('37759',(#7641,#7643,#7645,#7647,#7648));
#7650=FACE_OUTER_BOUND('37759',#7649,.F.);
#7651=ADVANCED_FACE('37759',(#7650),#7640,.T.);
#7652=CARTESIAN_POINT('',(2.93E1,1.225E0,-1.2E0));
#7653=DIRECTION('',(0.E0,0.E0,1.E0));
#7654=DIRECTION('',(-1.E0,0.E0,0.E0));
#7655=AXIS2_PLACEMENT_3D('',#7652,#7653,#7654);
#7656=PLANE('24444',#7655);
#7658=ORIENTED_EDGE('40015',*,*,#7657,.F.);
#7660=ORIENTED_EDGE('40302',*,*,#7659,.F.);
#7662=ORIENTED_EDGE('26157',*,*,#7661,.T.);
#7664=ORIENTED_EDGE('26156',*,*,#7663,.T.);
#7666=ORIENTED_EDGE('26155',*,*,#7665,.T.);
#7668=ORIENTED_EDGE('26154',*,*,#7667,.T.);
#7670=ORIENTED_EDGE('40301',*,*,#7669,.T.);
#7672=ORIENTED_EDGE('40024',*,*,#7671,.F.);
#7674=ORIENTED_EDGE('40023',*,*,#7673,.F.);
#7676=ORIENTED_EDGE('40021',*,*,#7675,.T.);
#7678=ORIENTED_EDGE('40305',*,*,#7677,.T.);
#7680=ORIENTED_EDGE('40018',*,*,#7679,.T.);
#7682=ORIENTED_EDGE('40017',*,*,#7681,.F.);
#7684=ORIENTED_EDGE('40016',*,*,#7683,.F.);
#7685=EDGE_LOOP('24444',(#7658,#7660,#7662,#7664,#7666,#7668,#7670,#7672,#7674,
#7676,#7678,#7680,#7682,#7684));
#7686=FACE_OUTER_BOUND('24444',#7685,.F.);
#7687=ADVANCED_FACE('24444',(#7686),#7656,.T.);
#7688=CARTESIAN_POINT('',(2.93E1,1.225E0,-1.2E0));
#7689=DIRECTION('',(0.E0,0.E0,1.E0));
#7690=DIRECTION('',(-1.E0,0.E0,0.E0));
#7691=AXIS2_PLACEMENT_3D('',#7688,#7689,#7690);
#7692=PLANE('24444',#7691);
#7694=ORIENTED_EDGE('40025',*,*,#7693,.T.);
#7696=ORIENTED_EDGE('40026',*,*,#7695,.T.);
#7698=ORIENTED_EDGE('40027',*,*,#7697,.T.);
#7700=ORIENTED_EDGE('40028',*,*,#7699,.T.);
#7701=ORIENTED_EDGE('40434',*,*,#7575,.F.);
#7703=ORIENTED_EDGE('40031',*,*,#7702,.T.);
#7705=ORIENTED_EDGE('40033',*,*,#7704,.T.);
#7707=ORIENTED_EDGE('40034',*,*,#7706,.F.);
#7709=ORIENTED_EDGE('40430',*,*,#7708,.F.);
#7711=ORIENTED_EDGE('38355',*,*,#7710,.F.);
#7713=ORIENTED_EDGE('38356',*,*,#7712,.F.);
#7715=ORIENTED_EDGE('38357',*,*,#7714,.F.);
#7717=ORIENTED_EDGE('38358',*,*,#7716,.F.);
#7718=ORIENTED_EDGE('40431',*,*,#7642,.T.);
#7719=EDGE_LOOP('24444',(#7694,#7696,#7698,#7700,#7701,#7703,#7705,#7707,#7709,
#7711,#7713,#7715,#7717,#7718));
#7720=FACE_OUTER_BOUND('24444',#7719,.F.);
#7721=ADVANCED_FACE('24444',(#7720),#7692,.T.);
#7722=CARTESIAN_POINT('',(2.93E1,1.225E0,-1.2E0));
#7723=DIRECTION('',(0.E0,0.E0,1.E0));
#7724=DIRECTION('',(-1.E0,0.E0,0.E0));
#7725=AXIS2_PLACEMENT_3D('',#7722,#7723,#7724);
#7726=PLANE('24444',#7725);
#7728=ORIENTED_EDGE('40035',*,*,#7727,.T.);
#7729=ORIENTED_EDGE('40520',*,*,#7159,.T.);
#7731=ORIENTED_EDGE('40036',*,*,#7730,.F.);
#7733=ORIENTED_EDGE('42097',*,*,#7732,.T.);
#7735=ORIENTED_EDGE('42404',*,*,#7734,.F.);
#7736=ORIENTED_EDGE('39905',*,*,#6621,.F.);
#7738=ORIENTED_EDGE('42317',*,*,#7737,.T.);
#7740=ORIENTED_EDGE('42096',*,*,#7739,.T.);
#7741=EDGE_LOOP('24444',(#7728,#7729,#7731,#7733,#7735,#7736,#7738,#7740));
#7742=FACE_OUTER_BOUND('24444',#7741,.F.);
#7743=ADVANCED_FACE('24444',(#7742),#7726,.T.);
#7744=CARTESIAN_POINT('',(1.225E1,2.2E0,-6.000000000001E-1));
#7745=DIRECTION('',(0.E0,1.E0,0.E0));
#7746=DIRECTION('',(0.E0,0.E0,-1.E0));
#7747=AXIS2_PLACEMENT_3D('',#7744,#7745,#7746);
#7748=PLANE('34713',#7747);
#7749=ORIENTED_EDGE('40015',*,*,#7657,.T.);
#7751=ORIENTED_EDGE('40390',*,*,#7750,.T.);
#7753=ORIENTED_EDGE('34825',*,*,#7752,.T.);
#7755=ORIENTED_EDGE('34822',*,*,#7754,.F.);
#7756=ORIENTED_EDGE('40404',*,*,#7258,.T.);
#7757=EDGE_LOOP('34713',(#7749,#7751,#7753,#7755,#7756));
#7758=FACE_OUTER_BOUND('34713',#7757,.F.);
#7759=ADVANCED_FACE('34713',(#7758),#7748,.T.);
#7760=CARTESIAN_POINT('',(1.29E1,2.25E0,-6.E-1));
#7761=DIRECTION('',(1.E0,0.E0,0.E0));
#7762=DIRECTION('',(0.E0,0.E0,-1.E0));
#7763=AXIS2_PLACEMENT_3D('',#7760,#7761,#7762);
#7764=PLANE('34714',#7763);
#7765=ORIENTED_EDGE('40016',*,*,#7683,.T.);
#7767=ORIENTED_EDGE('40391',*,*,#7766,.F.);
#7769=ORIENTED_EDGE('34826',*,*,#7768,.F.);
#7770=ORIENTED_EDGE('40390',*,*,#7750,.F.);
#7771=EDGE_LOOP('34714',(#7765,#7767,#7769,#7770));
#7772=FACE_OUTER_BOUND('34714',#7771,.F.);
#7773=ADVANCED_FACE('34714',(#7772),#7764,.F.);
#7774=CARTESIAN_POINT('',(1.3275E1,2.3E0,-6.000000000001E-1));
#7775=DIRECTION('',(0.E0,1.E0,0.E0));
#7776=DIRECTION('',(1.E0,0.E0,0.E0));
#7777=AXIS2_PLACEMENT_3D('',#7774,#7775,#7776);
#7778=PLANE('34715',#7777);
#7779=ORIENTED_EDGE('40017',*,*,#7681,.T.);
#7781=ORIENTED_EDGE('40392',*,*,#7780,.F.);
#7783=ORIENTED_EDGE('34827',*,*,#7782,.F.);
#7785=ORIENTED_EDGE('34828',*,*,#7784,.T.);
#7787=ORIENTED_EDGE('34829',*,*,#7786,.F.);
#7789=ORIENTED_EDGE('34830',*,*,#7788,.F.);
#7790=ORIENTED_EDGE('40391',*,*,#7766,.T.);
#7791=EDGE_LOOP('34715',(#7779,#7781,#7783,#7785,#7787,#7789,#7790));
#7792=FACE_OUTER_BOUND('34715',#7791,.F.);
#7793=ADVANCED_FACE('34715',(#7792),#7778,.T.);
#7794=CARTESIAN_POINT('',(1.346391975140E1,5.E-3,-1.6E0));
#7795=DIRECTION('',(0.E0,1.E0,0.E0));
#7796=DIRECTION('',(-1.E0,0.E0,0.E0));
#7797=AXIS2_PLACEMENT_3D('',#7794,#7795,#7796);
#7798=CYLINDRICAL_SURFACE('34717',#7797,5.E-1);
#7799=ORIENTED_EDGE('40018',*,*,#7679,.F.);
#7800=ORIENTED_EDGE('42315',*,*,#7272,.T.);
#7802=ORIENTED_EDGE('34801',*,*,#7801,.F.);
#7804=ORIENTED_EDGE('34835',*,*,#7803,.F.);
#7805=ORIENTED_EDGE('40392',*,*,#7780,.T.);
#7806=EDGE_LOOP('34717',(#7799,#7800,#7802,#7804,#7805));
#7807=FACE_OUTER_BOUND('34717',#7806,.F.);
#7808=ADVANCED_FACE('34717',(#7807),#7798,.F.);
#7809=CARTESIAN_POINT('',(2.93E1,5.E-2,-6.000000000001E-1));
#7810=DIRECTION('',(0.E0,1.E0,0.E0));
#7811=DIRECTION('',(1.E0,0.E0,0.E0));
#7812=AXIS2_PLACEMENT_3D('',#7809,#7810,#7811);
#7813=PLANE('34707',#7812);
#7814=ORIENTED_EDGE('42096',*,*,#7739,.F.);
#7816=ORIENTED_EDGE('42290',*,*,#7815,.T.);
#7818=ORIENTED_EDGE('34802',*,*,#7817,.F.);
#7819=ORIENTED_EDGE('34801',*,*,#7801,.T.);
#7820=ORIENTED_EDGE('34800',*,*,#7270,.T.);
#7822=ORIENTED_EDGE('34799',*,*,#7821,.T.);
#7824=ORIENTED_EDGE('42090',*,*,#7823,.F.);
#7826=ORIENTED_EDGE('42070',*,*,#7825,.F.);
#7827=ORIENTED_EDGE('42071',*,*,#7286,.F.);
#7829=ORIENTED_EDGE('42072',*,*,#7828,.F.);
#7831=ORIENTED_EDGE('42073',*,*,#7830,.T.);
#7833=ORIENTED_EDGE('42405',*,*,#7832,.F.);
#7834=ORIENTED_EDGE('42097',*,*,#7732,.F.);
#7836=ORIENTED_EDGE('42409',*,*,#7835,.T.);
#7838=ORIENTED_EDGE('42091',*,*,#7837,.F.);
#7840=ORIENTED_EDGE('42408',*,*,#7839,.F.);
#7841=EDGE_LOOP('34707',(#7814,#7816,#7818,#7819,#7820,#7822,#7824,#7826,#7827,
#7829,#7831,#7833,#7834,#7836,#7838,#7840));
#7842=FACE_OUTER_BOUND('34707',#7841,.F.);
#7843=ADVANCED_FACE('34707',(#7842),#7813,.F.);
#7844=CARTESIAN_POINT('',(1.43E1,1.25E-1,-3.E0));
#7845=DIRECTION('',(1.E0,0.E0,0.E0));
#7846=DIRECTION('',(0.E0,1.E0,0.E0));
#7847=AXIS2_PLACEMENT_3D('',#7844,#7845,#7846);
#7848=PLANE('24965',#7847);
#7850=ORIENTED_EDGE('40307',*,*,#7849,.F.);
#7851=ORIENTED_EDGE('40021',*,*,#7675,.F.);
#7853=ORIENTED_EDGE('40402',*,*,#7852,.F.);
#7855=ORIENTED_EDGE('34890',*,*,#7854,.F.);
#7856=ORIENTED_EDGE('42290',*,*,#7815,.F.);
#7857=ORIENTED_EDGE('42317',*,*,#7737,.F.);
#7858=ORIENTED_EDGE('36917',*,*,#6619,.F.);
#7859=ORIENTED_EDGE('36966',*,*,#6639,.F.);
#7860=EDGE_LOOP('24965',(#7850,#7851,#7853,#7855,#7856,#7857,#7858,#7859));
#7861=FACE_OUTER_BOUND('24965',#7860,.F.);
#7862=ADVANCED_FACE('24965',(#7861),#7848,.F.);
#7863=CARTESIAN_POINT('',(1.315E1,2.5E-1,-3.35E0));
#7864=DIRECTION('',(0.E0,1.E0,0.E0));
#7865=DIRECTION('',(-1.E0,0.E0,0.E0));
#7866=AXIS2_PLACEMENT_3D('',#7863,#7864,#7865);
#7867=PLANE('24535',#7866);
#7868=ORIENTED_EDGE('40098',*,*,#7246,.F.);
#7869=ORIENTED_EDGE('40305',*,*,#7677,.F.);
#7870=ORIENTED_EDGE('40307',*,*,#7849,.T.);
#7871=ORIENTED_EDGE('26847',*,*,#6637,.T.);
#7873=ORIENTED_EDGE('43056',*,*,#7872,.F.);
#7875=ORIENTED_EDGE('43084',*,*,#7874,.T.);
#7877=ORIENTED_EDGE('43074',*,*,#7876,.T.);
#7879=ORIENTED_EDGE('43073',*,*,#7878,.T.);
#7881=ORIENTED_EDGE('43072',*,*,#7880,.F.);
#7883=ORIENTED_EDGE('43085',*,*,#7882,.T.);
#7885=ORIENTED_EDGE('26853',*,*,#7884,.T.);
#7887=ORIENTED_EDGE('26846',*,*,#7886,.T.);
#7889=ORIENTED_EDGE('26780',*,*,#7888,.F.);
#7891=ORIENTED_EDGE('26852',*,*,#7890,.T.);
#7893=ORIENTED_EDGE('26851',*,*,#7892,.T.);
#7895=ORIENTED_EDGE('26850',*,*,#7894,.T.);
#7897=ORIENTED_EDGE('40308',*,*,#7896,.F.);
#7898=EDGE_LOOP('24535',(#7868,#7869,#7870,#7871,#7873,#7875,#7877,#7879,#7881,
#7883,#7885,#7887,#7889,#7891,#7893,#7895,#7897));
#7899=FACE_OUTER_BOUND('24535',#7898,.F.);
#7900=ADVANCED_FACE('24535',(#7899),#7867,.F.);
#7901=CARTESIAN_POINT('',(1.4035E1,1.35E0,-4.55E0));
#7902=DIRECTION('',(1.E0,0.E0,0.E0));
#7903=DIRECTION('',(0.E0,0.E0,-1.E0));
#7904=AXIS2_PLACEMENT_3D('',#7901,#7902,#7903);
#7905=PLANE('24536',#7904);
#7907=ORIENTED_EDGE('43055',*,*,#7906,.T.);
#7908=ORIENTED_EDGE('43053',*,*,#6764,.T.);
#7909=ORIENTED_EDGE('43052',*,*,#6859,.T.);
#7911=ORIENTED_EDGE('43054',*,*,#7910,.T.);
#7913=ORIENTED_EDGE('43051',*,*,#7912,.F.);
#7914=ORIENTED_EDGE('43056',*,*,#7872,.T.);
#7915=ORIENTED_EDGE('26855',*,*,#6635,.T.);
#7916=ORIENTED_EDGE('26373',*,*,#6696,.F.);
#7917=EDGE_LOOP('24536',(#7907,#7908,#7909,#7911,#7913,#7914,#7915,#7916));
#7918=FACE_OUTER_BOUND('24536',#7917,.F.);
#7919=ADVANCED_FACE('24536',(#7918),#7905,.F.);
#7920=CARTESIAN_POINT('',(1.41175E1,1.35E0,-5.25E0));
#7921=DIRECTION('',(9.496286491028E-1,0.E0,3.133774542037E-1));
#7922=DIRECTION('',(3.133774542037E-1,0.E0,-9.496286491028E-1));
#7923=AXIS2_PLACEMENT_3D('',#7920,#7921,#7922);
#7924=PLANE('24966',#7923);
#7925=ORIENTED_EDGE('43050',*,*,#6766,.F.);
#7926=ORIENTED_EDGE('43055',*,*,#7906,.F.);
#7927=ORIENTED_EDGE('26374',*,*,#6694,.F.);
#7929=ORIENTED_EDGE('26819',*,*,#7928,.F.);
#7930=EDGE_LOOP('24966',(#7925,#7926,#7927,#7929));
#7931=FACE_OUTER_BOUND('24966',#7930,.F.);
#7932=ADVANCED_FACE('24966',(#7931),#7924,.F.);
#7933=CARTESIAN_POINT('',(1.435E1,1.35E0,-5.5E0));
#7934=DIRECTION('',(0.E0,0.E0,1.E0));
#7935=DIRECTION('',(-1.E0,0.E0,0.E0));
#7936=AXIS2_PLACEMENT_3D('',#7933,#7934,#7935);
#7937=PLANE('24521',#7936);
#7938=ORIENTED_EDGE('26819',*,*,#7928,.T.);
#7939=ORIENTED_EDGE('26375',*,*,#6692,.T.);
#7941=ORIENTED_EDGE('26820',*,*,#7940,.T.);
#7942=ORIENTED_EDGE('26776',*,*,#6768,.T.);
#7943=EDGE_LOOP('24521',(#7938,#7939,#7941,#7942));
#7944=FACE_OUTER_BOUND('24521',#7943,.F.);
#7945=ADVANCED_FACE('24521',(#7944),#7937,.F.);
#7946=CARTESIAN_POINT('',(1.4575E1,1.35E0,-5.25E0));
#7947=DIRECTION('',(9.578262852212E-1,0.E0,-2.873478855663E-1));
#7948=DIRECTION('',(2.873478855663E-1,0.E0,9.578262852212E-1));
#7949=AXIS2_PLACEMENT_3D('',#7946,#7947,#7948);
#7950=PLANE('24591',#7949);
#7951=ORIENTED_EDGE('26376',*,*,#6690,.F.);
#7953=ORIENTED_EDGE('26894',*,*,#7952,.F.);
#7954=ORIENTED_EDGE('26775',*,*,#6770,.F.);
#7955=ORIENTED_EDGE('26820',*,*,#7940,.F.);
#7956=EDGE_LOOP('24591',(#7951,#7953,#7954,#7955));
#7957=FACE_OUTER_BOUND('24591',#7956,.F.);
#7958=ADVANCED_FACE('24591',(#7957),#7950,.T.);
#7959=CARTESIAN_POINT('',(1.465E1,1.35E0,-4.925E0));
#7960=DIRECTION('',(1.E0,0.E0,0.E0));
#7961=DIRECTION('',(0.E0,0.E0,1.E0));
#7962=AXIS2_PLACEMENT_3D('',#7959,#7960,#7961);
#7963=PLANE('24590',#7962);
#7964=ORIENTED_EDGE('26377',*,*,#6688,.F.);
#7966=ORIENTED_EDGE('26890',*,*,#7965,.F.);
#7967=ORIENTED_EDGE('26774',*,*,#6772,.F.);
#7968=ORIENTED_EDGE('26894',*,*,#7952,.T.);
#7969=EDGE_LOOP('24590',(#7964,#7966,#7967,#7968));
#7970=FACE_OUTER_BOUND('24590',#7969,.F.);
#7971=ADVANCED_FACE('24590',(#7970),#7963,.T.);
#7972=CARTESIAN_POINT('',(1.48E1,1.35E0,-4.85E0));
#7973=DIRECTION('',(0.E0,0.E0,1.E0));
#7974=DIRECTION('',(1.E0,0.E0,0.E0));
#7975=AXIS2_PLACEMENT_3D('',#7972,#7973,#7974);
#7976=PLANE('24587',#7975);
#7977=ORIENTED_EDGE('26378',*,*,#6686,.F.);
#7979=ORIENTED_EDGE('26891',*,*,#7978,.T.);
#7980=ORIENTED_EDGE('26773',*,*,#6774,.F.);
#7981=ORIENTED_EDGE('26890',*,*,#7965,.T.);
#7982=EDGE_LOOP('24587',(#7977,#7979,#7980,#7981));
#7983=FACE_OUTER_BOUND('24587',#7982,.F.);
#7985=ORIENTED_EDGE('29015',*,*,#7984,.F.);
#7987=ORIENTED_EDGE('26892',*,*,#7986,.T.);
#7989=ORIENTED_EDGE('29012',*,*,#7988,.F.);
#7991=ORIENTED_EDGE('28986',*,*,#7990,.F.);
#7993=ORIENTED_EDGE('28985',*,*,#7992,.F.);
#7995=ORIENTED_EDGE('28981',*,*,#7994,.T.);
#7996=EDGE_LOOP('24587',(#7985,#7987,#7989,#7991,#7993,#7995));
#7997=FACE_BOUND('24587',#7996,.F.);
#7999=ORIENTED_EDGE('28982',*,*,#7998,.T.);
#8001=ORIENTED_EDGE('28983',*,*,#8000,.F.);
#8003=ORIENTED_EDGE('28987',*,*,#8002,.F.);
#8005=ORIENTED_EDGE('28984',*,*,#8004,.F.);
#8006=EDGE_LOOP('24587',(#7999,#8001,#8003,#8005));
#8007=FACE_BOUND('24587',#8006,.F.);
#8008=ADVANCED_FACE('24587',(#7983,#7997,#8007),#7976,.F.);
#8009=CARTESIAN_POINT('',(1.495E1,1.35E0,-4.925E0));
#8010=DIRECTION('',(1.E0,0.E0,0.E0));
#8011=DIRECTION('',(0.E0,0.E0,-1.E0));
#8012=AXIS2_PLACEMENT_3D('',#8009,#8010,#8011);
#8013=PLANE('24588',#8012);
#8014=ORIENTED_EDGE('26379',*,*,#6684,.F.);
#8016=ORIENTED_EDGE('26893',*,*,#8015,.T.);
#8017=ORIENTED_EDGE('26772',*,*,#6776,.F.);
#8018=ORIENTED_EDGE('26891',*,*,#7978,.F.);
#8019=EDGE_LOOP('24588',(#8014,#8016,#8017,#8018));
#8020=FACE_OUTER_BOUND('24588',#8019,.F.);
#8021=ADVANCED_FACE('24588',(#8020),#8013,.F.);
#8022=CARTESIAN_POINT('',(1.5025E1,1.35E0,-5.25E0));
#8023=DIRECTION('',(9.578262852212E-1,0.E0,2.873478855663E-1));
#8024=DIRECTION('',(2.873478855663E-1,0.E0,-9.578262852212E-1));
#8025=AXIS2_PLACEMENT_3D('',#8022,#8023,#8024);
#8026=PLANE('24589',#8025);
#8027=ORIENTED_EDGE('26380',*,*,#6682,.F.);
#8029=ORIENTED_EDGE('26821',*,*,#8028,.F.);
#8030=ORIENTED_EDGE('26771',*,*,#6778,.F.);
#8031=ORIENTED_EDGE('26893',*,*,#8015,.F.);
#8032=EDGE_LOOP('24589',(#8027,#8029,#8030,#8031));
#8033=FACE_OUTER_BOUND('24589',#8032,.F.);
#8034=ADVANCED_FACE('24589',(#8033),#8026,.F.);
#8035=CARTESIAN_POINT('',(1.53E1,1.35E0,-5.5E0));
#8036=DIRECTION('',(0.E0,0.E0,1.E0));
#8037=DIRECTION('',(-1.E0,0.E0,0.E0));
#8038=AXIS2_PLACEMENT_3D('',#8035,#8036,#8037);
#8039=PLANE('24522',#8038);
#8040=ORIENTED_EDGE('26821',*,*,#8028,.T.);
#8041=ORIENTED_EDGE('26381',*,*,#6680,.T.);
#8043=ORIENTED_EDGE('26822',*,*,#8042,.T.);
#8044=ORIENTED_EDGE('26770',*,*,#6780,.T.);
#8045=EDGE_LOOP('24522',(#8040,#8041,#8043,#8044));
#8046=FACE_OUTER_BOUND('24522',#8045,.F.);
#8047=ADVANCED_FACE('24522',(#8046),#8039,.F.);
#8048=CARTESIAN_POINT('',(1.5575E1,1.35E0,-5.25E0));
#8049=DIRECTION('',(9.578262852212E-1,0.E0,-2.873478855663E-1));
#8050=DIRECTION('',(2.873478855663E-1,0.E0,9.578262852212E-1));
#8051=AXIS2_PLACEMENT_3D('',#8048,#8049,#8050);
#8052=PLANE('24967',#8051);
#8053=ORIENTED_EDGE('26382',*,*,#6678,.F.);
#8055=ORIENTED_EDGE('27462',*,*,#8054,.T.);
#8056=ORIENTED_EDGE('26769',*,*,#6782,.F.);
#8057=ORIENTED_EDGE('26822',*,*,#8042,.F.);
#8058=EDGE_LOOP('24967',(#8053,#8055,#8056,#8057));
#8059=FACE_OUTER_BOUND('24967',#8058,.F.);
#8060=ADVANCED_FACE('24967',(#8059),#8052,.T.);
#8061=CARTESIAN_POINT('',(1.565E1,1.35E0,-4.925E0));
#8062=DIRECTION('',(1.E0,0.E0,0.E0));
#8063=DIRECTION('',(0.E0,0.E0,1.E0));
#8064=AXIS2_PLACEMENT_3D('',#8061,#8062,#8063);
#8065=PLANE('24968',#8064);
#8066=ORIENTED_EDGE('26383',*,*,#6676,.F.);
#8068=ORIENTED_EDGE('26362',*,*,#8067,.F.);
#8069=ORIENTED_EDGE('26768',*,*,#6784,.F.);
#8070=ORIENTED_EDGE('27462',*,*,#8054,.F.);
#8071=EDGE_LOOP('24968',(#8066,#8068,#8069,#8070));
#8072=FACE_OUTER_BOUND('24968',#8071,.F.);
#8073=ADVANCED_FACE('24968',(#8072),#8065,.T.);
#8074=CARTESIAN_POINT('',(1.58E1,1.35E0,-4.85E0));
#8075=DIRECTION('',(0.E0,0.E0,1.E0));
#8076=DIRECTION('',(1.E0,0.E0,0.E0));
#8077=AXIS2_PLACEMENT_3D('',#8074,#8075,#8076);
#8078=PLANE('24483',#8077);
#8079=ORIENTED_EDGE('26361',*,*,#6674,.T.);
#8081=ORIENTED_EDGE('26364',*,*,#8080,.T.);
#8082=ORIENTED_EDGE('26363',*,*,#6786,.T.);
#8083=ORIENTED_EDGE('26362',*,*,#8067,.T.);
#8084=EDGE_LOOP('24483',(#8079,#8081,#8082,#8083));
#8085=FACE_OUTER_BOUND('24483',#8084,.F.);
#8087=ORIENTED_EDGE('28961',*,*,#8086,.F.);
#8089=ORIENTED_EDGE('26365',*,*,#8088,.T.);
#8091=ORIENTED_EDGE('28959',*,*,#8090,.F.);
#8093=ORIENTED_EDGE('28930',*,*,#8092,.F.);
#8095=ORIENTED_EDGE('28929',*,*,#8094,.F.);
#8097=ORIENTED_EDGE('28925',*,*,#8096,.T.);
#8098=EDGE_LOOP('24483',(#8087,#8089,#8091,#8093,#8095,#8097));
#8099=FACE_BOUND('24483',#8098,.F.);
#8101=ORIENTED_EDGE('28926',*,*,#8100,.T.);
#8103=ORIENTED_EDGE('28927',*,*,#8102,.F.);
#8105=ORIENTED_EDGE('28931',*,*,#8104,.F.);
#8107=ORIENTED_EDGE('28928',*,*,#8106,.F.);
#8108=EDGE_LOOP('24483',(#8101,#8103,#8105,#8107));
#8109=FACE_BOUND('24483',#8108,.F.);
#8110=ADVANCED_FACE('24483',(#8085,#8099,#8109),#8078,.F.);
#8111=CARTESIAN_POINT('',(1.595E1,1.35E0,-4.925E0));
#8112=DIRECTION('',(1.E0,0.E0,0.E0));
#8113=DIRECTION('',(0.E0,0.E0,-1.E0));
#8114=AXIS2_PLACEMENT_3D('',#8111,#8112,#8113);
#8115=PLANE('24970',#8114);
#8116=ORIENTED_EDGE('26384',*,*,#6672,.F.);
#8118=ORIENTED_EDGE('27463',*,*,#8117,.F.);
#8119=ORIENTED_EDGE('26767',*,*,#6788,.F.);
#8120=ORIENTED_EDGE('26364',*,*,#8080,.F.);
#8121=EDGE_LOOP('24970',(#8116,#8118,#8119,#8120));
#8122=FACE_OUTER_BOUND('24970',#8121,.F.);
#8123=ADVANCED_FACE('24970',(#8122),#8115,.F.);
#8124=CARTESIAN_POINT('',(1.6025E1,1.35E0,-5.25E0));
#8125=DIRECTION('',(9.578262852212E-1,0.E0,2.873478855663E-1));
#8126=DIRECTION('',(2.873478855663E-1,0.E0,-9.578262852212E-1));
#8127=AXIS2_PLACEMENT_3D('',#8124,#8125,#8126);
#8128=PLANE('24969',#8127);
#8129=ORIENTED_EDGE('26385',*,*,#6670,.F.);
#8131=ORIENTED_EDGE('26823',*,*,#8130,.F.);
#8132=ORIENTED_EDGE('26766',*,*,#6790,.F.);
#8133=ORIENTED_EDGE('27463',*,*,#8117,.T.);
#8134=EDGE_LOOP('24969',(#8129,#8131,#8132,#8133));
#8135=FACE_OUTER_BOUND('24969',#8134,.F.);
#8136=ADVANCED_FACE('24969',(#8135),#8128,.F.);
#8137=CARTESIAN_POINT('',(1.63E1,1.35E0,-5.5E0));
#8138=DIRECTION('',(0.E0,0.E0,1.E0));
#8139=DIRECTION('',(-1.E0,0.E0,0.E0));
#8140=AXIS2_PLACEMENT_3D('',#8137,#8138,#8139);
#8141=PLANE('24523',#8140);
#8142=ORIENTED_EDGE('26823',*,*,#8130,.T.);
#8143=ORIENTED_EDGE('26386',*,*,#6668,.T.);
#8145=ORIENTED_EDGE('26824',*,*,#8144,.T.);
#8146=ORIENTED_EDGE('26765',*,*,#6792,.T.);
#8147=EDGE_LOOP('24523',(#8142,#8143,#8145,#8146));
#8148=FACE_OUTER_BOUND('24523',#8147,.F.);
#8149=ADVANCED_FACE('24523',(#8148),#8141,.F.);
#8150=CARTESIAN_POINT('',(1.6575E1,1.35E0,-5.25E0));
#8151=DIRECTION('',(9.578262852212E-1,0.E0,-2.873478855663E-1));
#8152=DIRECTION('',(2.873478855663E-1,0.E0,9.578262852212E-1));
#8153=AXIS2_PLACEMENT_3D('',#8150,#8151,#8152);
#8154=PLANE('24671',#8153);
#8155=ORIENTED_EDGE('26387',*,*,#6666,.F.);
#8157=ORIENTED_EDGE('27175',*,*,#8156,.F.);
#8158=ORIENTED_EDGE('26764',*,*,#6794,.F.);
#8159=ORIENTED_EDGE('26824',*,*,#8144,.F.);
#8160=EDGE_LOOP('24671',(#8155,#8157,#8158,#8159));
#8161=FACE_OUTER_BOUND('24671',#8160,.F.);
#8162=ADVANCED_FACE('24671',(#8161),#8154,.T.);
#8163=CARTESIAN_POINT('',(1.665E1,1.35E0,-4.925E0));
#8164=DIRECTION('',(1.E0,0.E0,0.E0));
#8165=DIRECTION('',(0.E0,0.E0,1.E0));
#8166=AXIS2_PLACEMENT_3D('',#8163,#8164,#8165);
#8167=PLANE('24670',#8166);
#8168=ORIENTED_EDGE('26388',*,*,#6664,.F.);
#8170=ORIENTED_EDGE('27171',*,*,#8169,.F.);
#8171=ORIENTED_EDGE('26763',*,*,#6796,.F.);
#8172=ORIENTED_EDGE('27175',*,*,#8156,.T.);
#8173=EDGE_LOOP('24670',(#8168,#8170,#8171,#8172));
#8174=FACE_OUTER_BOUND('24670',#8173,.F.);
#8175=ADVANCED_FACE('24670',(#8174),#8167,.T.);
#8176=CARTESIAN_POINT('',(1.68E1,1.35E0,-4.85E0));
#8177=DIRECTION('',(0.E0,0.E0,1.E0));
#8178=DIRECTION('',(1.E0,0.E0,0.E0));
#8179=AXIS2_PLACEMENT_3D('',#8176,#8177,#8178);
#8180=PLANE('24667',#8179);
#8181=ORIENTED_EDGE('26389',*,*,#6662,.F.);
#8183=ORIENTED_EDGE('27172',*,*,#8182,.T.);
#8184=ORIENTED_EDGE('26762',*,*,#6798,.F.);
#8185=ORIENTED_EDGE('27171',*,*,#8169,.T.);
#8186=EDGE_LOOP('24667',(#8181,#8183,#8184,#8185));
#8187=FACE_OUTER_BOUND('24667',#8186,.F.);
#8189=ORIENTED_EDGE('28910',*,*,#8188,.F.);
#8191=ORIENTED_EDGE('27173',*,*,#8190,.T.);
#8193=ORIENTED_EDGE('28908',*,*,#8192,.F.);
#8195=ORIENTED_EDGE('28881',*,*,#8194,.F.);
#8197=ORIENTED_EDGE('28880',*,*,#8196,.F.);
#8199=ORIENTED_EDGE('28876',*,*,#8198,.T.);
#8200=EDGE_LOOP('24667',(#8189,#8191,#8193,#8195,#8197,#8199));
#8201=FACE_BOUND('24667',#8200,.F.);
#8203=ORIENTED_EDGE('28877',*,*,#8202,.T.);
#8205=ORIENTED_EDGE('28878',*,*,#8204,.F.);
#8207=ORIENTED_EDGE('28882',*,*,#8206,.F.);
#8209=ORIENTED_EDGE('28879',*,*,#8208,.F.);
#8210=EDGE_LOOP('24667',(#8203,#8205,#8207,#8209));
#8211=FACE_BOUND('24667',#8210,.F.);
#8212=ADVANCED_FACE('24667',(#8187,#8201,#8211),#8180,.F.);
#8213=CARTESIAN_POINT('',(1.695E1,1.35E0,-4.925E0));
#8214=DIRECTION('',(1.E0,0.E0,0.E0));
#8215=DIRECTION('',(0.E0,0.E0,-1.E0));
#8216=AXIS2_PLACEMENT_3D('',#8213,#8214,#8215);
#8217=PLANE('24668',#8216);
#8218=ORIENTED_EDGE('26390',*,*,#6660,.F.);
#8220=ORIENTED_EDGE('27174',*,*,#8219,.T.);
#8221=ORIENTED_EDGE('26761',*,*,#6800,.F.);
#8222=ORIENTED_EDGE('27172',*,*,#8182,.F.);
#8223=EDGE_LOOP('24668',(#8218,#8220,#8221,#8222));
#8224=FACE_OUTER_BOUND('24668',#8223,.F.);
#8225=ADVANCED_FACE('24668',(#8224),#8217,.F.);
#8226=CARTESIAN_POINT('',(1.7025E1,1.35E0,-5.25E0));
#8227=DIRECTION('',(9.578262852212E-1,0.E0,2.873478855663E-1));
#8228=DIRECTION('',(2.873478855663E-1,0.E0,-9.578262852212E-1));
#8229=AXIS2_PLACEMENT_3D('',#8226,#8227,#8228);
#8230=PLANE('24669',#8229);
#8231=ORIENTED_EDGE('26391',*,*,#6658,.F.);
#8232=ORIENTED_EDGE('26825',*,*,#6749,.F.);
#8233=ORIENTED_EDGE('26760',*,*,#6802,.F.);
#8234=ORIENTED_EDGE('27174',*,*,#8219,.F.);
#8235=EDGE_LOOP('24669',(#8231,#8232,#8233,#8234));
#8236=FACE_OUTER_BOUND('24669',#8235,.F.);
#8237=ADVANCED_FACE('24669',(#8236),#8230,.F.);
#8238=CARTESIAN_POINT('',(1.6925E1,1.995615271410E0,-2.425E0));
#8239=DIRECTION('',(1.E0,0.E0,0.E0));
#8240=DIRECTION('',(0.E0,-1.E0,0.E0));
#8241=AXIS2_PLACEMENT_3D('',#8238,#8239,#8240);
#8242=PLANE('24672',#8241);
#8244=ORIENTED_EDGE('48103',*,*,#8243,.F.);
#8245=ORIENTED_EDGE('48117',*,*,#7002,.T.);
#8246=ORIENTED_EDGE('26201',*,*,#7077,.T.);
#8248=ORIENTED_EDGE('27176',*,*,#8247,.T.);
#8249=ORIENTED_EDGE('28910',*,*,#8188,.T.);
#8251=ORIENTED_EDGE('48119',*,*,#8250,.F.);
#8252=EDGE_LOOP('24672',(#8244,#8245,#8246,#8248,#8249,#8251));
#8253=FACE_OUTER_BOUND('24672',#8252,.F.);
#8254=ADVANCED_FACE('24672',(#8253),#8242,.F.);
#8255=CARTESIAN_POINT('',(1.6925E1,1.995615271410E0,-2.425E0));
#8256=DIRECTION('',(1.E0,0.E0,0.E0));
#8257=DIRECTION('',(0.E0,-1.E0,0.E0));
#8258=AXIS2_PLACEMENT_3D('',#8255,#8256,#8257);
#8259=PLANE('24672',#8258);
#8261=ORIENTED_EDGE('48104',*,*,#8260,.T.);
#8262=ORIENTED_EDGE('48109',*,*,#6983,.T.);
#8263=ORIENTED_EDGE('48116',*,*,#7006,.T.);
#8264=EDGE_LOOP('24672',(#8261,#8262,#8263));
#8265=FACE_OUTER_BOUND('24672',#8264,.F.);
#8266=ADVANCED_FACE('24672',(#8265),#8259,.F.);
#8267=CARTESIAN_POINT('',(1.6925E1,1.995615271410E0,-2.425E0));
#8268=DIRECTION('',(1.E0,0.E0,0.E0));
#8269=DIRECTION('',(0.E0,-1.E0,0.E0));
#8270=AXIS2_PLACEMENT_3D('',#8267,#8268,#8269);
#8271=PLANE('24672',#8270);
#8273=ORIENTED_EDGE('48105',*,*,#8272,.T.);
#8275=ORIENTED_EDGE('48113',*,*,#8274,.T.);
#8276=ORIENTED_EDGE('27003',*,*,#6893,.T.);
#8277=ORIENTED_EDGE('48111',*,*,#6966,.T.);
#8278=EDGE_LOOP('24672',(#8273,#8275,#8276,#8277));
#8279=FACE_OUTER_BOUND('24672',#8278,.F.);
#8280=ADVANCED_FACE('24672',(#8279),#8271,.F.);
#8281=CARTESIAN_POINT('',(1.6925E1,2.31E0,-2.544682190127E0));
#8282=DIRECTION('',(0.E0,-7.378158985020E-1,-6.750019999360E-1));
#8283=DIRECTION('',(0.E0,-6.750019999360E-1,7.378158985020E-1));
#8284=AXIS2_PLACEMENT_3D('',#8281,#8282,#8283);
#8285=PLANE('47166',#8284);
#8287=ORIENTED_EDGE('48100',*,*,#8286,.F.);
#8289=ORIENTED_EDGE('48124',*,*,#8288,.T.);
#8291=ORIENTED_EDGE('48093',*,*,#8290,.F.);
#8293=ORIENTED_EDGE('48121',*,*,#8292,.F.);
#8294=ORIENTED_EDGE('48103',*,*,#8243,.T.);
#8296=ORIENTED_EDGE('48107',*,*,#8295,.F.);
#8297=EDGE_LOOP('47166',(#8287,#8289,#8291,#8293,#8294,#8296));
#8298=FACE_OUTER_BOUND('47166',#8297,.F.);
#8299=ADVANCED_FACE('47166',(#8298),#8285,.T.);
#8300=CARTESIAN_POINT('',(1.6675E1,1.995615271410E0,-2.425E0));
#8301=DIRECTION('',(1.E0,0.E0,0.E0));
#8302=DIRECTION('',(0.E0,-1.E0,0.E0));
#8303=AXIS2_PLACEMENT_3D('',#8300,#8301,#8302);
#8304=PLANE('24666',#8303);
#8305=ORIENTED_EDGE('48100',*,*,#8286,.T.);
#8307=ORIENTED_EDGE('48118',*,*,#8306,.F.);
#8308=ORIENTED_EDGE('28908',*,*,#8192,.T.);
#8310=ORIENTED_EDGE('27170',*,*,#8309,.T.);
#8311=ORIENTED_EDGE('26199',*,*,#7073,.F.);
#8313=ORIENTED_EDGE('48114',*,*,#8312,.T.);
#8314=EDGE_LOOP('24666',(#8305,#8307,#8308,#8310,#8311,#8313));
#8315=FACE_OUTER_BOUND('24666',#8314,.F.);
#8316=ADVANCED_FACE('24666',(#8315),#8304,.T.);
#8317=CARTESIAN_POINT('',(1.6675E1,1.995615271410E0,-2.425E0));
#8318=DIRECTION('',(1.E0,0.E0,0.E0));
#8319=DIRECTION('',(0.E0,-1.E0,0.E0));
#8320=AXIS2_PLACEMENT_3D('',#8317,#8318,#8319);
#8321=PLANE('24666',#8320);
#8323=ORIENTED_EDGE('48101',*,*,#8322,.F.);
#8325=ORIENTED_EDGE('48115',*,*,#8324,.T.);
#8327=ORIENTED_EDGE('48108',*,*,#8326,.F.);
#8328=EDGE_LOOP('24666',(#8323,#8325,#8327));
#8329=FACE_OUTER_BOUND('24666',#8328,.F.);
#8330=ADVANCED_FACE('24666',(#8329),#8321,.T.);
#8331=CARTESIAN_POINT('',(1.6675E1,1.995615271410E0,-2.425E0));
#8332=DIRECTION('',(1.E0,0.E0,0.E0));
#8333=DIRECTION('',(0.E0,-1.E0,0.E0));
#8334=AXIS2_PLACEMENT_3D('',#8331,#8332,#8333);
#8335=PLANE('24666',#8334);
#8337=ORIENTED_EDGE('48102',*,*,#8336,.F.);
#8339=ORIENTED_EDGE('48110',*,*,#8338,.F.);
#8340=ORIENTED_EDGE('27005',*,*,#6897,.F.);
#8342=ORIENTED_EDGE('48112',*,*,#8341,.T.);
#8343=EDGE_LOOP('24666',(#8337,#8339,#8340,#8342));
#8344=FACE_OUTER_BOUND('24666',#8343,.F.);
#8345=ADVANCED_FACE('24666',(#8344),#8335,.T.);
#8346=CARTESIAN_POINT('',(1.68E1,1.91E0,-3.689999999997E0));
#8347=DIRECTION('',(0.E0,1.E0,0.E0));
#8348=DIRECTION('',(0.E0,0.E0,1.E0));
#8349=AXIS2_PLACEMENT_3D('',#8346,#8347,#8348);
#8350=PLANE('25384',#8349);
#8351=ORIENTED_EDGE('48107',*,*,#8295,.T.);
#8352=ORIENTED_EDGE('48119',*,*,#8250,.T.);
#8354=ORIENTED_EDGE('28890',*,*,#8353,.T.);
#8356=ORIENTED_EDGE('26072',*,*,#8355,.F.);
#8358=ORIENTED_EDGE('28899',*,*,#8357,.F.);
#8359=ORIENTED_EDGE('48118',*,*,#8306,.T.);
#8360=EDGE_LOOP('25384',(#8351,#8352,#8354,#8356,#8358,#8359));
#8361=FACE_OUTER_BOUND('25384',#8360,.F.);
#8362=ADVANCED_FACE('25384',(#8361),#8350,.F.);
#8363=CARTESIAN_POINT('',(1.6925E1,1.65E0,-3.674999999998E0));
#8364=DIRECTION('',(1.E0,0.E0,0.E0));
#8365=DIRECTION('',(0.E0,-1.E0,0.E0));
#8366=AXIS2_PLACEMENT_3D('',#8363,#8364,#8365);
#8367=PLANE('25376',#8366);
#8368=ORIENTED_EDGE('28876',*,*,#8198,.F.);
#8370=ORIENTED_EDGE('28887',*,*,#8369,.T.);
#8372=ORIENTED_EDGE('26059',*,*,#8371,.F.);
#8374=ORIENTED_EDGE('26058',*,*,#8373,.T.);
#8376=ORIENTED_EDGE('26057',*,*,#8375,.F.);
#8378=ORIENTED_EDGE('26056',*,*,#8377,.T.);
#8380=ORIENTED_EDGE('26061',*,*,#8379,.F.);
#8382=ORIENTED_EDGE('28894',*,*,#8381,.F.);
#8383=ORIENTED_EDGE('28877',*,*,#8202,.F.);
#8385=ORIENTED_EDGE('28891',*,*,#8384,.F.);
#8387=ORIENTED_EDGE('26060',*,*,#8386,.F.);
#8388=ORIENTED_EDGE('28890',*,*,#8353,.F.);
#8389=EDGE_LOOP('25376',(#8368,#8370,#8372,#8374,#8376,#8378,#8380,#8382,#8383,
#8385,#8387,#8388));
#8390=FACE_OUTER_BOUND('25376',#8389,.F.);
#8391=ADVANCED_FACE('25376',(#8390),#8367,.T.);
#8392=CARTESIAN_POINT('',(1.6925E1,1.65E0,-3.674999999998E0));
#8393=DIRECTION('',(1.E0,0.E0,0.E0));
#8394=DIRECTION('',(0.E0,-1.E0,0.E0));
#8395=AXIS2_PLACEMENT_3D('',#8392,#8393,#8394);
#8396=PLANE('25376',#8395);
#8398=ORIENTED_EDGE('40191',*,*,#8397,.F.);
#8400=ORIENTED_EDGE('40379',*,*,#8399,.F.);
#8401=ORIENTED_EDGE('28866',*,*,#7025,.T.);
#8402=ORIENTED_EDGE('28872',*,*,#7144,.F.);
#8403=ORIENTED_EDGE('28863',*,*,#7187,.T.);
#8405=ORIENTED_EDGE('41677',*,*,#8404,.F.);
#8407=ORIENTED_EDGE('41590',*,*,#8406,.F.);
#8409=ORIENTED_EDGE('41452',*,*,#8408,.T.);
#8410=EDGE_LOOP('25376',(#8398,#8400,#8401,#8402,#8403,#8405,#8407,#8409));
#8411=FACE_OUTER_BOUND('25376',#8410,.F.);
#8412=ADVANCED_FACE('25376',(#8411),#8396,.T.);
#8413=CARTESIAN_POINT('',(1.68E1,2.31E0,-3.449999999997E0));
#8414=DIRECTION('',(0.E0,1.E0,0.E0));
#8415=DIRECTION('',(0.E0,0.E0,-1.E0));
#8416=AXIS2_PLACEMENT_3D('',#8413,#8414,#8415);
#8417=PLANE('25381',#8416);
#8418=ORIENTED_EDGE('28880',*,*,#8196,.T.);
#8420=ORIENTED_EDGE('28895',*,*,#8419,.T.);
#8422=ORIENTED_EDGE('26069',*,*,#8421,.T.);
#8423=ORIENTED_EDGE('28887',*,*,#8369,.F.);
#8424=EDGE_LOOP('25381',(#8418,#8420,#8422,#8423));
#8425=FACE_OUTER_BOUND('25381',#8424,.F.);
#8426=ADVANCED_FACE('25381',(#8425),#8417,.T.);
#8427=CARTESIAN_POINT('',(1.6675E1,1.65E0,-3.674999999998E0));
#8428=DIRECTION('',(1.E0,0.E0,0.E0));
#8429=DIRECTION('',(0.E0,-1.E0,0.E0));
#8430=AXIS2_PLACEMENT_3D('',#8427,#8428,#8429);
#8431=PLANE('25390',#8430);
#8432=ORIENTED_EDGE('28881',*,*,#8194,.T.);
#8433=ORIENTED_EDGE('28899',*,*,#8357,.T.);
#8435=ORIENTED_EDGE('26074',*,*,#8434,.T.);
#8437=ORIENTED_EDGE('28900',*,*,#8436,.T.);
#8438=ORIENTED_EDGE('28882',*,*,#8206,.T.);
#8440=ORIENTED_EDGE('28903',*,*,#8439,.T.);
#8442=ORIENTED_EDGE('26077',*,*,#8441,.T.);
#8444=ORIENTED_EDGE('26063',*,*,#8443,.F.);
#8446=ORIENTED_EDGE('26066',*,*,#8445,.T.);
#8448=ORIENTED_EDGE('26068',*,*,#8447,.F.);
#8450=ORIENTED_EDGE('26070',*,*,#8449,.T.);
#8451=ORIENTED_EDGE('28895',*,*,#8419,.F.);
#8452=EDGE_LOOP('25390',(#8432,#8433,#8435,#8437,#8438,#8440,#8442,#8444,#8446,
#8448,#8450,#8451));
#8453=FACE_OUTER_BOUND('25390',#8452,.F.);
#8454=ADVANCED_FACE('25390',(#8453),#8431,.F.);
#8455=CARTESIAN_POINT('',(1.6675E1,1.65E0,-3.674999999998E0));
#8456=DIRECTION('',(1.E0,0.E0,0.E0));
#8457=DIRECTION('',(0.E0,-1.E0,0.E0));
#8458=AXIS2_PLACEMENT_3D('',#8455,#8456,#8457);
#8459=PLANE('25390',#8458);
#8461=ORIENTED_EDGE('40193',*,*,#8460,.T.);
#8463=ORIENTED_EDGE('41456',*,*,#8462,.F.);
#8465=ORIENTED_EDGE('41591',*,*,#8464,.T.);
#8467=ORIENTED_EDGE('41678',*,*,#8466,.T.);
#8468=ORIENTED_EDGE('28865',*,*,#7183,.F.);
#8470=ORIENTED_EDGE('28871',*,*,#8469,.T.);
#8471=ORIENTED_EDGE('28868',*,*,#7029,.F.);
#8473=ORIENTED_EDGE('40380',*,*,#8472,.T.);
#8474=EDGE_LOOP('25390',(#8461,#8463,#8465,#8467,#8468,#8470,#8471,#8473));
#8475=FACE_OUTER_BOUND('25390',#8474,.F.);
#8476=ADVANCED_FACE('25390',(#8475),#8459,.F.);
#8477=CARTESIAN_POINT('',(1.68E1,1.46E0,-4.999999999997E0));
#8478=DIRECTION('',(0.E0,0.E0,1.E0));
#8479=DIRECTION('',(0.E0,1.E0,0.E0));
#8480=AXIS2_PLACEMENT_3D('',#8477,#8478,#8479);
#8481=PLANE('25385',#8480);
#8482=ORIENTED_EDGE('26060',*,*,#8386,.T.);
#8484=ORIENTED_EDGE('26073',*,*,#8483,.F.);
#8485=ORIENTED_EDGE('26074',*,*,#8434,.F.);
#8486=ORIENTED_EDGE('26072',*,*,#8355,.T.);
#8487=EDGE_LOOP('25385',(#8482,#8484,#8485,#8486));
#8488=FACE_OUTER_BOUND('25385',#8487,.F.);
#8489=ADVANCED_FACE('25385',(#8488),#8481,.T.);
#8490=CARTESIAN_POINT('',(1.68E1,1.01E0,-3.224999999997E0));
#8491=DIRECTION('',(0.E0,1.E0,0.E0));
#8492=DIRECTION('',(0.E0,0.E0,-1.E0));
#8493=AXIS2_PLACEMENT_3D('',#8490,#8491,#8492);
#8494=PLANE('25386',#8493);
#8495=ORIENTED_EDGE('28879',*,*,#8208,.T.);
#8496=ORIENTED_EDGE('28900',*,*,#8436,.F.);
#8497=ORIENTED_EDGE('26073',*,*,#8483,.T.);
#8498=ORIENTED_EDGE('28891',*,*,#8384,.T.);
#8499=EDGE_LOOP('25386',(#8495,#8496,#8497,#8498));
#8500=FACE_OUTER_BOUND('25386',#8499,.F.);
#8501=ADVANCED_FACE('25386',(#8500),#8494,.T.);
#8502=CARTESIAN_POINT('',(1.68E1,1.01E0,-3.224999999997E0));
#8503=DIRECTION('',(0.E0,1.E0,0.E0));
#8504=DIRECTION('',(0.E0,0.E0,-1.E0));
#8505=AXIS2_PLACEMENT_3D('',#8502,#8503,#8504);
#8506=PLANE('25386',#8505);
#8507=ORIENTED_EDGE('40379',*,*,#8399,.T.);
#8509=ORIENTED_EDGE('42153',*,*,#8508,.F.);
#8511=ORIENTED_EDGE('42154',*,*,#8510,.T.);
#8513=ORIENTED_EDGE('42155',*,*,#8512,.T.);
#8514=ORIENTED_EDGE('40380',*,*,#8472,.F.);
#8515=ORIENTED_EDGE('28867',*,*,#7027,.F.);
#8516=EDGE_LOOP('25386',(#8507,#8509,#8511,#8513,#8514,#8515));
#8517=FACE_OUTER_BOUND('25386',#8516,.F.);
#8518=ADVANCED_FACE('25386',(#8517),#8506,.T.);
#8519=CARTESIAN_POINT('',(1.6925E1,1.7E0,-3.674999999998E0));
#8520=DIRECTION('',(1.E0,0.E0,0.E0));
#8521=DIRECTION('',(0.E0,-1.E0,0.E0));
#8522=AXIS2_PLACEMENT_3D('',#8519,#8520,#8521);
#8523=PLANE('34695',#8522);
#8524=ORIENTED_EDGE('42153',*,*,#8508,.T.);
#8526=ORIENTED_EDGE('42284',*,*,#8525,.F.);
#8528=ORIENTED_EDGE('35504',*,*,#8527,.T.);
#8530=ORIENTED_EDGE('42309',*,*,#8529,.T.);
#8531=EDGE_LOOP('34695',(#8524,#8526,#8528,#8530));
#8532=FACE_OUTER_BOUND('34695',#8531,.F.);
#8533=ADVANCED_FACE('34695',(#8532),#8523,.F.);
#8534=CARTESIAN_POINT('',(2.93E1,1.025E0,-3.E0));
#8535=DIRECTION('',(0.E0,0.E0,1.E0));
#8536=DIRECTION('',(-1.E0,0.E0,0.E0));
#8537=AXIS2_PLACEMENT_3D('',#8534,#8535,#8536);
#8538=PLANE('34761',#8537);
#8539=ORIENTED_EDGE('40191',*,*,#8397,.T.);
#8541=ORIENTED_EDGE('48951',*,*,#8540,.F.);
#8543=ORIENTED_EDGE('40292',*,*,#8542,.F.);
#8545=ORIENTED_EDGE('42370',*,*,#8544,.F.);
#8547=ORIENTED_EDGE('37327',*,*,#8546,.T.);
#8549=ORIENTED_EDGE('42371',*,*,#8548,.T.);
#8551=ORIENTED_EDGE('40294',*,*,#8550,.T.);
#8553=ORIENTED_EDGE('42336',*,*,#8552,.F.);
#8555=ORIENTED_EDGE('40295',*,*,#8554,.F.);
#8557=ORIENTED_EDGE('42372',*,*,#8556,.F.);
#8559=ORIENTED_EDGE('37330',*,*,#8558,.T.);
#8561=ORIENTED_EDGE('42373',*,*,#8560,.T.);
#8563=ORIENTED_EDGE('40297',*,*,#8562,.T.);
#8565=ORIENTED_EDGE('42335',*,*,#8564,.F.);
#8567=ORIENTED_EDGE('40298',*,*,#8566,.F.);
#8569=ORIENTED_EDGE('42374',*,*,#8568,.F.);
#8571=ORIENTED_EDGE('37333',*,*,#8570,.T.);
#8573=ORIENTED_EDGE('42375',*,*,#8572,.T.);
#8574=ORIENTED_EDGE('40300',*,*,#7418,.T.);
#8576=ORIENTED_EDGE('42334',*,*,#8575,.F.);
#8578=ORIENTED_EDGE('42333',*,*,#8577,.F.);
#8580=ORIENTED_EDGE('37247',*,*,#8579,.T.);
#8582=ORIENTED_EDGE('48272',*,*,#8581,.T.);
#8584=ORIENTED_EDGE('48875',*,*,#8583,.T.);
#8586=ORIENTED_EDGE('43665',*,*,#8585,.F.);
#8588=ORIENTED_EDGE('35014',*,*,#8587,.F.);
#8590=ORIENTED_EDGE('42247',*,*,#8589,.T.);
#8592=ORIENTED_EDGE('42248',*,*,#8591,.T.);
#8594=ORIENTED_EDGE('40199',*,*,#8593,.F.);
#8596=ORIENTED_EDGE('42289',*,*,#8595,.F.);
#8598=ORIENTED_EDGE('35196',*,*,#8597,.F.);
#8600=ORIENTED_EDGE('42288',*,*,#8599,.T.);
#8602=ORIENTED_EDGE('40197',*,*,#8601,.T.);
#8604=ORIENTED_EDGE('42249',*,*,#8603,.T.);
#8606=ORIENTED_EDGE('40196',*,*,#8605,.F.);
#8608=ORIENTED_EDGE('42287',*,*,#8607,.F.);
#8610=ORIENTED_EDGE('35193',*,*,#8609,.F.);
#8612=ORIENTED_EDGE('42286',*,*,#8611,.T.);
#8614=ORIENTED_EDGE('40194',*,*,#8613,.T.);
#8616=ORIENTED_EDGE('42250',*,*,#8615,.T.);
#8617=ORIENTED_EDGE('40193',*,*,#8460,.F.);
#8619=ORIENTED_EDGE('42285',*,*,#8618,.F.);
#8621=ORIENTED_EDGE('35190',*,*,#8620,.F.);
#8622=ORIENTED_EDGE('42284',*,*,#8525,.T.);
#8623=EDGE_LOOP('34761',(#8539,#8541,#8543,#8545,#8547,#8549,#8551,#8553,#8555,
#8557,#8559,#8561,#8563,#8565,#8567,#8569,#8571,#8573,#8574,#8576,#8578,#8580,
#8582,#8584,#8586,#8588,#8590,#8592,#8594,#8596,#8598,#8600,#8602,#8604,#8606,
#8608,#8610,#8612,#8614,#8616,#8617,#8619,#8621,#8622));
#8624=FACE_OUTER_BOUND('34761',#8623,.F.);
#8625=ADVANCED_FACE('34761',(#8624),#8538,.F.);
#8626=CARTESIAN_POINT('',(1.73E1,8.E-1,-2.425E0));
#8627=DIRECTION('',(0.E0,1.E0,0.E0));
#8628=DIRECTION('',(1.E0,0.E0,0.E0));
#8629=AXIS2_PLACEMENT_3D('',#8626,#8627,#8628);
#8630=PLANE('34530',#8629);
#8631=ORIENTED_EDGE('41452',*,*,#8408,.F.);
#8633=ORIENTED_EDGE('48952',*,*,#8632,.T.);
#8635=ORIENTED_EDGE('48950',*,*,#8634,.T.);
#8636=ORIENTED_EDGE('48951',*,*,#8540,.T.);
#8637=EDGE_LOOP('34530',(#8631,#8633,#8635,#8636));
#8638=FACE_OUTER_BOUND('34530',#8637,.F.);
#8639=ADVANCED_FACE('34530',(#8638),#8630,.F.);
#8640=CARTESIAN_POINT('',(2.93E1,6.5E-1,-1.35E0));
#8641=DIRECTION('',(0.E0,7.071067811858E-1,7.071067811873E-1));
#8642=DIRECTION('',(-1.E0,0.E0,0.E0));
#8643=AXIS2_PLACEMENT_3D('',#8640,#8641,#8642);
#8644=PLANE('34521',#8643);
#8646=ORIENTED_EDGE('41565',*,*,#8645,.T.);
#8648=ORIENTED_EDGE('41702',*,*,#8647,.F.);
#8650=ORIENTED_EDGE('41595',*,*,#8649,.F.);
#8652=ORIENTED_EDGE('41700',*,*,#8651,.F.);
#8653=EDGE_LOOP('34521',(#8646,#8648,#8650,#8652));
#8654=FACE_OUTER_BOUND('34521',#8653,.F.);
#8655=ADVANCED_FACE('34521',(#8654),#8644,.F.);
#8656=CARTESIAN_POINT('',(2.93E1,6.5E-1,-1.35E0));
#8657=DIRECTION('',(0.E0,7.071067811858E-1,7.071067811873E-1));
#8658=DIRECTION('',(-1.E0,0.E0,0.E0));
#8659=AXIS2_PLACEMENT_3D('',#8656,#8657,#8658);
#8660=PLANE('34521',#8659);
#8661=ORIENTED_EDGE('41590',*,*,#8406,.T.);
#8663=ORIENTED_EDGE('48953',*,*,#8662,.F.);
#8665=ORIENTED_EDGE('41620',*,*,#8664,.F.);
#8666=ORIENTED_EDGE('48952',*,*,#8632,.F.);
#8667=EDGE_LOOP('34521',(#8661,#8663,#8665,#8666));
#8668=FACE_OUTER_BOUND('34521',#8667,.F.);
#8669=ADVANCED_FACE('34521',(#8668),#8660,.F.);
#8670=CARTESIAN_POINT('',(2.93E1,6.5E-1,-1.35E0));
#8671=DIRECTION('',(0.E0,7.071067811858E-1,7.071067811873E-1));
#8672=DIRECTION('',(-1.E0,0.E0,0.E0));
#8673=AXIS2_PLACEMENT_3D('',#8670,#8671,#8672);
#8674=PLANE('34521',#8673);
#8675=ORIENTED_EDGE('41591',*,*,#8464,.F.);
#8677=ORIENTED_EDGE('41699',*,*,#8676,.F.);
#8679=ORIENTED_EDGE('41592',*,*,#8678,.T.);
#8681=ORIENTED_EDGE('42244',*,*,#8680,.F.);
#8682=EDGE_LOOP('34521',(#8675,#8677,#8679,#8681));
#8683=FACE_OUTER_BOUND('34521',#8682,.F.);
#8684=ADVANCED_FACE('34521',(#8683),#8674,.F.);
#8685=CARTESIAN_POINT('',(2.93E1,6.5E-1,-1.35E0));
#8686=DIRECTION('',(0.E0,7.071067811858E-1,7.071067811873E-1));
#8687=DIRECTION('',(-1.E0,0.E0,0.E0));
#8688=AXIS2_PLACEMENT_3D('',#8685,#8686,#8687);
#8689=PLANE('34521',#8688);
#8691=ORIENTED_EDGE('41593',*,*,#8690,.F.);
#8693=ORIENTED_EDGE('41701',*,*,#8692,.F.);
#8695=ORIENTED_EDGE('41594',*,*,#8694,.T.);
#8697=ORIENTED_EDGE('42245',*,*,#8696,.F.);
#8698=EDGE_LOOP('34521',(#8691,#8693,#8695,#8697));
#8699=FACE_OUTER_BOUND('34521',#8698,.F.);
#8700=ADVANCED_FACE('34521',(#8699),#8689,.F.);
#8701=CARTESIAN_POINT('',(2.93E1,6.5E-1,-1.35E0));
#8702=DIRECTION('',(0.E0,7.071067811858E-1,7.071067811873E-1));
#8703=DIRECTION('',(-1.E0,0.E0,0.E0));
#8704=AXIS2_PLACEMENT_3D('',#8701,#8702,#8703);
#8705=PLANE('34521',#8704);
#8706=ORIENTED_EDGE('41596',*,*,#7359,.F.);
#8708=ORIENTED_EDGE('41782',*,*,#8707,.T.);
#8709=ORIENTED_EDGE('41625',*,*,#7427,.T.);
#8711=ORIENTED_EDGE('41784',*,*,#8710,.T.);
#8712=EDGE_LOOP('34521',(#8706,#8708,#8709,#8711));
#8713=FACE_OUTER_BOUND('34521',#8712,.F.);
#8714=ADVANCED_FACE('34521',(#8713),#8705,.F.);
#8715=CARTESIAN_POINT('',(2.93E1,6.5E-1,-1.35E0));
#8716=DIRECTION('',(0.E0,7.071067811858E-1,7.071067811873E-1));
#8717=DIRECTION('',(-1.E0,0.E0,0.E0));
#8718=AXIS2_PLACEMENT_3D('',#8715,#8716,#8717);
#8719=PLANE('34521',#8718);
#8721=ORIENTED_EDGE('41621',*,*,#8720,.T.);
#8723=ORIENTED_EDGE('42330',*,*,#8722,.T.);
#8725=ORIENTED_EDGE('41622',*,*,#8724,.F.);
#8727=ORIENTED_EDGE('41781',*,*,#8726,.T.);
#8728=EDGE_LOOP('34521',(#8721,#8723,#8725,#8727));
#8729=FACE_OUTER_BOUND('34521',#8728,.F.);
#8730=ADVANCED_FACE('34521',(#8729),#8719,.F.);
#8731=CARTESIAN_POINT('',(2.93E1,6.5E-1,-1.35E0));
#8732=DIRECTION('',(0.E0,7.071067811858E-1,7.071067811873E-1));
#8733=DIRECTION('',(-1.E0,0.E0,0.E0));
#8734=AXIS2_PLACEMENT_3D('',#8731,#8732,#8733);
#8735=PLANE('34521',#8734);
#8737=ORIENTED_EDGE('41623',*,*,#8736,.T.);
#8739=ORIENTED_EDGE('42331',*,*,#8738,.T.);
#8741=ORIENTED_EDGE('41624',*,*,#8740,.F.);
#8743=ORIENTED_EDGE('41783',*,*,#8742,.T.);
#8744=EDGE_LOOP('34521',(#8737,#8739,#8741,#8743));
#8745=FACE_OUTER_BOUND('34521',#8744,.F.);
#8746=ADVANCED_FACE('34521',(#8745),#8735,.F.);
#8747=CARTESIAN_POINT('',(1.43E1,6.249999999998E-1,-2.275E0));
#8748=DIRECTION('',(1.E0,0.E0,0.E0));
#8749=DIRECTION('',(0.E0,-1.E0,0.E0));
#8750=AXIS2_PLACEMENT_3D('',#8747,#8748,#8749);
#8751=PLANE('24553',#8750);
#8752=ORIENTED_EDGE('40105',*,*,#7229,.T.);
#8754=ORIENTED_EDGE('40107',*,*,#8753,.F.);
#8756=ORIENTED_EDGE('40108',*,*,#8755,.T.);
#8757=ORIENTED_EDGE('41565',*,*,#8645,.F.);
#8759=ORIENTED_EDGE('42103',*,*,#8758,.T.);
#8761=ORIENTED_EDGE('40312',*,*,#8760,.F.);
#8762=ORIENTED_EDGE('26187',*,*,#7049,.F.);
#8764=ORIENTED_EDGE('26880',*,*,#8763,.T.);
#8765=ORIENTED_EDGE('40306',*,*,#7163,.T.);
#8766=EDGE_LOOP('24553',(#8752,#8754,#8756,#8757,#8759,#8761,#8762,#8764,
#8765));
#8767=FACE_OUTER_BOUND('24553',#8766,.F.);
#8768=ADVANCED_FACE('24553',(#8767),#8751,.T.);
#8769=CARTESIAN_POINT('',(2.930246863907E1,7.E-1,-1.25E0));
#8770=DIRECTION('',(0.E0,7.071067811870E-1,7.071067811861E-1));
#8771=DIRECTION('',(-1.E0,0.E0,0.E0));
#8772=AXIS2_PLACEMENT_3D('',#8769,#8770,#8771);
#8773=PLANE('34736',#8772);
#8774=ORIENTED_EDGE('40107',*,*,#8753,.T.);
#8775=ORIENTED_EDGE('40523',*,*,#7227,.T.);
#8776=ORIENTED_EDGE('40209',*,*,#7363,.F.);
#8778=ORIENTED_EDGE('40521',*,*,#8777,.T.);
#8779=EDGE_LOOP('34736',(#8774,#8775,#8776,#8778));
#8780=FACE_OUTER_BOUND('34736',#8779,.F.);
#8781=ADVANCED_FACE('34736',(#8780),#8773,.F.);
#8782=CARTESIAN_POINT('',(2.93E1,7.5E-1,-2.15E0));
#8783=DIRECTION('',(0.E0,1.E0,0.E0));
#8784=DIRECTION('',(0.E0,0.E0,-1.E0));
#8785=AXIS2_PLACEMENT_3D('',#8782,#8783,#8784);
#8786=PLANE('34738',#8785);
#8787=ORIENTED_EDGE('40108',*,*,#8755,.F.);
#8788=ORIENTED_EDGE('40521',*,*,#8777,.F.);
#8789=ORIENTED_EDGE('40210',*,*,#7361,.T.);
#8790=ORIENTED_EDGE('41784',*,*,#8710,.F.);
#8792=ORIENTED_EDGE('42227',*,*,#8791,.F.);
#8793=ORIENTED_EDGE('42331',*,*,#8738,.F.);
#8795=ORIENTED_EDGE('42223',*,*,#8794,.F.);
#8796=ORIENTED_EDGE('42330',*,*,#8722,.F.);
#8798=ORIENTED_EDGE('42219',*,*,#8797,.F.);
#8799=ORIENTED_EDGE('48953',*,*,#8662,.T.);
#8801=ORIENTED_EDGE('42156',*,*,#8800,.T.);
#8802=ORIENTED_EDGE('42244',*,*,#8680,.T.);
#8804=ORIENTED_EDGE('42160',*,*,#8803,.T.);
#8805=ORIENTED_EDGE('42245',*,*,#8696,.T.);
#8807=ORIENTED_EDGE('42164',*,*,#8806,.T.);
#8808=ORIENTED_EDGE('41702',*,*,#8647,.T.);
#8809=EDGE_LOOP('34738',(#8787,#8788,#8789,#8790,#8792,#8793,#8795,#8796,#8798,
#8799,#8801,#8802,#8804,#8805,#8807,#8808));
#8810=FACE_OUTER_BOUND('34738',#8809,.F.);
#8811=ADVANCED_FACE('34738',(#8810),#8786,.F.);
#8812=CARTESIAN_POINT('',(1.98E1,8.05E-1,-1.449999999997E0));
#8813=DIRECTION('',(0.E0,0.E0,-1.E0));
#8814=DIRECTION('',(0.E0,1.E0,0.E0));
#8815=AXIS2_PLACEMENT_3D('',#8812,#8813,#8814);
#8816=PLANE('38005',#8815);
#8818=ORIENTED_EDGE('41905',*,*,#8817,.F.);
#8819=ORIENTED_EDGE('42227',*,*,#8791,.T.);
#8820=ORIENTED_EDGE('41906',*,*,#7425,.T.);
#8821=ORIENTED_EDGE('39672',*,*,#7208,.F.);
#8822=EDGE_LOOP('38005',(#8818,#8819,#8820,#8821));
#8823=FACE_OUTER_BOUND('38005',#8822,.F.);
#8824=ADVANCED_FACE('38005',(#8823),#8816,.F.);
#8825=CARTESIAN_POINT('',(1.9675E1,1.65E0,-3.674999999998E0));
#8826=DIRECTION('',(1.E0,0.E0,0.E0));
#8827=DIRECTION('',(0.E0,-1.E0,0.E0));
#8828=AXIS2_PLACEMENT_3D('',#8825,#8826,#8827);
#8829=PLANE('37994',#8828);
#8830=ORIENTED_EDGE('39687',*,*,#7449,.T.);
#8832=ORIENTED_EDGE('39698',*,*,#8831,.T.);
#8834=ORIENTED_EDGE('38043',*,*,#8833,.T.);
#8836=ORIENTED_EDGE('39699',*,*,#8835,.T.);
#8837=ORIENTED_EDGE('39688',*,*,#7460,.T.);
#8839=ORIENTED_EDGE('39702',*,*,#8838,.T.);
#8841=ORIENTED_EDGE('38044',*,*,#8840,.T.);
#8843=ORIENTED_EDGE('38039',*,*,#8842,.F.);
#8845=ORIENTED_EDGE('38040',*,*,#8844,.T.);
#8847=ORIENTED_EDGE('38041',*,*,#8846,.F.);
#8849=ORIENTED_EDGE('38042',*,*,#8848,.T.);
#8851=ORIENTED_EDGE('39695',*,*,#8850,.F.);
#8852=EDGE_LOOP('37994',(#8830,#8832,#8834,#8836,#8837,#8839,#8841,#8843,#8845,
#8847,#8849,#8851));
#8853=FACE_OUTER_BOUND('37994',#8852,.F.);
#8854=ADVANCED_FACE('37994',(#8853),#8829,.F.);
#8855=CARTESIAN_POINT('',(1.9675E1,1.65E0,-3.674999999998E0));
#8856=DIRECTION('',(1.E0,0.E0,0.E0));
#8857=DIRECTION('',(0.E0,-1.E0,0.E0));
#8858=AXIS2_PLACEMENT_3D('',#8855,#8856,#8857);
#8859=PLANE('37994',#8858);
#8860=ORIENTED_EDGE('40298',*,*,#8566,.T.);
#8862=ORIENTED_EDGE('41549',*,*,#8861,.F.);
#8863=ORIENTED_EDGE('41624',*,*,#8740,.T.);
#8864=ORIENTED_EDGE('41905',*,*,#8817,.T.);
#8865=ORIENTED_EDGE('39671',*,*,#7206,.F.);
#8867=ORIENTED_EDGE('39680',*,*,#8866,.T.);
#8868=ORIENTED_EDGE('39674',*,*,#7116,.F.);
#8870=ORIENTED_EDGE('40516',*,*,#8869,.T.);
#8871=EDGE_LOOP('37994',(#8860,#8862,#8863,#8864,#8865,#8867,#8868,#8870));
#8872=FACE_OUTER_BOUND('37994',#8871,.F.);
#8873=ADVANCED_FACE('37994',(#8872),#8859,.F.);
#8874=CARTESIAN_POINT('',(1.98E1,1.91E0,-3.689999999997E0));
#8875=DIRECTION('',(0.E0,-1.E0,0.E0));
#8876=DIRECTION('',(0.E0,0.E0,1.E0));
#8877=AXIS2_PLACEMENT_3D('',#8874,#8875,#8876);
#8878=PLANE('38002',#8877);
#8880=ORIENTED_EDGE('48844',*,*,#8879,.F.);
#8882=ORIENTED_EDGE('48856',*,*,#8881,.F.);
#8883=ORIENTED_EDGE('39707',*,*,#7408,.T.);
#8885=ORIENTED_EDGE('38055',*,*,#8884,.T.);
#8886=ORIENTED_EDGE('39698',*,*,#8831,.F.);
#8888=ORIENTED_EDGE('48857',*,*,#8887,.F.);
#8889=EDGE_LOOP('38002',(#8880,#8882,#8883,#8885,#8886,#8888));
#8890=FACE_OUTER_BOUND('38002',#8889,.F.);
#8891=ADVANCED_FACE('38002',(#8890),#8878,.T.);
#8892=CARTESIAN_POINT('',(1.9675E1,2.31E0,-2.544682190127E0));
#8893=DIRECTION('',(0.E0,7.378158985020E-1,6.750019999360E-1));
#8894=DIRECTION('',(0.E0,-6.750019999360E-1,7.378158985020E-1));
#8895=AXIS2_PLACEMENT_3D('',#8892,#8893,#8894);
#8896=PLANE('48345',#8895);
#8898=ORIENTED_EDGE('48833',*,*,#8897,.T.);
#8899=ORIENTED_EDGE('48844',*,*,#8879,.T.);
#8901=ORIENTED_EDGE('48836',*,*,#8900,.F.);
#8903=ORIENTED_EDGE('48859',*,*,#8902,.T.);
#8905=ORIENTED_EDGE('48830',*,*,#8904,.T.);
#8907=ORIENTED_EDGE('48862',*,*,#8906,.F.);
#8908=EDGE_LOOP('48345',(#8898,#8899,#8901,#8903,#8905,#8907));
#8909=FACE_OUTER_BOUND('48345',#8908,.F.);
#8910=ADVANCED_FACE('48345',(#8909),#8896,.F.);
#8911=CARTESIAN_POINT('',(1.9925E1,1.995615271410E0,-2.425E0));
#8912=DIRECTION('',(1.E0,0.E0,0.E0));
#8913=DIRECTION('',(0.E0,-1.E0,0.E0));
#8914=AXIS2_PLACEMENT_3D('',#8911,#8912,#8913);
#8915=PLANE('37598',#8914);
#8916=ORIENTED_EDGE('48833',*,*,#8897,.F.);
#8918=ORIENTED_EDGE('48852',*,*,#8917,.F.);
#8919=ORIENTED_EDGE('38370',*,*,#7100,.T.);
#8921=ORIENTED_EDGE('38705',*,*,#8920,.F.);
#8922=ORIENTED_EDGE('39718',*,*,#7454,.F.);
#8923=ORIENTED_EDGE('48856',*,*,#8881,.T.);
#8924=EDGE_LOOP('37598',(#8916,#8918,#8919,#8921,#8922,#8923));
#8925=FACE_OUTER_BOUND('37598',#8924,.F.);
#8926=ADVANCED_FACE('37598',(#8925),#8915,.F.);
#8927=CARTESIAN_POINT('',(1.9925E1,1.995615271410E0,-2.425E0));
#8928=DIRECTION('',(1.E0,0.E0,0.E0));
#8929=DIRECTION('',(0.E0,-1.E0,0.E0));
#8930=AXIS2_PLACEMENT_3D('',#8927,#8928,#8929);
#8931=PLANE('37598',#8930);
#8933=ORIENTED_EDGE('48834',*,*,#8932,.T.);
#8935=ORIENTED_EDGE('48846',*,*,#8934,.F.);
#8937=ORIENTED_EDGE('48853',*,*,#8936,.F.);
#8938=EDGE_LOOP('37598',(#8933,#8935,#8937));
#8939=FACE_OUTER_BOUND('37598',#8938,.F.);
#8940=ADVANCED_FACE('37598',(#8939),#8931,.F.);
#8941=CARTESIAN_POINT('',(1.9925E1,1.995615271410E0,-2.425E0));
#8942=DIRECTION('',(1.E0,0.E0,0.E0));
#8943=DIRECTION('',(0.E0,-1.E0,0.E0));
#8944=AXIS2_PLACEMENT_3D('',#8941,#8942,#8943);
#8945=PLANE('37598',#8944);
#8947=ORIENTED_EDGE('48835',*,*,#8946,.T.);
#8949=ORIENTED_EDGE('48850',*,*,#8948,.F.);
#8950=ORIENTED_EDGE('38702',*,*,#6932,.T.);
#8952=ORIENTED_EDGE('48845',*,*,#8951,.F.);
#8953=EDGE_LOOP('37598',(#8947,#8949,#8950,#8952));
#8954=FACE_OUTER_BOUND('37598',#8953,.F.);
#8955=ADVANCED_FACE('37598',(#8954),#8945,.F.);
#8956=CARTESIAN_POINT('',(2.04725E1,1.8E0,-2.175E0));
#8957=DIRECTION('',(0.E0,-1.E0,0.E0));
#8958=DIRECTION('',(1.E0,0.E0,0.E0));
#8959=AXIS2_PLACEMENT_3D('',#8956,#8957,#8958);
#8960=PLANE('37541',#8959);
#8962=ORIENTED_EDGE('48832',*,*,#8961,.F.);
#8963=ORIENTED_EDGE('48853',*,*,#8936,.T.);
#8965=ORIENTED_EDGE('38443',*,*,#8964,.F.);
#8967=ORIENTED_EDGE('38444',*,*,#8966,.F.);
#8968=ORIENTED_EDGE('38356',*,*,#7712,.T.);
#8970=ORIENTED_EDGE('48349',*,*,#8969,.F.);
#8972=ORIENTED_EDGE('48352',*,*,#8971,.T.);
#8973=ORIENTED_EDGE('48354',*,*,#7102,.T.);
#8974=ORIENTED_EDGE('48852',*,*,#8917,.T.);
#8975=EDGE_LOOP('37541',(#8962,#8963,#8965,#8967,#8968,#8970,#8972,#8973,
#8974));
#8976=FACE_OUTER_BOUND('37541',#8975,.F.);
#8977=ADVANCED_FACE('37541',(#8976),#8960,.T.);
#8978=CARTESIAN_POINT('',(1.9925E1,0.E0,0.E0));
#8979=DIRECTION('',(-1.E0,0.E0,0.E0));
#8980=DIRECTION('',(0.E0,-1.E0,0.E0));
#8981=AXIS2_PLACEMENT_3D('',#8978,#8979,#8980);
#8982=PLANE('48344',#8981);
#8983=ORIENTED_EDGE('48832',*,*,#8961,.T.);
#8984=ORIENTED_EDGE('48862',*,*,#8906,.T.);
#8986=ORIENTED_EDGE('48863',*,*,#8985,.T.);
#8987=EDGE_LOOP('48344',(#8983,#8984,#8986));
#8988=FACE_OUTER_BOUND('48344',#8987,.F.);
#8989=ADVANCED_FACE('48344',(#8988),#8982,.F.);
#8990=CARTESIAN_POINT('',(1.9925E1,0.E0,0.E0));
#8991=DIRECTION('',(-1.E0,0.E0,0.E0));
#8992=DIRECTION('',(0.E0,-1.E0,0.E0));
#8993=AXIS2_PLACEMENT_3D('',#8990,#8991,#8992);
#8994=PLANE('48344',#8993);
#8996=ORIENTED_EDGE('48840',*,*,#8995,.T.);
#8998=ORIENTED_EDGE('48864',*,*,#8997,.T.);
#9000=ORIENTED_EDGE('48842',*,*,#8999,.F.);
#9001=EDGE_LOOP('48344',(#8996,#8998,#9000));
#9002=FACE_OUTER_BOUND('48344',#9001,.F.);
#9003=ADVANCED_FACE('48344',(#9002),#8994,.F.);
#9004=CARTESIAN_POINT('',(1.9675E1,1.4E0,-1.55E0));
#9005=DIRECTION('',(0.E0,6.097107608513E-1,-7.926239891033E-1));
#9006=DIRECTION('',(0.E0,7.926239891033E-1,6.097107608513E-1));
#9007=AXIS2_PLACEMENT_3D('',#9004,#9005,#9006);
#9008=PLANE('48346',#9007);
#9009=ORIENTED_EDGE('48834',*,*,#8932,.F.);
#9010=ORIENTED_EDGE('48863',*,*,#8985,.F.);
#9011=ORIENTED_EDGE('48830',*,*,#8904,.F.);
#9013=ORIENTED_EDGE('48860',*,*,#9012,.T.);
#9015=ORIENTED_EDGE('48837',*,*,#9014,.T.);
#9017=ORIENTED_EDGE('48861',*,*,#9016,.T.);
#9019=ORIENTED_EDGE('48838',*,*,#9018,.T.);
#9021=ORIENTED_EDGE('48839',*,*,#9020,.T.);
#9022=ORIENTED_EDGE('48835',*,*,#8946,.F.);
#9023=ORIENTED_EDGE('48864',*,*,#8997,.F.);
#9024=EDGE_LOOP('48346',(#9009,#9010,#9011,#9013,#9015,#9017,#9019,#9021,#9022,
#9023));
#9025=FACE_OUTER_BOUND('48346',#9024,.F.);
#9026=ADVANCED_FACE('48346',(#9025),#9008,.F.);
#9027=CARTESIAN_POINT('',(1.9675E1,0.E0,0.E0));
#9028=DIRECTION('',(-1.E0,0.E0,0.E0));
#9029=DIRECTION('',(0.E0,-1.E0,0.E0));
#9030=AXIS2_PLACEMENT_3D('',#9027,#9028,#9029);
#9031=PLANE('48343',#9030);
#9033=ORIENTED_EDGE('48831',*,*,#9032,.F.);
#9034=ORIENTED_EDGE('48860',*,*,#9012,.F.);
#9035=ORIENTED_EDGE('48859',*,*,#8902,.F.);
#9036=EDGE_LOOP('48343',(#9033,#9034,#9035));
#9037=FACE_OUTER_BOUND('48343',#9036,.F.);
#9038=ADVANCED_FACE('48343',(#9037),#9031,.T.);
#9039=CARTESIAN_POINT('',(1.9675E1,0.E0,0.E0));
#9040=DIRECTION('',(-1.E0,0.E0,0.E0));
#9041=DIRECTION('',(0.E0,-1.E0,0.E0));
#9042=AXIS2_PLACEMENT_3D('',#9039,#9040,#9041);
#9043=PLANE('48343',#9042);
#9045=ORIENTED_EDGE('48841',*,*,#9044,.F.);
#9047=ORIENTED_EDGE('48843',*,*,#9046,.T.);
#9048=ORIENTED_EDGE('48861',*,*,#9016,.F.);
#9049=EDGE_LOOP('48343',(#9045,#9047,#9048));
#9050=FACE_OUTER_BOUND('48343',#9049,.F.);
#9051=ADVANCED_FACE('48343',(#9050),#9043,.T.);
#9052=CARTESIAN_POINT('',(1.93E1,1.8E0,-2.175E0));
#9053=DIRECTION('',(0.E0,-1.E0,0.E0));
#9054=DIRECTION('',(1.E0,0.E0,0.E0));
#9055=AXIS2_PLACEMENT_3D('',#9052,#9053,#9054);
#9056=PLANE('37527',#9055);
#9057=ORIENTED_EDGE('48831',*,*,#9032,.T.);
#9059=ORIENTED_EDGE('48855',*,*,#9058,.T.);
#9060=ORIENTED_EDGE('38373',*,*,#7094,.T.);
#9062=ORIENTED_EDGE('48817',*,*,#9061,.T.);
#9064=ORIENTED_EDGE('48797',*,*,#9063,.F.);
#9066=ORIENTED_EDGE('48818',*,*,#9065,.T.);
#9068=ORIENTED_EDGE('38427',*,*,#9067,.F.);
#9070=ORIENTED_EDGE('48854',*,*,#9069,.T.);
#9071=EDGE_LOOP('37527',(#9057,#9059,#9060,#9062,#9064,#9066,#9068,#9070));
#9072=FACE_OUTER_BOUND('37527',#9071,.F.);
#9073=ADVANCED_FACE('37527',(#9072),#9056,.T.);
#9074=CARTESIAN_POINT('',(1.9675E1,1.995615271410E0,-2.425E0));
#9075=DIRECTION('',(1.E0,0.E0,0.E0));
#9076=DIRECTION('',(0.E0,-1.E0,0.E0));
#9077=AXIS2_PLACEMENT_3D('',#9074,#9075,#9076);
#9078=PLANE('37599',#9077);
#9079=ORIENTED_EDGE('48836',*,*,#8900,.T.);
#9080=ORIENTED_EDGE('48857',*,*,#8887,.T.);
#9081=ORIENTED_EDGE('39721',*,*,#7447,.F.);
#9083=ORIENTED_EDGE('38709',*,*,#9082,.F.);
#9084=ORIENTED_EDGE('38372',*,*,#7096,.F.);
#9085=ORIENTED_EDGE('48855',*,*,#9058,.F.);
#9086=EDGE_LOOP('37599',(#9079,#9080,#9081,#9083,#9084,#9085));
#9087=FACE_OUTER_BOUND('37599',#9086,.F.);
#9088=ADVANCED_FACE('37599',(#9087),#9078,.T.);
#9089=CARTESIAN_POINT('',(1.9675E1,1.995615271410E0,-2.425E0));
#9090=DIRECTION('',(1.E0,0.E0,0.E0));
#9091=DIRECTION('',(0.E0,-1.E0,0.E0));
#9092=AXIS2_PLACEMENT_3D('',#9089,#9090,#9091);
#9093=PLANE('37599',#9092);
#9094=ORIENTED_EDGE('48837',*,*,#9014,.F.);
#9095=ORIENTED_EDGE('48854',*,*,#9069,.F.);
#9097=ORIENTED_EDGE('48848',*,*,#9096,.F.);
#9098=EDGE_LOOP('37599',(#9094,#9095,#9097));
#9099=FACE_OUTER_BOUND('37599',#9098,.F.);
#9100=ADVANCED_FACE('37599',(#9099),#9093,.T.);
#9101=CARTESIAN_POINT('',(1.9675E1,1.995615271410E0,-2.425E0));
#9102=DIRECTION('',(1.E0,0.E0,0.E0));
#9103=DIRECTION('',(0.E0,-1.E0,0.E0));
#9104=AXIS2_PLACEMENT_3D('',#9101,#9102,#9103);
#9105=PLANE('37599',#9104);
#9106=ORIENTED_EDGE('48838',*,*,#9018,.F.);
#9108=ORIENTED_EDGE('48847',*,*,#9107,.F.);
#9109=ORIENTED_EDGE('38706',*,*,#6936,.T.);
#9111=ORIENTED_EDGE('48851',*,*,#9110,.F.);
#9112=EDGE_LOOP('37599',(#9106,#9108,#9109,#9111));
#9113=FACE_OUTER_BOUND('37599',#9112,.F.);
#9114=ADVANCED_FACE('37599',(#9113),#9105,.T.);
#9115=CARTESIAN_POINT('',(1.98E1,1.681230542820E0,-4.1E0));
#9116=DIRECTION('',(0.E0,-1.E0,0.E0));
#9117=DIRECTION('',(1.E0,0.E0,0.E0));
#9118=AXIS2_PLACEMENT_3D('',#9115,#9116,#9117);
#9119=PLANE('37605',#9118);
#9120=ORIENTED_EDGE('38712',*,*,#7456,.T.);
#9121=ORIENTED_EDGE('38705',*,*,#8920,.T.);
#9122=ORIENTED_EDGE('38371',*,*,#7098,.T.);
#9123=ORIENTED_EDGE('38709',*,*,#9082,.T.);
#9124=EDGE_LOOP('37605',(#9120,#9121,#9122,#9123));
#9125=FACE_OUTER_BOUND('37605',#9124,.F.);
#9126=ADVANCED_FACE('37605',(#9125),#9119,.F.);
#9127=CARTESIAN_POINT('',(1.93E1,2.E0,-1.E0));
#9128=DIRECTION('',(0.E0,0.E0,-1.E0));
#9129=DIRECTION('',(0.E0,-1.E0,0.E0));
#9130=AXIS2_PLACEMENT_3D('',#9127,#9128,#9129);
#9131=PLANE('37609',#9130);
#9132=ORIENTED_EDGE('48841',*,*,#9044,.T.);
#9133=ORIENTED_EDGE('48848',*,*,#9096,.T.);
#9134=ORIENTED_EDGE('38427',*,*,#9067,.T.);
#9136=ORIENTED_EDGE('48812',*,*,#9135,.T.);
#9138=ORIENTED_EDGE('48802',*,*,#9137,.F.);
#9140=ORIENTED_EDGE('48858',*,*,#9139,.F.);
#9141=EDGE_LOOP('37609',(#9132,#9133,#9134,#9136,#9138,#9140));
#9142=FACE_OUTER_BOUND('37609',#9141,.F.);
#9143=ADVANCED_FACE('37609',(#9142),#9131,.F.);
#9144=CARTESIAN_POINT('',(1.8925E1,1.995615271410E0,-2.425E0));
#9145=DIRECTION('',(1.E0,0.E0,0.E0));
#9146=DIRECTION('',(0.E0,-1.E0,0.E0));
#9147=AXIS2_PLACEMENT_3D('',#9144,#9145,#9146);
#9148=PLANE('37542',#9147);
#9150=ORIENTED_EDGE('48799',*,*,#9149,.F.);
#9151=ORIENTED_EDGE('48817',*,*,#9061,.F.);
#9152=ORIENTED_EDGE('38374',*,*,#7092,.T.);
#9154=ORIENTED_EDGE('38450',*,*,#9153,.F.);
#9156=ORIENTED_EDGE('39665',*,*,#9155,.F.);
#9158=ORIENTED_EDGE('48821',*,*,#9157,.T.);
#9159=EDGE_LOOP('37542',(#9150,#9151,#9152,#9154,#9156,#9158));
#9160=FACE_OUTER_BOUND('37542',#9159,.F.);
#9161=ADVANCED_FACE('37542',(#9160),#9148,.F.);
#9162=CARTESIAN_POINT('',(1.8925E1,1.995615271410E0,-2.425E0));
#9163=DIRECTION('',(1.E0,0.E0,0.E0));
#9164=DIRECTION('',(0.E0,-1.E0,0.E0));
#9165=AXIS2_PLACEMENT_3D('',#9162,#9163,#9164);
#9166=PLANE('37542',#9165);
#9168=ORIENTED_EDGE('48800',*,*,#9167,.T.);
#9169=ORIENTED_EDGE('48812',*,*,#9135,.F.);
#9170=ORIENTED_EDGE('48818',*,*,#9065,.F.);
#9171=EDGE_LOOP('37542',(#9168,#9169,#9170));
#9172=FACE_OUTER_BOUND('37542',#9171,.F.);
#9173=ADVANCED_FACE('37542',(#9172),#9166,.F.);
#9174=CARTESIAN_POINT('',(1.8925E1,1.995615271410E0,-2.425E0));
#9175=DIRECTION('',(1.E0,0.E0,0.E0));
#9176=DIRECTION('',(0.E0,-1.E0,0.E0));
#9177=AXIS2_PLACEMENT_3D('',#9174,#9175,#9176);
#9178=PLANE('37542',#9177);
#9180=ORIENTED_EDGE('48801',*,*,#9179,.T.);
#9182=ORIENTED_EDGE('48815',*,*,#9181,.F.);
#9183=ORIENTED_EDGE('38447',*,*,#6940,.T.);
#9185=ORIENTED_EDGE('48811',*,*,#9184,.F.);
#9186=EDGE_LOOP('37542',(#9180,#9182,#9183,#9185));
#9187=FACE_OUTER_BOUND('37542',#9186,.F.);
#9188=ADVANCED_FACE('37542',(#9187),#9178,.F.);
#9189=CARTESIAN_POINT('',(1.8675E1,2.31E0,-2.544682190127E0));
#9190=DIRECTION('',(0.E0,7.378158985020E-1,6.750019999360E-1));
#9191=DIRECTION('',(0.E0,-6.750019999360E-1,7.378158985020E-1));
#9192=AXIS2_PLACEMENT_3D('',#9189,#9190,#9191);
#9193=PLANE('48341',#9192);
#9194=ORIENTED_EDGE('48799',*,*,#9149,.T.);
#9196=ORIENTED_EDGE('48810',*,*,#9195,.T.);
#9198=ORIENTED_EDGE('48806',*,*,#9197,.F.);
#9200=ORIENTED_EDGE('48824',*,*,#9199,.T.);
#9202=ORIENTED_EDGE('48796',*,*,#9201,.T.);
#9204=ORIENTED_EDGE('48827',*,*,#9203,.F.);
#9205=EDGE_LOOP('48341',(#9194,#9196,#9198,#9200,#9202,#9204));
#9206=FACE_OUTER_BOUND('48341',#9205,.F.);
#9207=ADVANCED_FACE('48341',(#9206),#9193,.F.);
#9208=CARTESIAN_POINT('',(1.88E1,1.91E0,-3.689999999997E0));
#9209=DIRECTION('',(0.E0,-1.E0,0.E0));
#9210=DIRECTION('',(0.E0,0.E0,1.E0));
#9211=AXIS2_PLACEMENT_3D('',#9208,#9209,#9210);
#9212=PLANE('37987',#9211);
#9213=ORIENTED_EDGE('48810',*,*,#9195,.F.);
#9214=ORIENTED_EDGE('48821',*,*,#9157,.F.);
#9216=ORIENTED_EDGE('39656',*,*,#9215,.T.);
#9218=ORIENTED_EDGE('38347',*,*,#9217,.T.);
#9220=ORIENTED_EDGE('39647',*,*,#9219,.F.);
#9222=ORIENTED_EDGE('48822',*,*,#9221,.F.);
#9223=EDGE_LOOP('37987',(#9213,#9214,#9216,#9218,#9220,#9222));
#9224=FACE_OUTER_BOUND('37987',#9223,.F.);
#9225=ADVANCED_FACE('37987',(#9224),#9212,.T.);
#9226=CARTESIAN_POINT('',(1.8925E1,1.65E0,-3.674999999998E0));
#9227=DIRECTION('',(1.E0,0.E0,0.E0));
#9228=DIRECTION('',(0.E0,-1.E0,0.E0));
#9229=AXIS2_PLACEMENT_3D('',#9226,#9227,#9228);
#9230=PLANE('37993',#9229);
#9232=ORIENTED_EDGE('39636',*,*,#9231,.F.);
#9234=ORIENTED_EDGE('39652',*,*,#9233,.T.);
#9236=ORIENTED_EDGE('38345',*,*,#9235,.F.);
#9238=ORIENTED_EDGE('38343',*,*,#9237,.T.);
#9240=ORIENTED_EDGE('38341',*,*,#9239,.F.);
#9242=ORIENTED_EDGE('38338',*,*,#9241,.T.);
#9244=ORIENTED_EDGE('38352',*,*,#9243,.F.);
#9246=ORIENTED_EDGE('39660',*,*,#9245,.F.);
#9248=ORIENTED_EDGE('39637',*,*,#9247,.F.);
#9250=ORIENTED_EDGE('39657',*,*,#9249,.F.);
#9252=ORIENTED_EDGE('38349',*,*,#9251,.F.);
#9253=ORIENTED_EDGE('39656',*,*,#9215,.F.);
#9254=EDGE_LOOP('37993',(#9232,#9234,#9236,#9238,#9240,#9242,#9244,#9246,#9248,
#9250,#9252,#9253));
#9255=FACE_OUTER_BOUND('37993',#9254,.F.);
#9256=ADVANCED_FACE('37993',(#9255),#9230,.T.);
#9257=CARTESIAN_POINT('',(1.8925E1,1.65E0,-3.674999999998E0));
#9258=DIRECTION('',(1.E0,0.E0,0.E0));
#9259=DIRECTION('',(0.E0,-1.E0,0.E0));
#9260=AXIS2_PLACEMENT_3D('',#9257,#9258,#9259);
#9261=PLANE('37993',#9260);
#9262=ORIENTED_EDGE('40297',*,*,#8562,.F.);
#9264=ORIENTED_EDGE('40513',*,*,#9263,.F.);
#9265=ORIENTED_EDGE('39625',*,*,#7120,.T.);
#9267=ORIENTED_EDGE('39638',*,*,#9266,.F.);
#9268=ORIENTED_EDGE('39622',*,*,#7202,.T.);
#9270=ORIENTED_EDGE('41902',*,*,#9269,.F.);
#9271=ORIENTED_EDGE('41623',*,*,#8736,.F.);
#9273=ORIENTED_EDGE('41548',*,*,#9272,.T.);
#9274=EDGE_LOOP('37993',(#9262,#9264,#9265,#9267,#9268,#9270,#9271,#9273));
#9275=FACE_OUTER_BOUND('37993',#9274,.F.);
#9276=ADVANCED_FACE('37993',(#9275),#9261,.T.);
#9277=CARTESIAN_POINT('',(1.88E1,1.35E0,-4.85E0));
#9278=DIRECTION('',(0.E0,0.E0,-1.E0));
#9279=DIRECTION('',(-1.E0,0.E0,0.E0));
#9280=AXIS2_PLACEMENT_3D('',#9277,#9278,#9279);
#9281=PLANE('37543',#9280);
#9282=ORIENTED_EDGE('38451',*,*,#6721,.F.);
#9284=ORIENTED_EDGE('38452',*,*,#9283,.F.);
#9285=ORIENTED_EDGE('38453',*,*,#6821,.F.);
#9287=ORIENTED_EDGE('38454',*,*,#9286,.F.);
#9288=EDGE_LOOP('37543',(#9282,#9284,#9285,#9287));
#9289=FACE_OUTER_BOUND('37543',#9288,.F.);
#9291=ORIENTED_EDGE('39667',*,*,#9290,.T.);
#9293=ORIENTED_EDGE('39631',*,*,#9292,.F.);
#9295=ORIENTED_EDGE('39635',*,*,#9294,.T.);
#9296=ORIENTED_EDGE('39636',*,*,#9231,.T.);
#9297=ORIENTED_EDGE('39665',*,*,#9155,.T.);
#9299=ORIENTED_EDGE('38455',*,*,#9298,.F.);
#9300=EDGE_LOOP('37543',(#9291,#9293,#9295,#9296,#9297,#9299));
#9301=FACE_BOUND('37543',#9300,.F.);
#9303=ORIENTED_EDGE('39632',*,*,#9302,.F.);
#9305=ORIENTED_EDGE('39634',*,*,#9304,.T.);
#9306=ORIENTED_EDGE('39637',*,*,#9247,.T.);
#9308=ORIENTED_EDGE('39633',*,*,#9307,.T.);
#9309=EDGE_LOOP('37543',(#9303,#9305,#9306,#9308));
#9310=FACE_BOUND('37543',#9309,.F.);
#9311=ADVANCED_FACE('37543',(#9289,#9301,#9310),#9281,.T.);
#9312=CARTESIAN_POINT('',(1.895E1,1.35E0,-4.925E0));
#9313=DIRECTION('',(1.E0,0.E0,0.E0));
#9314=DIRECTION('',(0.E0,0.E0,1.E0));
#9315=AXIS2_PLACEMENT_3D('',#9312,#9313,#9314);
#9316=PLANE('37782',#9315);
#9317=ORIENTED_EDGE('38466',*,*,#6719,.T.);
#9319=ORIENTED_EDGE('38975',*,*,#9318,.T.);
#9320=ORIENTED_EDGE('38622',*,*,#6823,.T.);
#9321=ORIENTED_EDGE('38452',*,*,#9283,.T.);
#9322=EDGE_LOOP('37782',(#9317,#9319,#9320,#9321));
#9323=FACE_OUTER_BOUND('37782',#9322,.F.);
#9324=ADVANCED_FACE('37782',(#9323),#9316,.F.);
#9325=CARTESIAN_POINT('',(1.9025E1,1.35E0,-5.25E0));
#9326=DIRECTION('',(9.578262852212E-1,0.E0,2.873478855663E-1));
#9327=DIRECTION('',(-2.873478855663E-1,0.E0,9.578262852212E-1));
#9328=AXIS2_PLACEMENT_3D('',#9325,#9326,#9327);
#9329=PLANE('37781',#9328);
#9330=ORIENTED_EDGE('38465',*,*,#6717,.T.);
#9332=ORIENTED_EDGE('38646',*,*,#9331,.T.);
#9333=ORIENTED_EDGE('38623',*,*,#6825,.T.);
#9334=ORIENTED_EDGE('38975',*,*,#9318,.F.);
#9335=EDGE_LOOP('37781',(#9330,#9332,#9333,#9334));
#9336=FACE_OUTER_BOUND('37781',#9335,.F.);
#9337=ADVANCED_FACE('37781',(#9336),#9329,.F.);
#9338=CARTESIAN_POINT('',(1.93E1,1.35E0,-5.5E0));
#9339=DIRECTION('',(0.E0,0.E0,-1.E0));
#9340=DIRECTION('',(1.E0,0.E0,0.E0));
#9341=AXIS2_PLACEMENT_3D('',#9338,#9339,#9340);
#9342=PLANE('37553',#9341);
#9344=ORIENTED_EDGE('38645',*,*,#9343,.F.);
#9345=ORIENTED_EDGE('38624',*,*,#6827,.F.);
#9346=ORIENTED_EDGE('38646',*,*,#9331,.F.);
#9347=ORIENTED_EDGE('38464',*,*,#6715,.F.);
#9348=EDGE_LOOP('37553',(#9344,#9345,#9346,#9347));
#9349=FACE_OUTER_BOUND('37553',#9348,.F.);
#9350=ADVANCED_FACE('37553',(#9349),#9342,.T.);
#9351=CARTESIAN_POINT('',(1.9575E1,1.35E0,-5.25E0));
#9352=DIRECTION('',(9.578262852212E-1,0.E0,-2.873478855663E-1));
#9353=DIRECTION('',(-2.873478855663E-1,0.E0,-9.578262852212E-1));
#9354=AXIS2_PLACEMENT_3D('',#9351,#9352,#9353);
#9355=PLANE('37602',#9354);
#9356=ORIENTED_EDGE('38463',*,*,#6713,.T.);
#9358=ORIENTED_EDGE('38713',*,*,#9357,.T.);
#9359=ORIENTED_EDGE('38625',*,*,#6829,.T.);
#9360=ORIENTED_EDGE('38645',*,*,#9343,.T.);
#9361=EDGE_LOOP('37602',(#9356,#9358,#9359,#9360));
#9362=FACE_OUTER_BOUND('37602',#9361,.F.);
#9363=ADVANCED_FACE('37602',(#9362),#9355,.T.);
#9364=CARTESIAN_POINT('',(1.965E1,1.35E0,-4.925E0));
#9365=DIRECTION('',(1.E0,0.E0,0.E0));
#9366=DIRECTION('',(0.E0,0.E0,-1.E0));
#9367=AXIS2_PLACEMENT_3D('',#9364,#9365,#9366);
#9368=PLANE('37601',#9367);
#9369=ORIENTED_EDGE('38462',*,*,#6711,.T.);
#9370=ORIENTED_EDGE('38711',*,*,#7443,.T.);
#9371=ORIENTED_EDGE('38626',*,*,#6831,.T.);
#9372=ORIENTED_EDGE('38713',*,*,#9357,.F.);
#9373=EDGE_LOOP('37601',(#9369,#9370,#9371,#9372));
#9374=FACE_OUTER_BOUND('37601',#9373,.F.);
#9375=ADVANCED_FACE('37601',(#9374),#9368,.T.);
#9376=CARTESIAN_POINT('',(1.865E1,1.35E0,-4.925E0));
#9377=DIRECTION('',(1.E0,0.E0,0.E0));
#9378=DIRECTION('',(0.E0,0.E0,-1.E0));
#9379=AXIS2_PLACEMENT_3D('',#9376,#9377,#9378);
#9380=PLANE('37784',#9379);
#9381=ORIENTED_EDGE('38467',*,*,#6723,.T.);
#9382=ORIENTED_EDGE('38454',*,*,#9286,.T.);
#9383=ORIENTED_EDGE('38621',*,*,#6819,.T.);
#9385=ORIENTED_EDGE('38976',*,*,#9384,.T.);
#9386=EDGE_LOOP('37784',(#9381,#9382,#9383,#9385));
#9387=FACE_OUTER_BOUND('37784',#9386,.F.);
#9388=ADVANCED_FACE('37784',(#9387),#9380,.T.);
#9389=CARTESIAN_POINT('',(1.8575E1,1.35E0,-5.25E0));
#9390=DIRECTION('',(9.578262852212E-1,0.E0,-2.873478855663E-1));
#9391=DIRECTION('',(-2.873478855663E-1,0.E0,-9.578262852212E-1));
#9392=AXIS2_PLACEMENT_3D('',#9389,#9390,#9391);
#9393=PLANE('37783',#9392);
#9394=ORIENTED_EDGE('38468',*,*,#6725,.T.);
#9395=ORIENTED_EDGE('38976',*,*,#9384,.F.);
#9396=ORIENTED_EDGE('38620',*,*,#6817,.T.);
#9398=ORIENTED_EDGE('38647',*,*,#9397,.T.);
#9399=EDGE_LOOP('37783',(#9394,#9395,#9396,#9398));
#9400=FACE_OUTER_BOUND('37783',#9399,.F.);
#9401=ADVANCED_FACE('37783',(#9400),#9393,.T.);
#9402=CARTESIAN_POINT('',(1.83E1,1.35E0,-5.5E0));
#9403=DIRECTION('',(0.E0,0.E0,-1.E0));
#9404=DIRECTION('',(1.E0,0.E0,0.E0));
#9405=AXIS2_PLACEMENT_3D('',#9402,#9403,#9404);
#9406=PLANE('37554',#9405);
#9407=ORIENTED_EDGE('38647',*,*,#9397,.F.);
#9408=ORIENTED_EDGE('38619',*,*,#6815,.F.);
#9410=ORIENTED_EDGE('38648',*,*,#9409,.F.);
#9411=ORIENTED_EDGE('38469',*,*,#6727,.F.);
#9412=EDGE_LOOP('37554',(#9407,#9408,#9410,#9411));
#9413=FACE_OUTER_BOUND('37554',#9412,.F.);
#9414=ADVANCED_FACE('37554',(#9413),#9406,.T.);
#9415=CARTESIAN_POINT('',(1.8025E1,1.35E0,-5.25E0));
#9416=DIRECTION('',(9.578262852212E-1,0.E0,2.873478855663E-1));
#9417=DIRECTION('',(-2.873478855663E-1,0.E0,9.578262852212E-1));
#9418=AXIS2_PLACEMENT_3D('',#9415,#9416,#9417);
#9419=PLANE('37644',#9418);
#9420=ORIENTED_EDGE('38470',*,*,#6729,.T.);
#9421=ORIENTED_EDGE('38648',*,*,#9409,.T.);
#9422=ORIENTED_EDGE('38618',*,*,#6813,.T.);
#9424=ORIENTED_EDGE('38846',*,*,#9423,.T.);
#9425=EDGE_LOOP('37644',(#9420,#9421,#9422,#9424));
#9426=FACE_OUTER_BOUND('37644',#9425,.F.);
#9427=ADVANCED_FACE('37644',(#9426),#9419,.F.);
#9428=CARTESIAN_POINT('',(1.795E1,1.35E0,-4.925E0));
#9429=DIRECTION('',(1.E0,0.E0,0.E0));
#9430=DIRECTION('',(0.E0,0.E0,1.E0));
#9431=AXIS2_PLACEMENT_3D('',#9428,#9429,#9430);
#9432=PLANE('37643',#9431);
#9433=ORIENTED_EDGE('38471',*,*,#6731,.T.);
#9434=ORIENTED_EDGE('38846',*,*,#9423,.F.);
#9435=ORIENTED_EDGE('38617',*,*,#6811,.T.);
#9437=ORIENTED_EDGE('38842',*,*,#9436,.T.);
#9438=EDGE_LOOP('37643',(#9433,#9434,#9435,#9437));
#9439=FACE_OUTER_BOUND('37643',#9438,.F.);
#9440=ADVANCED_FACE('37643',(#9439),#9432,.F.);
#9441=CARTESIAN_POINT('',(1.78E1,1.35E0,-4.85E0));
#9442=DIRECTION('',(0.E0,0.E0,-1.E0));
#9443=DIRECTION('',(-1.E0,0.E0,0.E0));
#9444=AXIS2_PLACEMENT_3D('',#9441,#9442,#9443);
#9445=PLANE('37640',#9444);
#9446=ORIENTED_EDGE('38472',*,*,#6733,.T.);
#9447=ORIENTED_EDGE('38842',*,*,#9436,.F.);
#9448=ORIENTED_EDGE('38616',*,*,#6809,.T.);
#9450=ORIENTED_EDGE('38843',*,*,#9449,.F.);
#9451=EDGE_LOOP('37640',(#9446,#9447,#9448,#9450));
#9452=FACE_OUTER_BOUND('37640',#9451,.F.);
#9454=ORIENTED_EDGE('39616',*,*,#9453,.T.);
#9456=ORIENTED_EDGE('39582',*,*,#9455,.F.);
#9458=ORIENTED_EDGE('39586',*,*,#9457,.T.);
#9460=ORIENTED_EDGE('39587',*,*,#9459,.T.);
#9462=ORIENTED_EDGE('39614',*,*,#9461,.T.);
#9464=ORIENTED_EDGE('38844',*,*,#9463,.F.);
#9465=EDGE_LOOP('37640',(#9454,#9456,#9458,#9460,#9462,#9464));
#9466=FACE_BOUND('37640',#9465,.F.);
#9468=ORIENTED_EDGE('39583',*,*,#9467,.F.);
#9470=ORIENTED_EDGE('39585',*,*,#9469,.T.);
#9472=ORIENTED_EDGE('39588',*,*,#9471,.T.);
#9474=ORIENTED_EDGE('39584',*,*,#9473,.T.);
#9475=EDGE_LOOP('37640',(#9468,#9470,#9472,#9474));
#9476=FACE_BOUND('37640',#9475,.F.);
#9477=ADVANCED_FACE('37640',(#9452,#9466,#9476),#9445,.T.);
#9478=CARTESIAN_POINT('',(1.765E1,1.35E0,-4.925E0));
#9479=DIRECTION('',(1.E0,0.E0,0.E0));
#9480=DIRECTION('',(0.E0,0.E0,-1.E0));
#9481=AXIS2_PLACEMENT_3D('',#9478,#9479,#9480);
#9482=PLANE('37641',#9481);
#9483=ORIENTED_EDGE('38473',*,*,#6735,.T.);
#9484=ORIENTED_EDGE('38843',*,*,#9449,.T.);
#9485=ORIENTED_EDGE('38615',*,*,#6807,.T.);
#9487=ORIENTED_EDGE('38845',*,*,#9486,.F.);
#9488=EDGE_LOOP('37641',(#9483,#9484,#9485,#9487));
#9489=FACE_OUTER_BOUND('37641',#9488,.F.);
#9490=ADVANCED_FACE('37641',(#9489),#9482,.T.);
#9491=CARTESIAN_POINT('',(1.7575E1,1.35E0,-5.25E0));
#9492=DIRECTION('',(9.578262852212E-1,0.E0,-2.873478855663E-1));
#9493=DIRECTION('',(-2.873478855663E-1,0.E0,-9.578262852212E-1));
#9494=AXIS2_PLACEMENT_3D('',#9491,#9492,#9493);
#9495=PLANE('37642',#9494);
#9496=ORIENTED_EDGE('38474',*,*,#6737,.T.);
#9497=ORIENTED_EDGE('38845',*,*,#9486,.T.);
#9498=ORIENTED_EDGE('38614',*,*,#6805,.T.);
#9499=ORIENTED_EDGE('38649',*,*,#6752,.T.);
#9500=EDGE_LOOP('37642',(#9496,#9497,#9498,#9499));
#9501=FACE_OUTER_BOUND('37642',#9500,.F.);
#9502=ADVANCED_FACE('37642',(#9501),#9495,.T.);
#9503=CARTESIAN_POINT('',(1.7675E1,1.995615271410E0,-2.425E0));
#9504=DIRECTION('',(1.E0,0.E0,0.E0));
#9505=DIRECTION('',(0.E0,-1.E0,0.E0));
#9506=AXIS2_PLACEMENT_3D('',#9503,#9504,#9505);
#9507=PLANE('37645',#9506);
#9509=ORIENTED_EDGE('48772',*,*,#9508,.T.);
#9511=ORIENTED_EDGE('48788',*,*,#9510,.T.);
#9512=ORIENTED_EDGE('39616',*,*,#9453,.F.);
#9514=ORIENTED_EDGE('38847',*,*,#9513,.F.);
#9515=ORIENTED_EDGE('38380',*,*,#7080,.F.);
#9516=ORIENTED_EDGE('48786',*,*,#7013,.F.);
#9517=EDGE_LOOP('37645',(#9509,#9511,#9512,#9514,#9515,#9516));
#9518=FACE_OUTER_BOUND('37645',#9517,.F.);
#9519=ADVANCED_FACE('37645',(#9518),#9507,.T.);
#9520=CARTESIAN_POINT('',(1.7675E1,1.995615271410E0,-2.425E0));
#9521=DIRECTION('',(1.E0,0.E0,0.E0));
#9522=DIRECTION('',(0.E0,-1.E0,0.E0));
#9523=AXIS2_PLACEMENT_3D('',#9520,#9521,#9522);
#9524=PLANE('37645',#9523);
#9526=ORIENTED_EDGE('48773',*,*,#9525,.F.);
#9527=ORIENTED_EDGE('48785',*,*,#7009,.F.);
#9528=ORIENTED_EDGE('48778',*,*,#6990,.F.);
#9529=EDGE_LOOP('37645',(#9526,#9527,#9528));
#9530=FACE_OUTER_BOUND('37645',#9529,.F.);
#9531=ADVANCED_FACE('37645',(#9530),#9524,.T.);
#9532=CARTESIAN_POINT('',(1.7675E1,1.995615271410E0,-2.425E0));
#9533=DIRECTION('',(1.E0,0.E0,0.E0));
#9534=DIRECTION('',(0.E0,-1.E0,0.E0));
#9535=AXIS2_PLACEMENT_3D('',#9532,#9533,#9534);
#9536=PLANE('37645',#9535);
#9538=ORIENTED_EDGE('48774',*,*,#9537,.F.);
#9539=ORIENTED_EDGE('48780',*,*,#6969,.F.);
#9540=ORIENTED_EDGE('38762',*,*,#6952,.F.);
#9542=ORIENTED_EDGE('48782',*,*,#9541,.F.);
#9543=EDGE_LOOP('37645',(#9538,#9539,#9540,#9542));
#9544=FACE_OUTER_BOUND('37645',#9543,.F.);
#9545=ADVANCED_FACE('37645',(#9544),#9536,.T.);
#9546=CARTESIAN_POINT('',(1.7675E1,2.31E0,-2.544682190127E0));
#9547=DIRECTION('',(0.E0,7.378158985020E-1,6.750019999360E-1));
#9548=DIRECTION('',(0.E0,-6.750019999360E-1,7.378158985020E-1));
#9549=AXIS2_PLACEMENT_3D('',#9546,#9547,#9548);
#9550=PLANE('48337',#9549);
#9552=ORIENTED_EDGE('48769',*,*,#9551,.T.);
#9554=ORIENTED_EDGE('48776',*,*,#9553,.T.);
#9555=ORIENTED_EDGE('48772',*,*,#9508,.F.);
#9557=ORIENTED_EDGE('48790',*,*,#9556,.T.);
#9559=ORIENTED_EDGE('48762',*,*,#9558,.T.);
#9561=ORIENTED_EDGE('48793',*,*,#9560,.F.);
#9562=EDGE_LOOP('48337',(#9552,#9554,#9555,#9557,#9559,#9561));
#9563=FACE_OUTER_BOUND('48337',#9562,.F.);
#9564=ADVANCED_FACE('48337',(#9563),#9550,.F.);
#9565=CARTESIAN_POINT('',(1.7925E1,1.995615271410E0,-2.425E0));
#9566=DIRECTION('',(1.E0,0.E0,0.E0));
#9567=DIRECTION('',(0.E0,-1.E0,0.E0));
#9568=AXIS2_PLACEMENT_3D('',#9565,#9566,#9567);
#9569=PLANE('37639',#9568);
#9570=ORIENTED_EDGE('48769',*,*,#9551,.F.);
#9572=ORIENTED_EDGE('48783',*,*,#9571,.F.);
#9573=ORIENTED_EDGE('38378',*,*,#7084,.T.);
#9575=ORIENTED_EDGE('38841',*,*,#9574,.F.);
#9576=ORIENTED_EDGE('39614',*,*,#9461,.F.);
#9578=ORIENTED_EDGE('48787',*,*,#9577,.T.);
#9579=EDGE_LOOP('37639',(#9570,#9572,#9573,#9575,#9576,#9578));
#9580=FACE_OUTER_BOUND('37639',#9579,.F.);
#9581=ADVANCED_FACE('37639',(#9580),#9569,.F.);
#9582=CARTESIAN_POINT('',(1.7925E1,1.995615271410E0,-2.425E0));
#9583=DIRECTION('',(1.E0,0.E0,0.E0));
#9584=DIRECTION('',(0.E0,-1.E0,0.E0));
#9585=AXIS2_PLACEMENT_3D('',#9582,#9583,#9584);
#9586=PLANE('37639',#9585);
#9588=ORIENTED_EDGE('48770',*,*,#9587,.T.);
#9590=ORIENTED_EDGE('48777',*,*,#9589,.T.);
#9592=ORIENTED_EDGE('48784',*,*,#9591,.F.);
#9593=EDGE_LOOP('37639',(#9588,#9590,#9592));
#9594=FACE_OUTER_BOUND('37639',#9593,.F.);
#9595=ADVANCED_FACE('37639',(#9594),#9586,.F.);
#9596=CARTESIAN_POINT('',(1.7925E1,1.995615271410E0,-2.425E0));
#9597=DIRECTION('',(1.E0,0.E0,0.E0));
#9598=DIRECTION('',(0.E0,-1.E0,0.E0));
#9599=AXIS2_PLACEMENT_3D('',#9596,#9597,#9598);
#9600=PLANE('37639',#9599);
#9602=ORIENTED_EDGE('48771',*,*,#9601,.T.);
#9604=ORIENTED_EDGE('48781',*,*,#9603,.F.);
#9605=ORIENTED_EDGE('38764',*,*,#6948,.T.);
#9607=ORIENTED_EDGE('48779',*,*,#9606,.T.);
#9608=EDGE_LOOP('37639',(#9602,#9604,#9605,#9607));
#9609=FACE_OUTER_BOUND('37639',#9608,.F.);
#9610=ADVANCED_FACE('37639',(#9609),#9600,.F.);
#9611=CARTESIAN_POINT('',(1.83E1,1.8E0,-2.175E0));
#9612=DIRECTION('',(0.E0,-1.E0,0.E0));
#9613=DIRECTION('',(1.E0,0.E0,0.E0));
#9614=AXIS2_PLACEMENT_3D('',#9611,#9612,#9613);
#9615=PLANE('37528',#9614);
#9617=ORIENTED_EDGE('48798',*,*,#9616,.T.);
#9619=ORIENTED_EDGE('48820',*,*,#9618,.T.);
#9620=ORIENTED_EDGE('38377',*,*,#7086,.T.);
#9621=ORIENTED_EDGE('48783',*,*,#9571,.T.);
#9623=ORIENTED_EDGE('48763',*,*,#9622,.F.);
#9624=ORIENTED_EDGE('48784',*,*,#9591,.T.);
#9626=ORIENTED_EDGE('38428',*,*,#9625,.F.);
#9628=ORIENTED_EDGE('48819',*,*,#9627,.T.);
#9629=EDGE_LOOP('37528',(#9617,#9619,#9620,#9621,#9623,#9624,#9626,#9628));
#9630=FACE_OUTER_BOUND('37528',#9629,.F.);
#9631=ADVANCED_FACE('37528',(#9630),#9615,.T.);
#9632=CARTESIAN_POINT('',(1.8675E1,0.E0,0.E0));
#9633=DIRECTION('',(-1.E0,0.E0,0.E0));
#9634=DIRECTION('',(0.E0,-1.E0,0.E0));
#9635=AXIS2_PLACEMENT_3D('',#9632,#9633,#9634);
#9636=PLANE('48339',#9635);
#9637=ORIENTED_EDGE('48798',*,*,#9616,.F.);
#9639=ORIENTED_EDGE('48825',*,*,#9638,.F.);
#9640=ORIENTED_EDGE('48824',*,*,#9199,.F.);
#9641=EDGE_LOOP('48339',(#9637,#9639,#9640));
#9642=FACE_OUTER_BOUND('48339',#9641,.F.);
#9643=ADVANCED_FACE('48339',(#9642),#9636,.T.);
#9644=CARTESIAN_POINT('',(1.8675E1,0.E0,0.E0));
#9645=DIRECTION('',(-1.E0,0.E0,0.E0));
#9646=DIRECTION('',(0.E0,-1.E0,0.E0));
#9647=AXIS2_PLACEMENT_3D('',#9644,#9645,#9646);
#9648=PLANE('48339',#9647);
#9650=ORIENTED_EDGE('48803',*,*,#9649,.F.);
#9652=ORIENTED_EDGE('48805',*,*,#9651,.T.);
#9654=ORIENTED_EDGE('48826',*,*,#9653,.F.);
#9655=EDGE_LOOP('48339',(#9650,#9652,#9654));
#9656=FACE_OUTER_BOUND('48339',#9655,.F.);
#9657=ADVANCED_FACE('48339',(#9656),#9648,.T.);
#9658=CARTESIAN_POINT('',(1.8675E1,1.4E0,-1.55E0));
#9659=DIRECTION('',(0.E0,6.097107608513E-1,-7.926239891033E-1));
#9660=DIRECTION('',(0.E0,7.926239891033E-1,6.097107608513E-1));
#9661=AXIS2_PLACEMENT_3D('',#9658,#9659,#9660);
#9662=PLANE('48342',#9661);
#9663=ORIENTED_EDGE('48800',*,*,#9167,.F.);
#9665=ORIENTED_EDGE('48828',*,*,#9664,.F.);
#9666=ORIENTED_EDGE('48796',*,*,#9201,.F.);
#9667=ORIENTED_EDGE('48825',*,*,#9638,.T.);
#9669=ORIENTED_EDGE('48807',*,*,#9668,.T.);
#9670=ORIENTED_EDGE('48826',*,*,#9653,.T.);
#9672=ORIENTED_EDGE('48808',*,*,#9671,.T.);
#9674=ORIENTED_EDGE('48809',*,*,#9673,.T.);
#9675=ORIENTED_EDGE('48801',*,*,#9179,.F.);
#9677=ORIENTED_EDGE('48829',*,*,#9676,.F.);
#9678=EDGE_LOOP('48342',(#9663,#9665,#9666,#9667,#9669,#9670,#9672,#9674,#9675,
#9677));
#9679=FACE_OUTER_BOUND('48342',#9678,.F.);
#9680=ADVANCED_FACE('48342',(#9679),#9662,.F.);
#9681=CARTESIAN_POINT('',(1.8925E1,0.E0,0.E0));
#9682=DIRECTION('',(-1.E0,0.E0,0.E0));
#9683=DIRECTION('',(0.E0,-1.E0,0.E0));
#9684=AXIS2_PLACEMENT_3D('',#9681,#9682,#9683);
#9685=PLANE('48340',#9684);
#9686=ORIENTED_EDGE('48797',*,*,#9063,.T.);
#9687=ORIENTED_EDGE('48827',*,*,#9203,.T.);
#9688=ORIENTED_EDGE('48828',*,*,#9664,.T.);
#9689=EDGE_LOOP('48340',(#9686,#9687,#9688));
#9690=FACE_OUTER_BOUND('48340',#9689,.F.);
#9691=ADVANCED_FACE('48340',(#9690),#9685,.F.);
#9692=CARTESIAN_POINT('',(1.8925E1,0.E0,0.E0));
#9693=DIRECTION('',(-1.E0,0.E0,0.E0));
#9694=DIRECTION('',(0.E0,-1.E0,0.E0));
#9695=AXIS2_PLACEMENT_3D('',#9692,#9693,#9694);
#9696=PLANE('48340',#9695);
#9697=ORIENTED_EDGE('48802',*,*,#9137,.T.);
#9698=ORIENTED_EDGE('48829',*,*,#9676,.T.);
#9700=ORIENTED_EDGE('48804',*,*,#9699,.F.);
#9701=EDGE_LOOP('48340',(#9697,#9698,#9700));
#9702=FACE_OUTER_BOUND('48340',#9701,.F.);
#9703=ADVANCED_FACE('48340',(#9702),#9696,.F.);
#9704=CARTESIAN_POINT('',(1.93E1,2.2E0,-5.E-1));
#9705=DIRECTION('',(0.E0,-1.E0,0.E0));
#9706=DIRECTION('',(0.E0,0.E0,-1.E0));
#9707=AXIS2_PLACEMENT_3D('',#9704,#9705,#9706);
#9708=PLANE('37625',#9707);
#9709=ORIENTED_EDGE('48843',*,*,#9046,.F.);
#9710=ORIENTED_EDGE('48858',*,*,#9139,.T.);
#9711=ORIENTED_EDGE('48804',*,*,#9699,.T.);
#9712=ORIENTED_EDGE('48811',*,*,#9184,.T.);
#9713=ORIENTED_EDGE('38768',*,*,#6938,.T.);
#9714=ORIENTED_EDGE('48847',*,*,#9107,.T.);
#9715=EDGE_LOOP('37625',(#9709,#9710,#9711,#9712,#9713,#9714));
#9716=FACE_OUTER_BOUND('37625',#9715,.F.);
#9717=ADVANCED_FACE('37625',(#9716),#9708,.T.);
#9718=CARTESIAN_POINT('',(1.8675E1,1.995615271410E0,-2.425E0));
#9719=DIRECTION('',(1.E0,0.E0,0.E0));
#9720=DIRECTION('',(0.E0,-1.E0,0.E0));
#9721=AXIS2_PLACEMENT_3D('',#9718,#9719,#9720);
#9722=PLANE('37648',#9721);
#9723=ORIENTED_EDGE('48806',*,*,#9197,.T.);
#9724=ORIENTED_EDGE('48822',*,*,#9221,.T.);
#9725=ORIENTED_EDGE('39667',*,*,#9290,.F.);
#9727=ORIENTED_EDGE('38848',*,*,#9726,.F.);
#9728=ORIENTED_EDGE('38376',*,*,#7088,.F.);
#9729=ORIENTED_EDGE('48820',*,*,#9618,.F.);
#9730=EDGE_LOOP('37648',(#9723,#9724,#9725,#9727,#9728,#9729));
#9731=FACE_OUTER_BOUND('37648',#9730,.F.);
#9732=ADVANCED_FACE('37648',(#9731),#9722,.T.);
#9733=CARTESIAN_POINT('',(1.8675E1,1.995615271410E0,-2.425E0));
#9734=DIRECTION('',(1.E0,0.E0,0.E0));
#9735=DIRECTION('',(0.E0,-1.E0,0.E0));
#9736=AXIS2_PLACEMENT_3D('',#9733,#9734,#9735);
#9737=PLANE('37648',#9736);
#9738=ORIENTED_EDGE('48807',*,*,#9668,.F.);
#9739=ORIENTED_EDGE('48819',*,*,#9627,.F.);
#9741=ORIENTED_EDGE('48813',*,*,#9740,.F.);
#9742=EDGE_LOOP('37648',(#9738,#9739,#9741));
#9743=FACE_OUTER_BOUND('37648',#9742,.F.);
#9744=ADVANCED_FACE('37648',(#9743),#9737,.T.);
#9745=CARTESIAN_POINT('',(1.8675E1,1.995615271410E0,-2.425E0));
#9746=DIRECTION('',(1.E0,0.E0,0.E0));
#9747=DIRECTION('',(0.E0,-1.E0,0.E0));
#9748=AXIS2_PLACEMENT_3D('',#9745,#9746,#9747);
#9749=PLANE('37648',#9748);
#9750=ORIENTED_EDGE('48808',*,*,#9671,.F.);
#9752=ORIENTED_EDGE('48814',*,*,#9751,.F.);
#9753=ORIENTED_EDGE('38766',*,*,#6944,.F.);
#9755=ORIENTED_EDGE('48816',*,*,#9754,.F.);
#9756=EDGE_LOOP('37648',(#9750,#9752,#9753,#9755));
#9757=FACE_OUTER_BOUND('37648',#9756,.F.);
#9758=ADVANCED_FACE('37648',(#9757),#9749,.T.);
#9759=CARTESIAN_POINT('',(1.88E1,1.681230542820E0,-4.1E0));
#9760=DIRECTION('',(0.E0,-1.E0,0.E0));
#9761=DIRECTION('',(1.E0,0.E0,0.E0));
#9762=AXIS2_PLACEMENT_3D('',#9759,#9760,#9761);
#9763=PLANE('37650',#9762);
#9764=ORIENTED_EDGE('38455',*,*,#9298,.T.);
#9765=ORIENTED_EDGE('38450',*,*,#9153,.T.);
#9766=ORIENTED_EDGE('38375',*,*,#7090,.T.);
#9767=ORIENTED_EDGE('38848',*,*,#9726,.T.);
#9768=EDGE_LOOP('37650',(#9764,#9765,#9766,#9767));
#9769=FACE_OUTER_BOUND('37650',#9768,.F.);
#9770=ADVANCED_FACE('37650',(#9769),#9763,.F.);
#9771=CARTESIAN_POINT('',(1.83E1,2.E0,-1.E0));
#9772=DIRECTION('',(0.E0,0.E0,-1.E0));
#9773=DIRECTION('',(0.E0,-1.E0,0.E0));
#9774=AXIS2_PLACEMENT_3D('',#9771,#9772,#9773);
#9775=PLANE('37610',#9774);
#9776=ORIENTED_EDGE('48803',*,*,#9649,.T.);
#9777=ORIENTED_EDGE('48813',*,*,#9740,.T.);
#9778=ORIENTED_EDGE('38428',*,*,#9625,.T.);
#9779=ORIENTED_EDGE('48777',*,*,#9589,.F.);
#9781=ORIENTED_EDGE('48765',*,*,#9780,.F.);
#9783=ORIENTED_EDGE('48823',*,*,#9782,.F.);
#9784=EDGE_LOOP('37610',(#9776,#9777,#9778,#9779,#9781,#9783));
#9785=FACE_OUTER_BOUND('37610',#9784,.F.);
#9786=ADVANCED_FACE('37610',(#9785),#9775,.F.);
#9787=CARTESIAN_POINT('',(1.7925E1,0.E0,0.E0));
#9788=DIRECTION('',(-1.E0,0.E0,0.E0));
#9789=DIRECTION('',(0.E0,-1.E0,0.E0));
#9790=AXIS2_PLACEMENT_3D('',#9787,#9788,#9789);
#9791=PLANE('48336',#9790);
#9792=ORIENTED_EDGE('48763',*,*,#9622,.T.);
#9793=ORIENTED_EDGE('48793',*,*,#9560,.T.);
#9795=ORIENTED_EDGE('48794',*,*,#9794,.T.);
#9796=EDGE_LOOP('48336',(#9792,#9793,#9795));
#9797=FACE_OUTER_BOUND('48336',#9796,.F.);
#9798=ADVANCED_FACE('48336',(#9797),#9791,.F.);
#9799=CARTESIAN_POINT('',(1.7925E1,0.E0,0.E0));
#9800=DIRECTION('',(-1.E0,0.E0,0.E0));
#9801=DIRECTION('',(0.E0,-1.E0,0.E0));
#9802=AXIS2_PLACEMENT_3D('',#9799,#9800,#9801);
#9803=PLANE('48336',#9802);
#9804=ORIENTED_EDGE('48765',*,*,#9780,.T.);
#9806=ORIENTED_EDGE('48795',*,*,#9805,.T.);
#9808=ORIENTED_EDGE('48767',*,*,#9807,.F.);
#9809=EDGE_LOOP('48336',(#9804,#9806,#9808));
#9810=FACE_OUTER_BOUND('48336',#9809,.F.);
#9811=ADVANCED_FACE('48336',(#9810),#9803,.F.);
#9812=CARTESIAN_POINT('',(1.7675E1,1.4E0,-1.55E0));
#9813=DIRECTION('',(0.E0,6.097107608513E-1,-7.926239891033E-1));
#9814=DIRECTION('',(0.E0,7.926239891033E-1,6.097107608513E-1));
#9815=AXIS2_PLACEMENT_3D('',#9812,#9813,#9814);
#9816=PLANE('48338',#9815);
#9817=ORIENTED_EDGE('48770',*,*,#9587,.F.);
#9818=ORIENTED_EDGE('48794',*,*,#9794,.F.);
#9819=ORIENTED_EDGE('48762',*,*,#9558,.F.);
#9821=ORIENTED_EDGE('48791',*,*,#9820,.T.);
#9822=ORIENTED_EDGE('48773',*,*,#9525,.T.);
#9824=ORIENTED_EDGE('48792',*,*,#9823,.T.);
#9825=ORIENTED_EDGE('48774',*,*,#9537,.T.);
#9827=ORIENTED_EDGE('48775',*,*,#9826,.T.);
#9828=ORIENTED_EDGE('48771',*,*,#9601,.F.);
#9829=ORIENTED_EDGE('48795',*,*,#9805,.F.);
#9830=EDGE_LOOP('48338',(#9817,#9818,#9819,#9821,#9822,#9824,#9825,#9827,#9828,
#9829));
#9831=FACE_OUTER_BOUND('48338',#9830,.F.);
#9832=ADVANCED_FACE('48338',(#9831),#9816,.F.);
#9833=CARTESIAN_POINT('',(1.7675E1,0.E0,0.E0));
#9834=DIRECTION('',(-1.E0,0.E0,0.E0));
#9835=DIRECTION('',(0.E0,-1.E0,0.E0));
#9836=AXIS2_PLACEMENT_3D('',#9833,#9834,#9835);
#9837=PLANE('48335',#9836);
#9838=ORIENTED_EDGE('48764',*,*,#7011,.F.);
#9839=ORIENTED_EDGE('48791',*,*,#9820,.F.);
#9840=ORIENTED_EDGE('48790',*,*,#9556,.F.);
#9841=EDGE_LOOP('48335',(#9838,#9839,#9840));
#9842=FACE_OUTER_BOUND('48335',#9841,.F.);
#9843=ADVANCED_FACE('48335',(#9842),#9837,.T.);
#9844=CARTESIAN_POINT('',(1.7675E1,0.E0,0.E0));
#9845=DIRECTION('',(-1.E0,0.E0,0.E0));
#9846=DIRECTION('',(0.E0,-1.E0,0.E0));
#9847=AXIS2_PLACEMENT_3D('',#9844,#9845,#9846);
#9848=PLANE('48335',#9847);
#9849=ORIENTED_EDGE('48766',*,*,#6988,.F.);
#9850=ORIENTED_EDGE('48768',*,*,#6971,.T.);
#9851=ORIENTED_EDGE('48792',*,*,#9823,.F.);
#9852=EDGE_LOOP('48335',(#9849,#9850,#9851));
#9853=FACE_OUTER_BOUND('48335',#9852,.F.);
#9854=ADVANCED_FACE('48335',(#9853),#9848,.T.);
#9855=CARTESIAN_POINT('',(1.78E1,2.31E0,-2.425E0));
#9856=DIRECTION('',(0.E0,-1.E0,0.E0));
#9857=DIRECTION('',(0.E0,0.E0,-1.E0));
#9858=AXIS2_PLACEMENT_3D('',#9855,#9856,#9857);
#9859=PLANE('37646',#9858);
#9860=ORIENTED_EDGE('48775',*,*,#9826,.F.);
#9861=ORIENTED_EDGE('48782',*,*,#9541,.T.);
#9862=ORIENTED_EDGE('38763',*,*,#6950,.T.);
#9863=ORIENTED_EDGE('48781',*,*,#9603,.T.);
#9864=EDGE_LOOP('37646',(#9860,#9861,#9862,#9863));
#9865=FACE_OUTER_BOUND('37646',#9864,.F.);
#9866=ADVANCED_FACE('37646',(#9865),#9859,.T.);
#9867=CARTESIAN_POINT('',(1.83E1,2.2E0,-5.E-1));
#9868=DIRECTION('',(0.E0,-1.E0,0.E0));
#9869=DIRECTION('',(0.E0,0.E0,-1.E0));
#9870=AXIS2_PLACEMENT_3D('',#9867,#9868,#9869);
#9871=PLANE('37626',#9870);
#9872=ORIENTED_EDGE('48805',*,*,#9651,.F.);
#9873=ORIENTED_EDGE('48823',*,*,#9782,.T.);
#9874=ORIENTED_EDGE('48767',*,*,#9807,.T.);
#9875=ORIENTED_EDGE('48779',*,*,#9606,.F.);
#9876=ORIENTED_EDGE('38765',*,*,#6946,.T.);
#9877=ORIENTED_EDGE('48814',*,*,#9751,.T.);
#9878=EDGE_LOOP('37626',(#9872,#9873,#9874,#9875,#9876,#9877));
#9879=FACE_OUTER_BOUND('37626',#9878,.F.);
#9880=ADVANCED_FACE('37626',(#9879),#9871,.T.);
#9881=CARTESIAN_POINT('',(1.88E1,2.31E0,-2.425E0));
#9882=DIRECTION('',(0.E0,-1.E0,0.E0));
#9883=DIRECTION('',(0.E0,0.E0,-1.E0));
#9884=AXIS2_PLACEMENT_3D('',#9881,#9882,#9883);
#9885=PLANE('37649',#9884);
#9886=ORIENTED_EDGE('48809',*,*,#9673,.F.);
#9887=ORIENTED_EDGE('48816',*,*,#9754,.T.);
#9888=ORIENTED_EDGE('38767',*,*,#6942,.T.);
#9889=ORIENTED_EDGE('48815',*,*,#9181,.T.);
#9890=EDGE_LOOP('37649',(#9886,#9887,#9888,#9889));
#9891=FACE_OUTER_BOUND('37649',#9890,.F.);
#9892=ADVANCED_FACE('37649',(#9891),#9885,.T.);
#9893=CARTESIAN_POINT('',(1.78E1,1.681230542820E0,-4.1E0));
#9894=DIRECTION('',(0.E0,-1.E0,0.E0));
#9895=DIRECTION('',(1.E0,0.E0,0.E0));
#9896=AXIS2_PLACEMENT_3D('',#9893,#9894,#9895);
#9897=PLANE('37647',#9896);
#9898=ORIENTED_EDGE('38844',*,*,#9463,.T.);
#9899=ORIENTED_EDGE('38841',*,*,#9574,.T.);
#9900=ORIENTED_EDGE('38379',*,*,#7082,.T.);
#9901=ORIENTED_EDGE('38847',*,*,#9513,.T.);
#9902=EDGE_LOOP('37647',(#9898,#9899,#9900,#9901));
#9903=FACE_OUTER_BOUND('37647',#9902,.F.);
#9904=ADVANCED_FACE('37647',(#9903),#9897,.F.);
#9905=CARTESIAN_POINT('',(1.78E1,1.91E0,-3.689999999997E0));
#9906=DIRECTION('',(0.E0,-1.E0,0.E0));
#9907=DIRECTION('',(0.E0,0.E0,1.E0));
#9908=AXIS2_PLACEMENT_3D('',#9905,#9906,#9907);
#9909=PLANE('37972',#9908);
#9910=ORIENTED_EDGE('48776',*,*,#9553,.F.);
#9911=ORIENTED_EDGE('48787',*,*,#9577,.F.);
#9913=ORIENTED_EDGE('39605',*,*,#9912,.T.);
#9915=ORIENTED_EDGE('38325',*,*,#9914,.T.);
#9917=ORIENTED_EDGE('39596',*,*,#9916,.F.);
#9918=ORIENTED_EDGE('48788',*,*,#9510,.F.);
#9919=EDGE_LOOP('37972',(#9910,#9911,#9913,#9915,#9917,#9918));
#9920=FACE_OUTER_BOUND('37972',#9919,.F.);
#9921=ADVANCED_FACE('37972',(#9920),#9909,.T.);
#9922=CARTESIAN_POINT('',(1.7925E1,1.65E0,-3.674999999998E0));
#9923=DIRECTION('',(1.E0,0.E0,0.E0));
#9924=DIRECTION('',(0.E0,-1.E0,0.E0));
#9925=AXIS2_PLACEMENT_3D('',#9922,#9923,#9924);
#9926=PLANE('37978',#9925);
#9927=ORIENTED_EDGE('39587',*,*,#9459,.F.);
#9929=ORIENTED_EDGE('39601',*,*,#9928,.T.);
#9931=ORIENTED_EDGE('38323',*,*,#9930,.F.);
#9933=ORIENTED_EDGE('38321',*,*,#9932,.T.);
#9935=ORIENTED_EDGE('38319',*,*,#9934,.F.);
#9937=ORIENTED_EDGE('38316',*,*,#9936,.T.);
#9939=ORIENTED_EDGE('38330',*,*,#9938,.F.);
#9941=ORIENTED_EDGE('39609',*,*,#9940,.F.);
#9942=ORIENTED_EDGE('39588',*,*,#9471,.F.);
#9944=ORIENTED_EDGE('39606',*,*,#9943,.F.);
#9946=ORIENTED_EDGE('38327',*,*,#9945,.F.);
#9947=ORIENTED_EDGE('39605',*,*,#9912,.F.);
#9948=EDGE_LOOP('37978',(#9927,#9929,#9931,#9933,#9935,#9937,#9939,#9941,#9942,
#9944,#9946,#9947));
#9949=FACE_OUTER_BOUND('37978',#9948,.F.);
#9950=ADVANCED_FACE('37978',(#9949),#9926,.T.);
#9951=CARTESIAN_POINT('',(1.7925E1,1.65E0,-3.674999999998E0));
#9952=DIRECTION('',(1.E0,0.E0,0.E0));
#9953=DIRECTION('',(0.E0,-1.E0,0.E0));
#9954=AXIS2_PLACEMENT_3D('',#9951,#9952,#9953);
#9955=PLANE('37978',#9954);
#9956=ORIENTED_EDGE('40294',*,*,#8550,.F.);
#9958=ORIENTED_EDGE('40509',*,*,#9957,.F.);
#9959=ORIENTED_EDGE('39574',*,*,#7128,.T.);
#9961=ORIENTED_EDGE('39577',*,*,#9960,.F.);
#9962=ORIENTED_EDGE('39571',*,*,#7194,.T.);
#9964=ORIENTED_EDGE('41898',*,*,#9963,.F.);
#9965=ORIENTED_EDGE('41621',*,*,#8720,.F.);
#9967=ORIENTED_EDGE('41543',*,*,#9966,.T.);
#9968=EDGE_LOOP('37978',(#9956,#9958,#9959,#9961,#9962,#9964,#9965,#9967));
#9969=FACE_OUTER_BOUND('37978',#9968,.F.);
#9970=ADVANCED_FACE('37978',(#9969),#9955,.T.);
#9971=CARTESIAN_POINT('',(1.78E1,2.31E0,-3.449999999997E0));
#9972=DIRECTION('',(0.E0,-1.E0,0.E0));
#9973=DIRECTION('',(0.E0,0.E0,-1.E0));
#9974=AXIS2_PLACEMENT_3D('',#9971,#9972,#9973);
#9975=PLANE('37969',#9974);
#9976=ORIENTED_EDGE('39586',*,*,#9457,.F.);
#9978=ORIENTED_EDGE('39593',*,*,#9977,.T.);
#9980=ORIENTED_EDGE('38322',*,*,#9979,.F.);
#9981=ORIENTED_EDGE('39601',*,*,#9928,.F.);
#9982=EDGE_LOOP('37969',(#9976,#9978,#9980,#9981));
#9983=FACE_OUTER_BOUND('37969',#9982,.F.);
#9984=ADVANCED_FACE('37969',(#9983),#9975,.F.);
#9985=CARTESIAN_POINT('',(1.7675E1,1.65E0,-3.674999999998E0));
#9986=DIRECTION('',(1.E0,0.E0,0.E0));
#9987=DIRECTION('',(0.E0,-1.E0,0.E0));
#9988=AXIS2_PLACEMENT_3D('',#9985,#9986,#9987);
#9989=PLANE('37964',#9988);
#9990=ORIENTED_EDGE('39582',*,*,#9455,.T.);
#9991=ORIENTED_EDGE('39596',*,*,#9916,.T.);
#9993=ORIENTED_EDGE('38313',*,*,#9992,.T.);
#9995=ORIENTED_EDGE('39597',*,*,#9994,.T.);
#9996=ORIENTED_EDGE('39583',*,*,#9467,.T.);
#9998=ORIENTED_EDGE('39600',*,*,#9997,.T.);
#10000=ORIENTED_EDGE('38314',*,*,#9999,.T.);
#10002=ORIENTED_EDGE('38309',*,*,#10001,.F.);
#10004=ORIENTED_EDGE('38310',*,*,#10003,.T.);
#10006=ORIENTED_EDGE('38311',*,*,#10005,.F.);
#10008=ORIENTED_EDGE('38312',*,*,#10007,.T.);
#10009=ORIENTED_EDGE('39593',*,*,#9977,.F.);
#10010=EDGE_LOOP('37964',(#9990,#9991,#9993,#9995,#9996,#9998,#10000,#10002,
#10004,#10006,#10008,#10009));
#10011=FACE_OUTER_BOUND('37964',#10010,.F.);
#10012=ADVANCED_FACE('37964',(#10011),#9989,.F.);
#10013=CARTESIAN_POINT('',(1.7675E1,1.65E0,-3.674999999998E0));
#10014=DIRECTION('',(1.E0,0.E0,0.E0));
#10015=DIRECTION('',(0.E0,-1.E0,0.E0));
#10016=AXIS2_PLACEMENT_3D('',#10013,#10014,#10015);
#10017=PLANE('37964',#10016);
#10018=ORIENTED_EDGE('40292',*,*,#8542,.T.);
#10019=ORIENTED_EDGE('48950',*,*,#8634,.F.);
#10020=ORIENTED_EDGE('41620',*,*,#8664,.T.);
#10022=ORIENTED_EDGE('41897',*,*,#10021,.T.);
#10023=ORIENTED_EDGE('39569',*,*,#7190,.F.);
#10024=ORIENTED_EDGE('39578',*,*,#7147,.T.);
#10025=ORIENTED_EDGE('39572',*,*,#7132,.F.);
#10027=ORIENTED_EDGE('40508',*,*,#10026,.T.);
#10028=EDGE_LOOP('37964',(#10018,#10019,#10020,#10022,#10023,#10024,#10025,
#10027));
#10029=FACE_OUTER_BOUND('37964',#10028,.F.);
#10030=ADVANCED_FACE('37964',(#10029),#10017,.F.);
#10031=CARTESIAN_POINT('',(1.78E1,1.46E0,-4.999999999997E0));
#10032=DIRECTION('',(0.E0,0.E0,-1.E0));
#10033=DIRECTION('',(0.E0,1.E0,0.E0));
#10034=AXIS2_PLACEMENT_3D('',#10031,#10032,#10033);
#10035=PLANE('37973',#10034);
#10036=ORIENTED_EDGE('38313',*,*,#9992,.F.);
#10037=ORIENTED_EDGE('38325',*,*,#9914,.F.);
#10038=ORIENTED_EDGE('38327',*,*,#9945,.T.);
#10040=ORIENTED_EDGE('38326',*,*,#10039,.T.);
#10041=EDGE_LOOP('37973',(#10036,#10037,#10038,#10040));
#10042=FACE_OUTER_BOUND('37973',#10041,.F.);
#10043=ADVANCED_FACE('37973',(#10042),#10035,.F.);
#10044=CARTESIAN_POINT('',(1.78E1,1.01E0,-3.224999999997E0));
#10045=DIRECTION('',(0.E0,-1.E0,0.E0));
#10046=DIRECTION('',(0.E0,0.E0,-1.E0));
#10047=AXIS2_PLACEMENT_3D('',#10044,#10045,#10046);
#10048=PLANE('37974',#10047);
#10049=ORIENTED_EDGE('39585',*,*,#9469,.F.);
#10050=ORIENTED_EDGE('39597',*,*,#9994,.F.);
#10051=ORIENTED_EDGE('38326',*,*,#10039,.F.);
#10052=ORIENTED_EDGE('39606',*,*,#9943,.T.);
#10053=EDGE_LOOP('37974',(#10049,#10050,#10051,#10052));
#10054=FACE_OUTER_BOUND('37974',#10053,.F.);
#10055=ADVANCED_FACE('37974',(#10054),#10048,.F.);
#10056=CARTESIAN_POINT('',(1.78E1,1.01E0,-3.224999999997E0));
#10057=DIRECTION('',(0.E0,-1.E0,0.E0));
#10058=DIRECTION('',(0.E0,0.E0,-1.E0));
#10059=AXIS2_PLACEMENT_3D('',#10056,#10057,#10058);
#10060=PLANE('37974',#10059);
#10061=ORIENTED_EDGE('40508',*,*,#10026,.F.);
#10062=ORIENTED_EDGE('39573',*,*,#7130,.T.);
#10063=ORIENTED_EDGE('40509',*,*,#9957,.T.);
#10065=ORIENTED_EDGE('42218',*,*,#10064,.F.);
#10067=ORIENTED_EDGE('42217',*,*,#10066,.F.);
#10069=ORIENTED_EDGE('42216',*,*,#10068,.T.);
#10070=EDGE_LOOP('37974',(#10061,#10062,#10063,#10065,#10067,#10069));
#10071=FACE_OUTER_BOUND('37974',#10070,.F.);
#10072=ADVANCED_FACE('37974',(#10071),#10060,.F.);
#10073=CARTESIAN_POINT('',(1.7925E1,1.7E0,-3.674999999998E0));
#10074=DIRECTION('',(1.E0,0.E0,0.E0));
#10075=DIRECTION('',(0.E0,-1.E0,0.E0));
#10076=AXIS2_PLACEMENT_3D('',#10073,#10074,#10075);
#10077=PLANE('37095',#10076);
#10078=ORIENTED_EDGE('42218',*,*,#10064,.T.);
#10079=ORIENTED_EDGE('42371',*,*,#8548,.F.);
#10081=ORIENTED_EDGE('37471',*,*,#10080,.T.);
#10083=ORIENTED_EDGE('42395',*,*,#10082,.T.);
#10084=EDGE_LOOP('37095',(#10078,#10079,#10081,#10083));
#10085=FACE_OUTER_BOUND('37095',#10084,.F.);
#10086=ADVANCED_FACE('37095',(#10085),#10077,.F.);
#10087=CARTESIAN_POINT('',(1.78E1,1.06E0,-3.224999999997E0));
#10088=DIRECTION('',(0.E0,-1.E0,0.E0));
#10089=DIRECTION('',(0.E0,0.E0,-1.E0));
#10090=AXIS2_PLACEMENT_3D('',#10087,#10088,#10089);
#10091=PLANE('37093',#10090);
#10092=ORIENTED_EDGE('37327',*,*,#8546,.F.);
#10094=ORIENTED_EDGE('37469',*,*,#10093,.T.);
#10096=ORIENTED_EDGE('37147',*,*,#10095,.F.);
#10097=ORIENTED_EDGE('37471',*,*,#10080,.F.);
#10098=EDGE_LOOP('37093',(#10092,#10094,#10096,#10097));
#10099=FACE_OUTER_BOUND('37093',#10098,.F.);
#10100=ADVANCED_FACE('37093',(#10099),#10091,.T.);
#10101=CARTESIAN_POINT('',(1.7675E1,1.7E0,-3.674999999998E0));
#10102=DIRECTION('',(1.E0,0.E0,0.E0));
#10103=DIRECTION('',(0.E0,-1.E0,0.E0));
#10104=AXIS2_PLACEMENT_3D('',#10101,#10102,#10103);
#10105=PLANE('37092',#10104);
#10106=ORIENTED_EDGE('42216',*,*,#10068,.F.);
#10108=ORIENTED_EDGE('42394',*,*,#10107,.F.);
#10109=ORIENTED_EDGE('37469',*,*,#10093,.F.);
#10110=ORIENTED_EDGE('42370',*,*,#8544,.T.);
#10111=EDGE_LOOP('37092',(#10106,#10108,#10109,#10110));
#10112=FACE_OUTER_BOUND('37092',#10111,.F.);
#10113=ADVANCED_FACE('37092',(#10112),#10105,.T.);
#10114=CARTESIAN_POINT('',(1.78E1,8.55E-1,-1.449999999997E0));
#10115=DIRECTION('',(0.E0,0.E0,-1.E0));
#10116=DIRECTION('',(0.E0,1.E0,0.E0));
#10117=AXIS2_PLACEMENT_3D('',#10114,#10115,#10116);
#10118=PLANE('37094',#10117);
#10119=ORIENTED_EDGE('42217',*,*,#10066,.T.);
#10120=ORIENTED_EDGE('42395',*,*,#10082,.F.);
#10121=ORIENTED_EDGE('37147',*,*,#10095,.T.);
#10122=ORIENTED_EDGE('42394',*,*,#10107,.T.);
#10123=EDGE_LOOP('37094',(#10119,#10120,#10121,#10122));
#10124=FACE_OUTER_BOUND('37094',#10123,.F.);
#10125=ADVANCED_FACE('37094',(#10124),#10118,.T.);
#10126=CARTESIAN_POINT('',(1.78E1,6.E-1,-3.624999999997E0));
#10127=DIRECTION('',(0.E0,-1.E0,0.E0));
#10128=DIRECTION('',(0.E0,0.E0,1.E0));
#10129=AXIS2_PLACEMENT_3D('',#10126,#10127,#10128);
#10130=PLANE('37976',#10129);
#10131=ORIENTED_EDGE('39584',*,*,#9473,.F.);
#10132=ORIENTED_EDGE('39609',*,*,#9940,.T.);
#10134=ORIENTED_EDGE('38329',*,*,#10133,.T.);
#10135=ORIENTED_EDGE('39600',*,*,#9997,.F.);
#10136=EDGE_LOOP('37976',(#10131,#10132,#10134,#10135));
#10137=FACE_OUTER_BOUND('37976',#10136,.F.);
#10138=ADVANCED_FACE('37976',(#10137),#10130,.T.);
#10139=CARTESIAN_POINT('',(1.78E1,1.45E0,-5.799999999997E0));
#10140=DIRECTION('',(0.E0,0.E0,-1.E0));
#10141=DIRECTION('',(0.E0,-1.E0,0.E0));
#10142=AXIS2_PLACEMENT_3D('',#10139,#10140,#10141);
#10143=PLANE('37977',#10142);
#10144=ORIENTED_EDGE('38314',*,*,#9999,.F.);
#10145=ORIENTED_EDGE('38329',*,*,#10133,.F.);
#10146=ORIENTED_EDGE('38330',*,*,#9938,.T.);
#10148=ORIENTED_EDGE('38317',*,*,#10147,.F.);
#10149=EDGE_LOOP('37977',(#10144,#10145,#10146,#10148));
#10150=FACE_OUTER_BOUND('37977',#10149,.F.);
#10151=ADVANCED_FACE('37977',(#10150),#10143,.T.);
#10152=CARTESIAN_POINT('',(1.78E1,2.35E0,-6.149999999999E0));
#10153=DIRECTION('',(0.E0,-9.899494936612E-1,-1.414213562367E-1));
#10154=DIRECTION('',(0.E0,-1.414213562367E-1,9.899494936612E-1));
#10155=AXIS2_PLACEMENT_3D('',#10152,#10153,#10154);
#10156=PLANE('37965',#10155);
#10157=ORIENTED_EDGE('38309',*,*,#10001,.T.);
#10158=ORIENTED_EDGE('38317',*,*,#10147,.T.);
#10159=ORIENTED_EDGE('38316',*,*,#9936,.F.);
#10161=ORIENTED_EDGE('38315',*,*,#10160,.T.);
#10162=EDGE_LOOP('37965',(#10157,#10158,#10159,#10161));
#10163=FACE_OUTER_BOUND('37965',#10162,.F.);
#10164=ADVANCED_FACE('37965',(#10163),#10156,.T.);
#10165=CARTESIAN_POINT('',(1.78E1,2.55E0,-6.5E0));
#10166=DIRECTION('',(0.E0,0.E0,-1.E0));
#10167=DIRECTION('',(0.E0,-1.E0,0.E0));
#10168=AXIS2_PLACEMENT_3D('',#10165,#10166,#10167);
#10169=PLANE('37966',#10168);
#10170=ORIENTED_EDGE('38310',*,*,#10003,.F.);
#10171=ORIENTED_EDGE('38315',*,*,#10160,.F.);
#10172=ORIENTED_EDGE('38319',*,*,#9934,.T.);
#10174=ORIENTED_EDGE('38318',*,*,#10173,.T.);
#10175=EDGE_LOOP('37966',(#10170,#10171,#10172,#10174));
#10176=FACE_OUTER_BOUND('37966',#10175,.F.);
#10177=ADVANCED_FACE('37966',(#10176),#10169,.T.);
#10178=CARTESIAN_POINT('',(1.78E1,2.625E0,-5.974999999999E0));
#10179=DIRECTION('',(0.E0,-9.899494936612E-1,-1.414213562369E-1));
#10180=DIRECTION('',(0.E0,1.414213562369E-1,-9.899494936612E-1));
#10181=AXIS2_PLACEMENT_3D('',#10178,#10179,#10180);
#10182=PLANE('37967',#10181);
#10183=ORIENTED_EDGE('38311',*,*,#10005,.T.);
#10184=ORIENTED_EDGE('38318',*,*,#10173,.F.);
#10185=ORIENTED_EDGE('38321',*,*,#9932,.F.);
#10187=ORIENTED_EDGE('38320',*,*,#10186,.T.);
#10188=EDGE_LOOP('37967',(#10183,#10184,#10185,#10187));
#10189=FACE_OUTER_BOUND('37967',#10188,.F.);
#10190=ADVANCED_FACE('37967',(#10189),#10182,.F.);
#10191=CARTESIAN_POINT('',(1.78E1,2.43E0,-5.449999999997E0));
#10192=DIRECTION('',(0.E0,0.E0,-1.E0));
#10193=DIRECTION('',(0.E0,1.E0,0.E0));
#10194=AXIS2_PLACEMENT_3D('',#10191,#10192,#10193);
#10195=PLANE('37968',#10194);
#10196=ORIENTED_EDGE('38312',*,*,#10007,.F.);
#10197=ORIENTED_EDGE('38320',*,*,#10186,.F.);
#10198=ORIENTED_EDGE('38323',*,*,#9930,.T.);
#10199=ORIENTED_EDGE('38322',*,*,#9979,.T.);
#10200=EDGE_LOOP('37968',(#10196,#10197,#10198,#10199));
#10201=FACE_OUTER_BOUND('37968',#10200,.F.);
#10202=ADVANCED_FACE('37968',(#10201),#10195,.F.);
#10203=CARTESIAN_POINT('',(1.78E1,8.05E-1,-1.449999999997E0));
#10204=DIRECTION('',(0.E0,0.E0,-1.E0));
#10205=DIRECTION('',(0.E0,1.E0,0.E0));
#10206=AXIS2_PLACEMENT_3D('',#10203,#10204,#10205);
#10207=PLANE('37975',#10206);
#10208=ORIENTED_EDGE('41897',*,*,#10021,.F.);
#10209=ORIENTED_EDGE('42219',*,*,#8797,.T.);
#10210=ORIENTED_EDGE('41898',*,*,#9963,.T.);
#10211=ORIENTED_EDGE('39570',*,*,#7192,.F.);
#10212=EDGE_LOOP('37975',(#10208,#10209,#10210,#10211));
#10213=FACE_OUTER_BOUND('37975',#10212,.F.);
#10214=ADVANCED_FACE('37975',(#10213),#10207,.F.);
#10215=CARTESIAN_POINT('',(1.83E1,7.5E-1,-2.425E0));
#10216=DIRECTION('',(0.E0,-1.E0,0.E0));
#10217=DIRECTION('',(-1.E0,0.E0,0.E0));
#10218=AXIS2_PLACEMENT_3D('',#10215,#10216,#10217);
#10219=PLANE('37585',#10218);
#10221=ORIENTED_EDGE('39639',*,*,#10220,.F.);
#10222=ORIENTED_EDGE('39669',*,*,#7196,.T.);
#10223=ORIENTED_EDGE('39577',*,*,#9960,.T.);
#10224=ORIENTED_EDGE('39670',*,*,#7126,.T.);
#10225=EDGE_LOOP('37585',(#10221,#10222,#10223,#10224));
#10226=FACE_OUTER_BOUND('37585',#10225,.F.);
#10227=ADVANCED_FACE('37585',(#10226),#10219,.F.);
#10228=CARTESIAN_POINT('',(1.8675E1,1.65E0,-3.674999999998E0));
#10229=DIRECTION('',(1.E0,0.E0,0.E0));
#10230=DIRECTION('',(0.E0,-1.E0,0.E0));
#10231=AXIS2_PLACEMENT_3D('',#10228,#10229,#10230);
#10232=PLANE('37979',#10231);
#10233=ORIENTED_EDGE('39631',*,*,#9292,.T.);
#10234=ORIENTED_EDGE('39647',*,*,#9219,.T.);
#10236=ORIENTED_EDGE('38335',*,*,#10235,.T.);
#10238=ORIENTED_EDGE('39648',*,*,#10237,.T.);
#10239=ORIENTED_EDGE('39632',*,*,#9302,.T.);
#10241=ORIENTED_EDGE('39651',*,*,#10240,.T.);
#10243=ORIENTED_EDGE('38336',*,*,#10242,.T.);
#10245=ORIENTED_EDGE('38331',*,*,#10244,.F.);
#10247=ORIENTED_EDGE('38332',*,*,#10246,.T.);
#10249=ORIENTED_EDGE('38333',*,*,#10248,.F.);
#10251=ORIENTED_EDGE('38334',*,*,#10250,.T.);
#10253=ORIENTED_EDGE('39644',*,*,#10252,.F.);
#10254=EDGE_LOOP('37979',(#10233,#10234,#10236,#10238,#10239,#10241,#10243,
#10245,#10247,#10249,#10251,#10253));
#10255=FACE_OUTER_BOUND('37979',#10254,.F.);
#10256=ADVANCED_FACE('37979',(#10255),#10232,.F.);
#10257=CARTESIAN_POINT('',(1.8675E1,1.65E0,-3.674999999998E0));
#10258=DIRECTION('',(1.E0,0.E0,0.E0));
#10259=DIRECTION('',(0.E0,-1.E0,0.E0));
#10260=AXIS2_PLACEMENT_3D('',#10257,#10258,#10259);
#10261=PLANE('37979',#10260);
#10262=ORIENTED_EDGE('40295',*,*,#8554,.T.);
#10264=ORIENTED_EDGE('41544',*,*,#10263,.F.);
#10265=ORIENTED_EDGE('41622',*,*,#8724,.T.);
#10267=ORIENTED_EDGE('41901',*,*,#10266,.T.);
#10268=ORIENTED_EDGE('39620',*,*,#7198,.F.);
#10269=ORIENTED_EDGE('39639',*,*,#10220,.T.);
#10270=ORIENTED_EDGE('39623',*,*,#7124,.F.);
#10272=ORIENTED_EDGE('40512',*,*,#10271,.T.);
#10273=EDGE_LOOP('37979',(#10262,#10264,#10265,#10267,#10268,#10269,#10270,
#10272));
#10274=FACE_OUTER_BOUND('37979',#10273,.F.);
#10275=ADVANCED_FACE('37979',(#10274),#10261,.F.);
#10276=CARTESIAN_POINT('',(1.88E1,1.46E0,-4.999999999997E0));
#10277=DIRECTION('',(0.E0,0.E0,-1.E0));
#10278=DIRECTION('',(0.E0,1.E0,0.E0));
#10279=AXIS2_PLACEMENT_3D('',#10276,#10277,#10278);
#10280=PLANE('37988',#10279);
#10281=ORIENTED_EDGE('38335',*,*,#10235,.F.);
#10282=ORIENTED_EDGE('38347',*,*,#9217,.F.);
#10283=ORIENTED_EDGE('38349',*,*,#9251,.T.);
#10285=ORIENTED_EDGE('38348',*,*,#10284,.T.);
#10286=EDGE_LOOP('37988',(#10281,#10282,#10283,#10285));
#10287=FACE_OUTER_BOUND('37988',#10286,.F.);
#10288=ADVANCED_FACE('37988',(#10287),#10280,.F.);
#10289=CARTESIAN_POINT('',(1.88E1,1.01E0,-3.224999999997E0));
#10290=DIRECTION('',(0.E0,-1.E0,0.E0));
#10291=DIRECTION('',(0.E0,0.E0,-1.E0));
#10292=AXIS2_PLACEMENT_3D('',#10289,#10290,#10291);
#10293=PLANE('37989',#10292);
#10294=ORIENTED_EDGE('39634',*,*,#9304,.F.);
#10295=ORIENTED_EDGE('39648',*,*,#10237,.F.);
#10296=ORIENTED_EDGE('38348',*,*,#10284,.F.);
#10297=ORIENTED_EDGE('39657',*,*,#9249,.T.);
#10298=EDGE_LOOP('37989',(#10294,#10295,#10296,#10297));
#10299=FACE_OUTER_BOUND('37989',#10298,.F.);
#10300=ADVANCED_FACE('37989',(#10299),#10293,.F.);
#10301=CARTESIAN_POINT('',(1.88E1,1.01E0,-3.224999999997E0));
#10302=DIRECTION('',(0.E0,-1.E0,0.E0));
#10303=DIRECTION('',(0.E0,0.E0,-1.E0));
#10304=AXIS2_PLACEMENT_3D('',#10301,#10302,#10303);
#10305=PLANE('37989',#10304);
#10306=ORIENTED_EDGE('40512',*,*,#10271,.F.);
#10307=ORIENTED_EDGE('39624',*,*,#7122,.T.);
#10308=ORIENTED_EDGE('40513',*,*,#9263,.T.);
#10310=ORIENTED_EDGE('42222',*,*,#10309,.F.);
#10312=ORIENTED_EDGE('42221',*,*,#10311,.F.);
#10314=ORIENTED_EDGE('42220',*,*,#10313,.T.);
#10315=EDGE_LOOP('37989',(#10306,#10307,#10308,#10310,#10312,#10314));
#10316=FACE_OUTER_BOUND('37989',#10315,.F.);
#10317=ADVANCED_FACE('37989',(#10316),#10305,.F.);
#10318=CARTESIAN_POINT('',(1.8925E1,1.7E0,-3.674999999998E0));
#10319=DIRECTION('',(1.E0,0.E0,0.E0));
#10320=DIRECTION('',(0.E0,-1.E0,0.E0));
#10321=AXIS2_PLACEMENT_3D('',#10318,#10319,#10320);
#10322=PLANE('37099',#10321);
#10323=ORIENTED_EDGE('42222',*,*,#10309,.T.);
#10324=ORIENTED_EDGE('42373',*,*,#8560,.F.);
#10326=ORIENTED_EDGE('37479',*,*,#10325,.T.);
#10328=ORIENTED_EDGE('42397',*,*,#10327,.T.);
#10329=EDGE_LOOP('37099',(#10323,#10324,#10326,#10328));
#10330=FACE_OUTER_BOUND('37099',#10329,.F.);
#10331=ADVANCED_FACE('37099',(#10330),#10322,.F.);
#10332=CARTESIAN_POINT('',(1.88E1,1.06E0,-3.224999999997E0));
#10333=DIRECTION('',(0.E0,-1.E0,0.E0));
#10334=DIRECTION('',(0.E0,0.E0,-1.E0));
#10335=AXIS2_PLACEMENT_3D('',#10332,#10333,#10334);
#10336=PLANE('37097',#10335);
#10337=ORIENTED_EDGE('37330',*,*,#8558,.F.);
#10339=ORIENTED_EDGE('37477',*,*,#10338,.T.);
#10341=ORIENTED_EDGE('37148',*,*,#10340,.F.);
#10342=ORIENTED_EDGE('37479',*,*,#10325,.F.);
#10343=EDGE_LOOP('37097',(#10337,#10339,#10341,#10342));
#10344=FACE_OUTER_BOUND('37097',#10343,.F.);
#10345=ADVANCED_FACE('37097',(#10344),#10336,.T.);
#10346=CARTESIAN_POINT('',(1.8675E1,1.7E0,-3.674999999998E0));
#10347=DIRECTION('',(1.E0,0.E0,0.E0));
#10348=DIRECTION('',(0.E0,-1.E0,0.E0));
#10349=AXIS2_PLACEMENT_3D('',#10346,#10347,#10348);
#10350=PLANE('37096',#10349);
#10351=ORIENTED_EDGE('42220',*,*,#10313,.F.);
#10353=ORIENTED_EDGE('42396',*,*,#10352,.F.);
#10354=ORIENTED_EDGE('37477',*,*,#10338,.F.);
#10355=ORIENTED_EDGE('42372',*,*,#8556,.T.);
#10356=EDGE_LOOP('37096',(#10351,#10353,#10354,#10355));
#10357=FACE_OUTER_BOUND('37096',#10356,.F.);
#10358=ADVANCED_FACE('37096',(#10357),#10350,.T.);
#10359=CARTESIAN_POINT('',(1.88E1,8.55E-1,-1.449999999997E0));
#10360=DIRECTION('',(0.E0,0.E0,-1.E0));
#10361=DIRECTION('',(0.E0,1.E0,0.E0));
#10362=AXIS2_PLACEMENT_3D('',#10359,#10360,#10361);
#10363=PLANE('37098',#10362);
#10364=ORIENTED_EDGE('42221',*,*,#10311,.T.);
#10365=ORIENTED_EDGE('42397',*,*,#10327,.F.);
#10366=ORIENTED_EDGE('37148',*,*,#10340,.T.);
#10367=ORIENTED_EDGE('42396',*,*,#10352,.T.);
#10368=EDGE_LOOP('37098',(#10364,#10365,#10366,#10367));
#10369=FACE_OUTER_BOUND('37098',#10368,.F.);
#10370=ADVANCED_FACE('37098',(#10369),#10363,.T.);
#10371=CARTESIAN_POINT('',(1.88E1,6.E-1,-3.624999999997E0));
#10372=DIRECTION('',(0.E0,-1.E0,0.E0));
#10373=DIRECTION('',(0.E0,0.E0,1.E0));
#10374=AXIS2_PLACEMENT_3D('',#10371,#10372,#10373);
#10375=PLANE('37991',#10374);
#10376=ORIENTED_EDGE('39633',*,*,#9307,.F.);
#10377=ORIENTED_EDGE('39660',*,*,#9245,.T.);
#10379=ORIENTED_EDGE('38351',*,*,#10378,.T.);
#10380=ORIENTED_EDGE('39651',*,*,#10240,.F.);
#10381=EDGE_LOOP('37991',(#10376,#10377,#10379,#10380));
#10382=FACE_OUTER_BOUND('37991',#10381,.F.);
#10383=ADVANCED_FACE('37991',(#10382),#10375,.T.);
#10384=CARTESIAN_POINT('',(1.88E1,1.45E0,-5.799999999997E0));
#10385=DIRECTION('',(0.E0,0.E0,-1.E0));
#10386=DIRECTION('',(0.E0,-1.E0,0.E0));
#10387=AXIS2_PLACEMENT_3D('',#10384,#10385,#10386);
#10388=PLANE('37992',#10387);
#10389=ORIENTED_EDGE('38336',*,*,#10242,.F.);
#10390=ORIENTED_EDGE('38351',*,*,#10378,.F.);
#10391=ORIENTED_EDGE('38352',*,*,#9243,.T.);
#10393=ORIENTED_EDGE('38339',*,*,#10392,.F.);
#10394=EDGE_LOOP('37992',(#10389,#10390,#10391,#10393));
#10395=FACE_OUTER_BOUND('37992',#10394,.F.);
#10396=ADVANCED_FACE('37992',(#10395),#10388,.T.);
#10397=CARTESIAN_POINT('',(1.88E1,2.35E0,-6.149999999999E0));
#10398=DIRECTION('',(0.E0,-9.899494936612E-1,-1.414213562367E-1));
#10399=DIRECTION('',(0.E0,-1.414213562367E-1,9.899494936612E-1));
#10400=AXIS2_PLACEMENT_3D('',#10397,#10398,#10399);
#10401=PLANE('37980',#10400);
#10402=ORIENTED_EDGE('38331',*,*,#10244,.T.);
#10403=ORIENTED_EDGE('38339',*,*,#10392,.T.);
#10404=ORIENTED_EDGE('38338',*,*,#9241,.F.);
#10406=ORIENTED_EDGE('38337',*,*,#10405,.T.);
#10407=EDGE_LOOP('37980',(#10402,#10403,#10404,#10406));
#10408=FACE_OUTER_BOUND('37980',#10407,.F.);
#10409=ADVANCED_FACE('37980',(#10408),#10401,.T.);
#10410=CARTESIAN_POINT('',(1.88E1,2.55E0,-6.5E0));
#10411=DIRECTION('',(0.E0,0.E0,-1.E0));
#10412=DIRECTION('',(0.E0,-1.E0,0.E0));
#10413=AXIS2_PLACEMENT_3D('',#10410,#10411,#10412);
#10414=PLANE('37981',#10413);
#10415=ORIENTED_EDGE('38332',*,*,#10246,.F.);
#10416=ORIENTED_EDGE('38337',*,*,#10405,.F.);
#10417=ORIENTED_EDGE('38341',*,*,#9239,.T.);
#10419=ORIENTED_EDGE('38340',*,*,#10418,.T.);
#10420=EDGE_LOOP('37981',(#10415,#10416,#10417,#10419));
#10421=FACE_OUTER_BOUND('37981',#10420,.F.);
#10422=ADVANCED_FACE('37981',(#10421),#10414,.T.);
#10423=CARTESIAN_POINT('',(1.88E1,2.625E0,-5.974999999999E0));
#10424=DIRECTION('',(0.E0,-9.899494936612E-1,-1.414213562369E-1));
#10425=DIRECTION('',(0.E0,1.414213562369E-1,-9.899494936612E-1));
#10426=AXIS2_PLACEMENT_3D('',#10423,#10424,#10425);
#10427=PLANE('37982',#10426);
#10428=ORIENTED_EDGE('38333',*,*,#10248,.T.);
#10429=ORIENTED_EDGE('38340',*,*,#10418,.F.);
#10430=ORIENTED_EDGE('38343',*,*,#9237,.F.);
#10432=ORIENTED_EDGE('38342',*,*,#10431,.T.);
#10433=EDGE_LOOP('37982',(#10428,#10429,#10430,#10432));
#10434=FACE_OUTER_BOUND('37982',#10433,.F.);
#10435=ADVANCED_FACE('37982',(#10434),#10427,.F.);
#10436=CARTESIAN_POINT('',(1.88E1,2.43E0,-5.449999999997E0));
#10437=DIRECTION('',(0.E0,0.E0,-1.E0));
#10438=DIRECTION('',(0.E0,1.E0,0.E0));
#10439=AXIS2_PLACEMENT_3D('',#10436,#10437,#10438);
#10440=PLANE('37983',#10439);
#10441=ORIENTED_EDGE('38334',*,*,#10250,.F.);
#10442=ORIENTED_EDGE('38342',*,*,#10431,.F.);
#10443=ORIENTED_EDGE('38345',*,*,#9235,.T.);
#10445=ORIENTED_EDGE('38344',*,*,#10444,.T.);
#10446=EDGE_LOOP('37983',(#10441,#10442,#10443,#10445));
#10447=FACE_OUTER_BOUND('37983',#10446,.F.);
#10448=ADVANCED_FACE('37983',(#10447),#10440,.F.);
#10449=CARTESIAN_POINT('',(1.88E1,2.31E0,-3.449999999997E0));
#10450=DIRECTION('',(0.E0,-1.E0,0.E0));
#10451=DIRECTION('',(0.E0,0.E0,-1.E0));
#10452=AXIS2_PLACEMENT_3D('',#10449,#10450,#10451);
#10453=PLANE('37984',#10452);
#10454=ORIENTED_EDGE('39635',*,*,#9294,.F.);
#10455=ORIENTED_EDGE('39644',*,*,#10252,.T.);
#10456=ORIENTED_EDGE('38344',*,*,#10444,.F.);
#10457=ORIENTED_EDGE('39652',*,*,#9233,.F.);
#10458=EDGE_LOOP('37984',(#10454,#10455,#10456,#10457));
#10459=FACE_OUTER_BOUND('37984',#10458,.F.);
#10460=ADVANCED_FACE('37984',(#10459),#10453,.F.);
#10461=CARTESIAN_POINT('',(1.83E1,8.E-1,-2.425E0));
#10462=DIRECTION('',(0.E0,-1.E0,0.E0));
#10463=DIRECTION('',(-1.E0,0.E0,0.E0));
#10464=AXIS2_PLACEMENT_3D('',#10461,#10462,#10463);
#10465=PLANE('37019',#10464);
#10466=ORIENTED_EDGE('41543',*,*,#9966,.F.);
#10467=ORIENTED_EDGE('41781',*,*,#8726,.F.);
#10468=ORIENTED_EDGE('41544',*,*,#10263,.T.);
#10469=ORIENTED_EDGE('42336',*,*,#8552,.T.);
#10470=EDGE_LOOP('37019',(#10466,#10467,#10468,#10469));
#10471=FACE_OUTER_BOUND('37019',#10470,.F.);
#10472=ADVANCED_FACE('37019',(#10471),#10465,.T.);
#10473=CARTESIAN_POINT('',(1.88E1,8.05E-1,-1.449999999997E0));
#10474=DIRECTION('',(0.E0,0.E0,-1.E0));
#10475=DIRECTION('',(0.E0,1.E0,0.E0));
#10476=AXIS2_PLACEMENT_3D('',#10473,#10474,#10475);
#10477=PLANE('37990',#10476);
#10478=ORIENTED_EDGE('41901',*,*,#10266,.F.);
#10479=ORIENTED_EDGE('42223',*,*,#8794,.T.);
#10480=ORIENTED_EDGE('41902',*,*,#9269,.T.);
#10481=ORIENTED_EDGE('39621',*,*,#7200,.F.);
#10482=EDGE_LOOP('37990',(#10478,#10479,#10480,#10481));
#10483=FACE_OUTER_BOUND('37990',#10482,.F.);
#10484=ADVANCED_FACE('37990',(#10483),#10477,.F.);
#10485=CARTESIAN_POINT('',(1.93E1,7.5E-1,-2.425E0));
#10486=DIRECTION('',(0.E0,-1.E0,0.E0));
#10487=DIRECTION('',(-1.E0,0.E0,0.E0));
#10488=AXIS2_PLACEMENT_3D('',#10485,#10486,#10487);
#10489=PLANE('37584',#10488);
#10490=ORIENTED_EDGE('39680',*,*,#8866,.F.);
#10491=ORIENTED_EDGE('39722',*,*,#7204,.T.);
#10492=ORIENTED_EDGE('39638',*,*,#9266,.T.);
#10493=ORIENTED_EDGE('39723',*,*,#7118,.T.);
#10494=EDGE_LOOP('37584',(#10490,#10491,#10492,#10493));
#10495=FACE_OUTER_BOUND('37584',#10494,.F.);
#10496=ADVANCED_FACE('37584',(#10495),#10489,.F.);
#10497=CARTESIAN_POINT('',(1.93E1,8.E-1,-2.425E0));
#10498=DIRECTION('',(0.E0,-1.E0,0.E0));
#10499=DIRECTION('',(-1.E0,0.E0,0.E0));
#10500=AXIS2_PLACEMENT_3D('',#10497,#10498,#10499);
#10501=PLANE('37018',#10500);
#10502=ORIENTED_EDGE('41548',*,*,#9272,.F.);
#10503=ORIENTED_EDGE('41783',*,*,#8742,.F.);
#10504=ORIENTED_EDGE('41549',*,*,#8861,.T.);
#10505=ORIENTED_EDGE('42335',*,*,#8564,.T.);
#10506=EDGE_LOOP('37018',(#10502,#10503,#10504,#10505));
#10507=FACE_OUTER_BOUND('37018',#10506,.F.);
#10508=ADVANCED_FACE('37018',(#10507),#10501,.T.);
#10509=CARTESIAN_POINT('',(1.98E1,2.31E0,-2.425E0));
#10510=DIRECTION('',(0.E0,-1.E0,0.E0));
#10511=DIRECTION('',(0.E0,0.E0,-1.E0));
#10512=AXIS2_PLACEMENT_3D('',#10509,#10510,#10511);
#10513=PLANE('37606',#10512);
#10514=ORIENTED_EDGE('48839',*,*,#9020,.F.);
#10515=ORIENTED_EDGE('48851',*,*,#9110,.T.);
#10516=ORIENTED_EDGE('38715',*,*,#6934,.T.);
#10517=ORIENTED_EDGE('48850',*,*,#8948,.T.);
#10518=EDGE_LOOP('37606',(#10514,#10515,#10516,#10517));
#10519=FACE_OUTER_BOUND('37606',#10518,.F.);
#10520=ADVANCED_FACE('37606',(#10519),#10513,.T.);
#10521=CARTESIAN_POINT('',(2.03625E1,2.E0,-1.E0));
#10522=DIRECTION('',(0.E0,0.E0,-1.E0));
#10523=DIRECTION('',(0.E0,-1.E0,0.E0));
#10524=AXIS2_PLACEMENT_3D('',#10521,#10522,#10523);
#10525=PLANE('37608',#10524);
#10526=ORIENTED_EDGE('48840',*,*,#8995,.F.);
#10528=ORIENTED_EDGE('48849',*,*,#10527,.F.);
#10530=ORIENTED_EDGE('38773',*,*,#10529,.F.);
#10531=ORIENTED_EDGE('38443',*,*,#8964,.T.);
#10532=ORIENTED_EDGE('48846',*,*,#8934,.T.);
#10533=EDGE_LOOP('37608',(#10526,#10528,#10530,#10531,#10532));
#10534=FACE_OUTER_BOUND('37608',#10533,.F.);
#10535=ADVANCED_FACE('37608',(#10534),#10525,.F.);
#10536=CARTESIAN_POINT('',(2.03625E1,2.2E0,-5.E-1));
#10537=DIRECTION('',(0.E0,-1.E0,0.E0));
#10538=DIRECTION('',(0.E0,0.E0,-1.E0));
#10539=AXIS2_PLACEMENT_3D('',#10536,#10537,#10538);
#10540=PLANE('37624',#10539);
#10541=ORIENTED_EDGE('48842',*,*,#8999,.T.);
#10542=ORIENTED_EDGE('48845',*,*,#8951,.T.);
#10543=ORIENTED_EDGE('38769',*,*,#6930,.T.);
#10545=ORIENTED_EDGE('38814',*,*,#10544,.T.);
#10546=ORIENTED_EDGE('48849',*,*,#10527,.T.);
#10547=EDGE_LOOP('37624',(#10541,#10542,#10543,#10545,#10546));
#10548=FACE_OUTER_BOUND('37624',#10547,.F.);
#10549=ADVANCED_FACE('37624',(#10548),#10540,.T.);
#10550=CARTESIAN_POINT('',(2.08E1,2.125E0,-6.E-1));
#10551=DIRECTION('',(1.E0,0.E0,0.E0));
#10552=DIRECTION('',(0.E0,0.E0,-1.E0));
#10553=AXIS2_PLACEMENT_3D('',#10550,#10551,#10552);
#10554=PLANE('37623',#10553);
#10555=ORIENTED_EDGE('38357',*,*,#7714,.T.);
#10556=ORIENTED_EDGE('38444',*,*,#8966,.T.);
#10557=ORIENTED_EDGE('38773',*,*,#10529,.T.);
#10558=ORIENTED_EDGE('38814',*,*,#10544,.F.);
#10559=ORIENTED_EDGE('38770',*,*,#6928,.T.);
#10561=ORIENTED_EDGE('38683',*,*,#10560,.T.);
#10562=EDGE_LOOP('37623',(#10555,#10556,#10557,#10558,#10559,#10561));
#10563=FACE_OUTER_BOUND('37623',#10562,.F.);
#10564=ADVANCED_FACE('37623',(#10563),#10554,.T.);
#10565=CARTESIAN_POINT('',(2.145E1,2.45E0,-2.75E0));
#10566=DIRECTION('',(0.E0,-1.E0,0.E0));
#10567=DIRECTION('',(-1.E0,0.E0,0.E0));
#10568=AXIS2_PLACEMENT_3D('',#10565,#10566,#10567);
#10569=PLANE('37568',#10568);
#10571=ORIENTED_EDGE('43135',*,*,#10570,.F.);
#10573=ORIENTED_EDGE('43140',*,*,#10572,.F.);
#10575=ORIENTED_EDGE('38678',*,*,#10574,.T.);
#10577=ORIENTED_EDGE('38665',*,*,#10576,.F.);
#10579=ORIENTED_EDGE('38632',*,*,#10578,.T.);
#10581=ORIENTED_EDGE('38679',*,*,#10580,.F.);
#10583=ORIENTED_EDGE('38680',*,*,#10582,.F.);
#10585=ORIENTED_EDGE('38681',*,*,#10584,.F.);
#10586=ORIENTED_EDGE('38682',*,*,#7644,.T.);
#10587=ORIENTED_EDGE('38358',*,*,#7716,.T.);
#10588=ORIENTED_EDGE('38683',*,*,#10560,.F.);
#10589=ORIENTED_EDGE('38684',*,*,#6926,.T.);
#10591=ORIENTED_EDGE('38685',*,*,#10590,.F.);
#10592=ORIENTED_EDGE('43107',*,*,#6864,.T.);
#10593=ORIENTED_EDGE('43112',*,*,#7534,.T.);
#10595=ORIENTED_EDGE('43141',*,*,#10594,.F.);
#10597=ORIENTED_EDGE('43137',*,*,#10596,.T.);
#10599=ORIENTED_EDGE('43136',*,*,#10598,.T.);
#10600=EDGE_LOOP('37568',(#10571,#10573,#10575,#10577,#10579,#10581,#10583,
#10585,#10586,#10587,#10588,#10589,#10591,#10592,#10593,#10595,#10597,#10599));
#10601=FACE_OUTER_BOUND('37568',#10600,.F.);
#10602=ADVANCED_FACE('37568',(#10601),#10569,.F.);
#10603=CARTESIAN_POINT('',(2.0925E1,1.375E0,-3.675E0));
#10604=DIRECTION('',(1.E0,0.E0,0.E0));
#10605=DIRECTION('',(0.E0,-1.E0,0.E0));
#10606=AXIS2_PLACEMENT_3D('',#10603,#10604,#10605);
#10607=PLANE('43089',#10606);
#10609=ORIENTED_EDGE('43522',*,*,#10608,.T.);
#10611=ORIENTED_EDGE('43524',*,*,#10610,.F.);
#10613=ORIENTED_EDGE('43102',*,*,#10612,.F.);
#10615=ORIENTED_EDGE('43101',*,*,#10614,.F.);
#10617=ORIENTED_EDGE('43100',*,*,#10616,.F.);
#10619=ORIENTED_EDGE('43106',*,*,#10618,.F.);
#10621=ORIENTED_EDGE('43105',*,*,#10620,.F.);
#10623=ORIENTED_EDGE('43516',*,*,#10622,.F.);
#10625=ORIENTED_EDGE('43514',*,*,#10624,.T.);
#10627=ORIENTED_EDGE('43518',*,*,#10626,.F.);
#10628=ORIENTED_EDGE('43130',*,*,#7563,.F.);
#10630=ORIENTED_EDGE('43133',*,*,#10629,.T.);
#10631=ORIENTED_EDGE('43135',*,*,#10570,.T.);
#10633=ORIENTED_EDGE('43526',*,*,#10632,.F.);
#10634=EDGE_LOOP('43089',(#10609,#10611,#10613,#10615,#10617,#10619,#10621,
#10623,#10625,#10627,#10628,#10630,#10631,#10633));
#10635=FACE_OUTER_BOUND('43089',#10634,.F.);
#10636=ADVANCED_FACE('43089',(#10635),#10607,.T.);
#10637=CARTESIAN_POINT('',(2.08E1,2.636305209003E0,-1.875E0));
#10638=DIRECTION('',(0.E0,-9.396926207859E-1,-3.420201433257E-1));
#10639=DIRECTION('',(0.E0,-3.420201433257E-1,9.396926207859E-1));
#10640=AXIS2_PLACEMENT_3D('',#10637,#10638,#10639);
#10641=PLANE('43511',#10640);
#10643=ORIENTED_EDGE('43520',*,*,#10642,.F.);
#10645=ORIENTED_EDGE('43523',*,*,#10644,.F.);
#10646=ORIENTED_EDGE('43522',*,*,#10608,.F.);
#10648=ORIENTED_EDGE('43521',*,*,#10647,.T.);
#10649=EDGE_LOOP('43511',(#10643,#10645,#10646,#10648));
#10650=FACE_OUTER_BOUND('43511',#10649,.F.);
#10651=ADVANCED_FACE('43511',(#10650),#10641,.F.);
#10652=CARTESIAN_POINT('',(2.0675E1,1.375E0,-3.675E0));
#10653=DIRECTION('',(1.E0,0.E0,0.E0));
#10654=DIRECTION('',(0.E0,-1.E0,0.E0));
#10655=AXIS2_PLACEMENT_3D('',#10652,#10653,#10654);
#10656=PLANE('43090',#10655);
#10657=ORIENTED_EDGE('43520',*,*,#10642,.T.);
#10659=ORIENTED_EDGE('43527',*,*,#10658,.T.);
#10660=ORIENTED_EDGE('43137',*,*,#10596,.F.);
#10662=ORIENTED_EDGE('43134',*,*,#10661,.F.);
#10663=ORIENTED_EDGE('43132',*,*,#7567,.T.);
#10665=ORIENTED_EDGE('43519',*,*,#10664,.T.);
#10667=ORIENTED_EDGE('43512',*,*,#10666,.T.);
#10669=ORIENTED_EDGE('43517',*,*,#10668,.T.);
#10671=ORIENTED_EDGE('43120',*,*,#10670,.T.);
#10673=ORIENTED_EDGE('43121',*,*,#10672,.T.);
#10675=ORIENTED_EDGE('43115',*,*,#10674,.T.);
#10677=ORIENTED_EDGE('43116',*,*,#10676,.T.);
#10679=ORIENTED_EDGE('43117',*,*,#10678,.T.);
#10681=ORIENTED_EDGE('43525',*,*,#10680,.T.);
#10682=EDGE_LOOP('43090',(#10657,#10659,#10660,#10662,#10663,#10665,#10667,
#10669,#10671,#10673,#10675,#10677,#10679,#10681));
#10683=FACE_OUTER_BOUND('43090',#10682,.F.);
#10684=ADVANCED_FACE('43090',(#10683),#10656,.F.);
#10685=CARTESIAN_POINT('',(2.08E1,2.575E0,-1.7E0));
#10686=DIRECTION('',(0.E0,0.E0,1.E0));
#10687=DIRECTION('',(0.E0,-1.E0,0.E0));
#10688=AXIS2_PLACEMENT_3D('',#10685,#10686,#10687);
#10689=PLANE('43091',#10688);
#10690=ORIENTED_EDGE('43521',*,*,#10647,.F.);
#10691=ORIENTED_EDGE('43526',*,*,#10632,.T.);
#10692=ORIENTED_EDGE('43136',*,*,#10598,.F.);
#10693=ORIENTED_EDGE('43527',*,*,#10658,.F.);
#10694=EDGE_LOOP('43091',(#10690,#10691,#10692,#10693));
#10695=FACE_OUTER_BOUND('43091',#10694,.F.);
#10696=ADVANCED_FACE('43091',(#10695),#10689,.T.);
#10697=CARTESIAN_POINT('',(2.08E1,1.35E0,-4.1E0));
#10698=DIRECTION('',(0.E0,0.E0,-1.E0));
#10699=DIRECTION('',(-1.E0,0.E0,0.E0));
#10700=AXIS2_PLACEMENT_3D('',#10697,#10698,#10699);
#10701=PLANE('37566',#10700);
#10702=ORIENTED_EDGE('43133',*,*,#10629,.F.);
#10703=ORIENTED_EDGE('43143',*,*,#7561,.T.);
#10705=ORIENTED_EDGE('38677',*,*,#10704,.F.);
#10706=ORIENTED_EDGE('43140',*,*,#10572,.T.);
#10707=EDGE_LOOP('37566',(#10702,#10703,#10705,#10706));
#10708=FACE_OUTER_BOUND('37566',#10707,.F.);
#10709=ADVANCED_FACE('37566',(#10708),#10701,.T.);
#10710=CARTESIAN_POINT('',(2.08E1,1.35E0,-4.1E0));
#10711=DIRECTION('',(0.E0,0.E0,-1.E0));
#10712=DIRECTION('',(-1.E0,0.E0,0.E0));
#10713=AXIS2_PLACEMENT_3D('',#10710,#10711,#10712);
#10714=PLANE('37566',#10713);
#10715=ORIENTED_EDGE('43134',*,*,#10661,.T.);
#10716=ORIENTED_EDGE('43141',*,*,#10594,.T.);
#10717=ORIENTED_EDGE('43109',*,*,#7532,.F.);
#10718=ORIENTED_EDGE('43142',*,*,#7569,.T.);
#10719=EDGE_LOOP('37566',(#10715,#10716,#10717,#10718));
#10720=FACE_OUTER_BOUND('37566',#10719,.F.);
#10721=ADVANCED_FACE('37566',(#10720),#10714,.T.);
#10722=CARTESIAN_POINT('',(2.1035E1,1.35E0,-4.55E0));
#10723=DIRECTION('',(1.E0,0.E0,0.E0));
#10724=DIRECTION('',(0.E0,0.E0,1.E0));
#10725=AXIS2_PLACEMENT_3D('',#10722,#10723,#10724);
#10726=PLANE('37567',#10725);
#10727=ORIENTED_EDGE('38677',*,*,#10704,.T.);
#10728=ORIENTED_EDGE('38674',*,*,#7559,.T.);
#10730=ORIENTED_EDGE('38666',*,*,#10729,.T.);
#10731=ORIENTED_EDGE('38678',*,*,#10574,.F.);
#10732=EDGE_LOOP('37567',(#10727,#10728,#10730,#10731));
#10733=FACE_OUTER_BOUND('37567',#10732,.F.);
#10734=ADVANCED_FACE('37567',(#10733),#10726,.F.);
#10735=CARTESIAN_POINT('',(2.11175E1,1.35E0,-5.25E0));
#10736=DIRECTION('',(9.496286491028E-1,0.E0,3.133774542037E-1));
#10737=DIRECTION('',(-3.133774542037E-1,0.E0,9.496286491028E-1));
#10738=AXIS2_PLACEMENT_3D('',#10735,#10736,#10737);
#10739=PLANE('37563',#10738);
#10741=ORIENTED_EDGE('38631',*,*,#10740,.T.);
#10742=ORIENTED_EDGE('38665',*,*,#10576,.T.);
#10743=ORIENTED_EDGE('38666',*,*,#10729,.F.);
#10744=ORIENTED_EDGE('38667',*,*,#7557,.T.);
#10745=EDGE_LOOP('37563',(#10741,#10742,#10743,#10744));
#10746=FACE_OUTER_BOUND('37563',#10745,.F.);
#10747=ADVANCED_FACE('37563',(#10746),#10739,.F.);
#10748=CARTESIAN_POINT('',(2.1375E1,1.35E0,-5.5E0));
#10749=DIRECTION('',(0.E0,0.E0,-1.E0));
#10750=DIRECTION('',(1.E0,0.E0,0.E0));
#10751=AXIS2_PLACEMENT_3D('',#10748,#10749,#10750);
#10752=PLANE('37547',#10751);
#10753=ORIENTED_EDGE('38631',*,*,#10740,.F.);
#10754=ORIENTED_EDGE('38634',*,*,#7555,.F.);
#10756=ORIENTED_EDGE('38633',*,*,#10755,.F.);
#10757=ORIENTED_EDGE('38632',*,*,#10578,.F.);
#10758=EDGE_LOOP('37547',(#10753,#10754,#10756,#10757));
#10759=FACE_OUTER_BOUND('37547',#10758,.F.);
#10760=ADVANCED_FACE('37547',(#10759),#10752,.T.);
#10761=CARTESIAN_POINT('',(2.155E1,1.35E0,-3.55E0));
#10762=DIRECTION('',(1.E0,0.E0,0.E0));
#10763=DIRECTION('',(0.E0,0.E0,-1.E0));
#10764=AXIS2_PLACEMENT_3D('',#10761,#10762,#10763);
#10765=PLANE('37765',#10764);
#10767=ORIENTED_EDGE('43308',*,*,#10766,.T.);
#10768=ORIENTED_EDGE('38679',*,*,#10580,.T.);
#10769=ORIENTED_EDGE('38633',*,*,#10755,.T.);
#10770=ORIENTED_EDGE('38673',*,*,#7553,.T.);
#10771=EDGE_LOOP('37765',(#10767,#10768,#10769,#10770));
#10772=FACE_OUTER_BOUND('37765',#10771,.F.);
#10773=ADVANCED_FACE('37765',(#10772),#10765,.T.);
#10774=CARTESIAN_POINT('',(2.175E1,4.25E-1,-4.65E0));
#10775=DIRECTION('',(0.E0,0.E0,-1.E0));
#10776=DIRECTION('',(-1.E0,0.E0,0.E0));
#10777=AXIS2_PLACEMENT_3D('',#10774,#10775,#10776);
#10778=PLANE('37763',#10777);
#10779=ORIENTED_EDGE('43308',*,*,#10766,.F.);
#10780=ORIENTED_EDGE('38672',*,*,#7551,.T.);
#10782=ORIENTED_EDGE('43309',*,*,#10781,.F.);
#10783=ORIENTED_EDGE('38680',*,*,#10582,.T.);
#10784=EDGE_LOOP('37763',(#10779,#10780,#10782,#10783));
#10785=FACE_OUTER_BOUND('37763',#10784,.F.);
#10786=ADVANCED_FACE('37763',(#10785),#10778,.T.);
#10787=CARTESIAN_POINT('',(2.2275E1,4.25E-1,-4.325E0));
#10788=DIRECTION('',(7.071067811861E-1,0.E0,-7.071067811870E-1));
#10789=DIRECTION('',(-7.071067811870E-1,0.E0,-7.071067811861E-1));
#10790=AXIS2_PLACEMENT_3D('',#10787,#10788,#10789);
#10791=PLANE('37761',#10790);
#10792=ORIENTED_EDGE('43309',*,*,#10781,.T.);
#10793=ORIENTED_EDGE('38671',*,*,#7549,.T.);
#10794=ORIENTED_EDGE('38931',*,*,#7588,.T.);
#10795=ORIENTED_EDGE('43304',*,*,#7602,.T.);
#10796=ORIENTED_EDGE('43306',*,*,#7616,.T.);
#10797=ORIENTED_EDGE('43305',*,*,#7630,.T.);
#10798=ORIENTED_EDGE('38933',*,*,#7646,.T.);
#10799=ORIENTED_EDGE('38681',*,*,#10584,.T.);
#10800=EDGE_LOOP('37761',(#10792,#10793,#10794,#10795,#10796,#10797,#10798,
#10799));
#10801=FACE_OUTER_BOUND('37761',#10800,.F.);
#10802=ADVANCED_FACE('37761',(#10801),#10791,.T.);
#10803=CARTESIAN_POINT('',(2.08E1,1.5E-1,-1.7E0));
#10804=DIRECTION('',(0.E0,0.E0,1.E0));
#10805=DIRECTION('',(0.E0,-1.E0,0.E0));
#10806=AXIS2_PLACEMENT_3D('',#10803,#10804,#10805);
#10807=PLANE('43099',#10806);
#10809=ORIENTED_EDGE('43515',*,*,#10808,.T.);
#10810=ORIENTED_EDGE('43519',*,*,#10664,.F.);
#10811=ORIENTED_EDGE('43131',*,*,#7565,.T.);
#10812=ORIENTED_EDGE('43518',*,*,#10626,.T.);
#10813=EDGE_LOOP('43099',(#10809,#10810,#10811,#10812));
#10814=FACE_OUTER_BOUND('43099',#10813,.F.);
#10815=ADVANCED_FACE('43099',(#10814),#10807,.T.);
#10816=CARTESIAN_POINT('',(2.08E1,1.136947909965E-1,-1.875E0));
#10817=DIRECTION('',(0.E0,9.396926207859E-1,-3.420201433257E-1));
#10818=DIRECTION('',(0.E0,-3.420201433257E-1,-9.396926207859E-1));
#10819=AXIS2_PLACEMENT_3D('',#10816,#10817,#10818);
#10820=PLANE('43510',#10819);
#10821=ORIENTED_EDGE('43512',*,*,#10666,.F.);
#10822=ORIENTED_EDGE('43515',*,*,#10808,.F.);
#10823=ORIENTED_EDGE('43514',*,*,#10624,.F.);
#10825=ORIENTED_EDGE('43513',*,*,#10824,.T.);
#10826=EDGE_LOOP('43510',(#10821,#10822,#10823,#10825));
#10827=FACE_OUTER_BOUND('43510',#10826,.F.);
#10828=ADVANCED_FACE('43510',(#10827),#10820,.F.);
#10829=CARTESIAN_POINT('',(2.08E1,4.999999999996E-2,-3.2E0));
#10830=DIRECTION('',(0.E0,-1.E0,0.E0));
#10831=DIRECTION('',(0.E0,0.E0,-1.E0));
#10832=AXIS2_PLACEMENT_3D('',#10829,#10830,#10831);
#10833=PLANE('43098',#10832);
#10834=ORIENTED_EDGE('43513',*,*,#10824,.F.);
#10835=ORIENTED_EDGE('43516',*,*,#10622,.T.);
#10837=ORIENTED_EDGE('43128',*,*,#10836,.T.);
#10838=ORIENTED_EDGE('43517',*,*,#10668,.F.);
#10839=EDGE_LOOP('43098',(#10834,#10835,#10837,#10838));
#10840=FACE_OUTER_BOUND('43098',#10839,.F.);
#10841=ADVANCED_FACE('43098',(#10840),#10833,.T.);
#10842=CARTESIAN_POINT('',(2.08E1,2.25E-1,-4.7E0));
#10843=DIRECTION('',(0.E0,0.E0,-1.E0));
#10844=DIRECTION('',(0.E0,1.E0,0.E0));
#10845=AXIS2_PLACEMENT_3D('',#10842,#10843,#10844);
#10846=PLANE('43097',#10845);
#10847=ORIENTED_EDGE('43105',*,*,#10620,.T.);
#10849=ORIENTED_EDGE('43127',*,*,#10848,.T.);
#10850=ORIENTED_EDGE('43120',*,*,#10670,.F.);
#10851=ORIENTED_EDGE('43128',*,*,#10836,.F.);
#10852=EDGE_LOOP('43097',(#10847,#10849,#10850,#10851));
#10853=FACE_OUTER_BOUND('43097',#10852,.F.);
#10854=ADVANCED_FACE('43097',(#10853),#10846,.T.);
#10855=CARTESIAN_POINT('',(2.08E1,4.E-1,-5.1E0));
#10856=DIRECTION('',(0.E0,-1.E0,0.E0));
#10857=DIRECTION('',(0.E0,0.E0,-1.E0));
#10858=AXIS2_PLACEMENT_3D('',#10855,#10856,#10857);
#10859=PLANE('43096',#10858);
#10860=ORIENTED_EDGE('43106',*,*,#10618,.T.);
#10862=ORIENTED_EDGE('43126',*,*,#10861,.T.);
#10863=ORIENTED_EDGE('43121',*,*,#10672,.F.);
#10864=ORIENTED_EDGE('43127',*,*,#10848,.F.);
#10865=EDGE_LOOP('43096',(#10860,#10862,#10863,#10864));
#10866=FACE_OUTER_BOUND('43096',#10865,.F.);
#10867=ADVANCED_FACE('43096',(#10866),#10859,.T.);
#10868=CARTESIAN_POINT('',(2.08E1,1.4E0,-5.5E0));
#10869=DIRECTION('',(0.E0,0.E0,-1.E0));
#10870=DIRECTION('',(0.E0,1.E0,0.E0));
#10871=AXIS2_PLACEMENT_3D('',#10868,#10869,#10870);
#10872=PLANE('43095',#10871);
#10873=ORIENTED_EDGE('43100',*,*,#10616,.T.);
#10875=ORIENTED_EDGE('43125',*,*,#10874,.T.);
#10876=ORIENTED_EDGE('43115',*,*,#10674,.F.);
#10877=ORIENTED_EDGE('43126',*,*,#10861,.F.);
#10878=EDGE_LOOP('43095',(#10873,#10875,#10876,#10877));
#10879=FACE_OUTER_BOUND('43095',#10878,.F.);
#10880=ADVANCED_FACE('43095',(#10879),#10872,.T.);
#10881=CARTESIAN_POINT('',(2.08E1,2.4E0,-5.575E0));
#10882=DIRECTION('',(0.E0,-1.E0,0.E0));
#10883=DIRECTION('',(0.E0,0.E0,-1.E0));
#10884=AXIS2_PLACEMENT_3D('',#10881,#10882,#10883);
#10885=PLANE('43094',#10884);
#10886=ORIENTED_EDGE('43101',*,*,#10614,.T.);
#10888=ORIENTED_EDGE('43124',*,*,#10887,.T.);
#10889=ORIENTED_EDGE('43116',*,*,#10676,.F.);
#10890=ORIENTED_EDGE('43125',*,*,#10874,.F.);
#10891=EDGE_LOOP('43094',(#10886,#10888,#10889,#10890));
#10892=FACE_OUTER_BOUND('43094',#10891,.F.);
#10893=ADVANCED_FACE('43094',(#10892),#10885,.T.);
#10894=CARTESIAN_POINT('',(2.08E1,2.55E0,-5.65E0));
#10895=DIRECTION('',(0.E0,0.E0,-1.E0));
#10896=DIRECTION('',(0.E0,1.E0,0.E0));
#10897=AXIS2_PLACEMENT_3D('',#10894,#10895,#10896);
#10898=PLANE('43093',#10897);
#10899=ORIENTED_EDGE('43102',*,*,#10612,.T.);
#10901=ORIENTED_EDGE('43123',*,*,#10900,.T.);
#10902=ORIENTED_EDGE('43117',*,*,#10678,.F.);
#10903=ORIENTED_EDGE('43124',*,*,#10887,.F.);
#10904=EDGE_LOOP('43093',(#10899,#10901,#10902,#10903));
#10905=FACE_OUTER_BOUND('43093',#10904,.F.);
#10906=ADVANCED_FACE('43093',(#10905),#10898,.T.);
#10907=CARTESIAN_POINT('',(2.08E1,2.7E0,-3.675E0));
#10908=DIRECTION('',(0.E0,1.E0,0.E0));
#10909=DIRECTION('',(0.E0,0.E0,1.E0));
#10910=AXIS2_PLACEMENT_3D('',#10907,#10908,#10909);
#10911=PLANE('43092',#10910);
#10912=ORIENTED_EDGE('43523',*,*,#10644,.T.);
#10913=ORIENTED_EDGE('43525',*,*,#10680,.F.);
#10914=ORIENTED_EDGE('43123',*,*,#10900,.F.);
#10915=ORIENTED_EDGE('43524',*,*,#10610,.T.);
#10916=EDGE_LOOP('43092',(#10912,#10913,#10914,#10915));
#10917=FACE_OUTER_BOUND('43092',#10916,.F.);
#10918=ADVANCED_FACE('43092',(#10917),#10911,.T.);
#10919=CARTESIAN_POINT('',(2.03E1,2.575E0,-2.4E0));
#10920=DIRECTION('',(1.E0,0.E0,0.E0));
#10921=DIRECTION('',(0.E0,1.E0,0.E0));
#10922=AXIS2_PLACEMENT_3D('',#10919,#10920,#10921);
#10923=PLANE('37756',#10922);
#10924=ORIENTED_EDGE('38544',*,*,#6866,.T.);
#10925=ORIENTED_EDGE('38685',*,*,#10590,.T.);
#10926=ORIENTED_EDGE('38771',*,*,#6924,.T.);
#10927=ORIENTED_EDGE('38929',*,*,#6881,.T.);
#10928=EDGE_LOOP('37756',(#10924,#10925,#10926,#10927));
#10929=FACE_OUTER_BOUND('37756',#10928,.F.);
#10930=ADVANCED_FACE('37756',(#10929),#10923,.T.);
#10931=CARTESIAN_POINT('',(2.0945E1,1.3E0,-1.35E0));
#10932=DIRECTION('',(8.944271909999E-1,0.E0,-4.472135955E-1));
#10933=DIRECTION('',(4.472135955E-1,0.E0,8.944271909999E-1));
#10934=AXIS2_PLACEMENT_3D('',#10931,#10932,#10933);
#10935=PLANE('37581',#10934);
#10937=ORIENTED_EDGE('48348',*,*,#10936,.F.);
#10938=ORIENTED_EDGE('48349',*,*,#8969,.T.);
#10939=ORIENTED_EDGE('38355',*,*,#7710,.T.);
#10941=ORIENTED_EDGE('48350',*,*,#10940,.T.);
#10942=EDGE_LOOP('37581',(#10937,#10938,#10939,#10941));
#10943=FACE_OUTER_BOUND('37581',#10942,.F.);
#10944=ADVANCED_FACE('37581',(#10943),#10935,.F.);
#10945=CARTESIAN_POINT('',(2.095E1,1.8E0,-1.2E0));
#10946=DIRECTION('',(-1.E0,0.E0,0.E0));
#10947=DIRECTION('',(0.E0,-1.E0,0.E0));
#10948=AXIS2_PLACEMENT_3D('',#10945,#10946,#10947);
#10949=PLANE('48286',#10948);
#10950=ORIENTED_EDGE('48348',*,*,#10936,.T.);
#10952=ORIENTED_EDGE('48351',*,*,#10951,.T.);
#10953=ORIENTED_EDGE('48347',*,*,#7104,.F.);
#10954=ORIENTED_EDGE('48352',*,*,#8971,.F.);
#10955=EDGE_LOOP('48286',(#10950,#10952,#10953,#10954));
#10956=FACE_OUTER_BOUND('48286',#10955,.F.);
#10957=ADVANCED_FACE('48286',(#10956),#10949,.T.);
#10958=CARTESIAN_POINT('',(2.066E1,8.E-1,-2.275E0));
#10959=DIRECTION('',(0.E0,-1.E0,0.E0));
#10960=DIRECTION('',(-1.E0,0.E0,0.E0));
#10961=AXIS2_PLACEMENT_3D('',#10958,#10959,#10960);
#10962=PLANE('37578',#10961);
#10963=ORIENTED_EDGE('40430',*,*,#7708,.T.);
#10964=ORIENTED_EDGE('42166',*,*,#7334,.T.);
#10966=ORIENTED_EDGE('42167',*,*,#10965,.T.);
#10967=ORIENTED_EDGE('40441',*,*,#7355,.F.);
#10968=ORIENTED_EDGE('48353',*,*,#7106,.T.);
#10969=ORIENTED_EDGE('48351',*,*,#10951,.F.);
#10970=ORIENTED_EDGE('48350',*,*,#10940,.F.);
#10971=EDGE_LOOP('37578',(#10963,#10964,#10966,#10967,#10968,#10969,#10970));
#10972=FACE_OUTER_BOUND('37578',#10971,.F.);
#10973=ADVANCED_FACE('37578',(#10972),#10962,.F.);
#10974=CARTESIAN_POINT('',(2.03E1,6.749999999998E-1,-2.275E0));
#10975=DIRECTION('',(1.E0,0.E0,0.E0));
#10976=DIRECTION('',(0.E0,-1.E0,0.E0));
#10977=AXIS2_PLACEMENT_3D('',#10974,#10975,#10976);
#10978=PLANE('37016',#10977);
#10979=ORIENTED_EDGE('42167',*,*,#10965,.F.);
#10980=ORIENTED_EDGE('42376',*,*,#7340,.F.);
#10982=ORIENTED_EDGE('37357',*,*,#10981,.F.);
#10983=ORIENTED_EDGE('42333',*,*,#8577,.T.);
#10984=EDGE_LOOP('37016',(#10979,#10980,#10982,#10983));
#10985=FACE_OUTER_BOUND('37016',#10984,.F.);
#10986=ADVANCED_FACE('37016',(#10985),#10978,.T.);
#10987=CARTESIAN_POINT('',(2.066E1,8.5E-1,-2.275E0));
#10988=DIRECTION('',(0.E0,-1.E0,0.E0));
#10989=DIRECTION('',(-1.E0,0.E0,0.E0));
#10990=AXIS2_PLACEMENT_3D('',#10987,#10988,#10989);
#10991=PLANE('37014',#10990);
#10993=ORIENTED_EDGE('37246',*,*,#10992,.T.);
#10995=ORIENTED_EDGE('48268',*,*,#10994,.F.);
#10997=ORIENTED_EDGE('48269',*,*,#10996,.F.);
#10998=ORIENTED_EDGE('37247',*,*,#8579,.F.);
#10999=ORIENTED_EDGE('37357',*,*,#10981,.T.);
#11000=ORIENTED_EDGE('37351',*,*,#7338,.F.);
#11001=EDGE_LOOP('37014',(#10993,#10995,#10997,#10998,#10999,#11000));
#11002=FACE_OUTER_BOUND('37014',#11001,.F.);
#11003=ADVANCED_FACE('37014',(#11002),#10991,.T.);
#11004=CARTESIAN_POINT('',(2.110493727813E1,5.064612448501E-1,-1.6E0));
#11005=DIRECTION('',(0.E0,-1.E0,0.E0));
#11006=DIRECTION('',(0.E0,0.E0,1.E0));
#11007=AXIS2_PLACEMENT_3D('',#11004,#11005,#11006);
#11008=CYLINDRICAL_SURFACE('37131',#11007,5.E-1);
#11009=ORIENTED_EDGE('40034',*,*,#7706,.T.);
#11011=ORIENTED_EDGE('40424',*,*,#11010,.F.);
#11013=ORIENTED_EDGE('48277',*,*,#11012,.T.);
#11015=ORIENTED_EDGE('48274',*,*,#11014,.T.);
#11017=ORIENTED_EDGE('48270',*,*,#11016,.T.);
#11018=ORIENTED_EDGE('37246',*,*,#10992,.F.);
#11019=ORIENTED_EDGE('42321',*,*,#7336,.F.);
#11020=EDGE_LOOP('37131',(#11009,#11011,#11013,#11015,#11017,#11018,#11019));
#11021=FACE_OUTER_BOUND('37131',#11020,.F.);
#11022=ADVANCED_FACE('37131',(#11021),#11008,.F.);
#11023=CARTESIAN_POINT('',(2.070246863906E1,5.5E-1,-1.15E0));
#11024=DIRECTION('',(0.E0,-1.E0,0.E0));
#11025=DIRECTION('',(1.E0,0.E0,0.E0));
#11026=AXIS2_PLACEMENT_3D('',#11023,#11024,#11025);
#11027=PLANE('37130',#11026);
#11028=ORIENTED_EDGE('40033',*,*,#7704,.F.);
#11030=ORIENTED_EDGE('40423',*,*,#11029,.F.);
#11032=ORIENTED_EDGE('37185',*,*,#11031,.F.);
#11033=ORIENTED_EDGE('40424',*,*,#11010,.T.);
#11034=EDGE_LOOP('37130',(#11028,#11030,#11032,#11033));
#11035=FACE_OUTER_BOUND('37130',#11034,.F.);
#11036=ADVANCED_FACE('37130',(#11035),#11027,.T.);
#11037=CARTESIAN_POINT('',(2.03E1,3.E-1,-1.15E0));
#11038=DIRECTION('',(1.E0,0.E0,0.E0));
#11039=DIRECTION('',(0.E0,0.E0,1.E0));
#11040=AXIS2_PLACEMENT_3D('',#11037,#11038,#11039);
#11041=PLANE('37129',#11040);
#11042=ORIENTED_EDGE('40031',*,*,#7702,.F.);
#11043=ORIENTED_EDGE('40436',*,*,#7573,.T.);
#11044=ORIENTED_EDGE('39804',*,*,#6642,.T.);
#11045=ORIENTED_EDGE('39755',*,*,#6623,.T.);
#11046=ORIENTED_EDGE('42404',*,*,#7734,.T.);
#11047=ORIENTED_EDGE('42405',*,*,#7832,.T.);
#11049=ORIENTED_EDGE('42077',*,*,#11048,.T.);
#11050=ORIENTED_EDGE('40423',*,*,#11029,.T.);
#11051=EDGE_LOOP('37129',(#11042,#11043,#11044,#11045,#11046,#11047,#11049,
#11050));
#11052=FACE_OUTER_BOUND('37129',#11051,.F.);
#11053=ADVANCED_FACE('37129',(#11052),#11041,.T.);
#11054=CARTESIAN_POINT('',(2.071804012430E1,1.175E0,-1.1E0));
#11055=DIRECTION('',(0.E0,0.E0,-1.E0));
#11056=DIRECTION('',(1.E0,0.E0,0.E0));
#11057=AXIS2_PLACEMENT_3D('',#11054,#11055,#11056);
#11058=PLANE('37128',#11057);
#11060=ORIENTED_EDGE('48282',*,*,#11059,.T.);
#11062=ORIENTED_EDGE('48279',*,*,#11061,.T.);
#11063=ORIENTED_EDGE('48277',*,*,#11012,.F.);
#11064=ORIENTED_EDGE('37185',*,*,#11031,.T.);
#11065=ORIENTED_EDGE('42077',*,*,#11048,.F.);
#11066=ORIENTED_EDGE('42073',*,*,#7830,.F.);
#11068=ORIENTED_EDGE('42075',*,*,#11067,.F.);
#11070=ORIENTED_EDGE('37159',*,*,#11069,.F.);
#11071=EDGE_LOOP('37128',(#11060,#11062,#11063,#11064,#11065,#11066,#11068,
#11070));
#11072=FACE_OUTER_BOUND('37128',#11071,.F.);
#11073=ADVANCED_FACE('37128',(#11072),#11058,.T.);
#11074=CARTESIAN_POINT('',(2.095E1,1.8E0,-8.E-1));
#11075=DIRECTION('',(1.E0,0.E0,0.E0));
#11076=DIRECTION('',(0.E0,-1.E0,0.E0));
#11077=AXIS2_PLACEMENT_3D('',#11074,#11075,#11076);
#11078=PLANE('37127',#11077);
#11080=ORIENTED_EDGE('48281',*,*,#11079,.T.);
#11082=ORIENTED_EDGE('48273',*,*,#11081,.T.);
#11083=ORIENTED_EDGE('48282',*,*,#11059,.F.);
#11085=ORIENTED_EDGE('37160',*,*,#11084,.T.);
#11086=EDGE_LOOP('37127',(#11080,#11082,#11083,#11085));
#11087=FACE_OUTER_BOUND('37127',#11086,.F.);
#11088=ADVANCED_FACE('37127',(#11087),#11078,.F.);
#11089=CARTESIAN_POINT('',(2.12E1,1.8E0,-2.5E-1));
#11090=DIRECTION('',(7.071067811864E-1,0.E0,-7.071067811867E-1));
#11091=DIRECTION('',(0.E0,-1.E0,0.E0));
#11092=AXIS2_PLACEMENT_3D('',#11089,#11090,#11091);
#11093=PLANE('37126',#11092);
#11095=ORIENTED_EDGE('48280',*,*,#11094,.T.);
#11097=ORIENTED_EDGE('48278',*,*,#11096,.T.);
#11098=ORIENTED_EDGE('48281',*,*,#11079,.F.);
#11100=ORIENTED_EDGE('37161',*,*,#11099,.F.);
#11101=EDGE_LOOP('37126',(#11095,#11097,#11098,#11100));
#11102=FACE_OUTER_BOUND('37126',#11101,.F.);
#11103=ADVANCED_FACE('37126',(#11102),#11093,.F.);
#11104=CARTESIAN_POINT('',(2.93E1,1.175E0,0.E0));
#11105=DIRECTION('',(0.E0,0.E0,1.E0));
#11106=DIRECTION('',(1.E0,0.E0,0.E0));
#11107=AXIS2_PLACEMENT_3D('',#11104,#11105,#11106);
#11108=PLANE('34743',#11107);
#11109=ORIENTED_EDGE('42090',*,*,#7823,.T.);
#11111=ORIENTED_EDGE('34871',*,*,#11110,.T.);
#11113=ORIENTED_EDGE('34872',*,*,#11112,.T.);
#11115=ORIENTED_EDGE('34873',*,*,#11114,.F.);
#11117=ORIENTED_EDGE('34874',*,*,#11116,.T.);
#11119=ORIENTED_EDGE('34823',*,*,#11118,.F.);
#11120=ORIENTED_EDGE('34825',*,*,#7752,.F.);
#11121=ORIENTED_EDGE('34826',*,*,#7768,.T.);
#11122=ORIENTED_EDGE('34830',*,*,#7788,.T.);
#11124=ORIENTED_EDGE('48258',*,*,#11123,.T.);
#11126=ORIENTED_EDGE('48874',*,*,#11125,.T.);
#11127=ORIENTED_EDGE('48280',*,*,#11094,.F.);
#11129=ORIENTED_EDGE('37162',*,*,#11128,.F.);
#11131=ORIENTED_EDGE('37158',*,*,#11130,.F.);
#11133=ORIENTED_EDGE('37157',*,*,#11132,.T.);
#11135=ORIENTED_EDGE('37155',*,*,#11134,.T.);
#11137=ORIENTED_EDGE('37177',*,*,#11136,.F.);
#11139=ORIENTED_EDGE('37176',*,*,#11138,.T.);
#11141=ORIENTED_EDGE('37175',*,*,#11140,.F.);
#11143=ORIENTED_EDGE('42076',*,*,#11142,.F.);
#11144=EDGE_LOOP('34743',(#11109,#11111,#11113,#11115,#11117,#11119,#11120,
#11121,#11122,#11124,#11126,#11127,#11129,#11131,#11133,#11135,#11137,#11139,
#11141,#11143));
#11145=FACE_OUTER_BOUND('34743',#11144,.F.);
#11146=ADVANCED_FACE('34743',(#11145),#11108,.T.);
#11147=CARTESIAN_POINT('',(1.29E1,1.E-1,-6.000000000001E-1));
#11148=DIRECTION('',(1.E0,0.E0,0.E0));
#11149=DIRECTION('',(0.E0,0.E0,1.E0));
#11150=AXIS2_PLACEMENT_3D('',#11147,#11148,#11149);
#11151=PLANE('34751',#11150);
#11152=ORIENTED_EDGE('34799',*,*,#7821,.F.);
#11153=ORIENTED_EDGE('34812',*,*,#7268,.F.);
#11155=ORIENTED_EDGE('34883',*,*,#11154,.F.);
#11156=ORIENTED_EDGE('34871',*,*,#11110,.F.);
#11157=EDGE_LOOP('34751',(#11152,#11153,#11155,#11156));
#11158=FACE_OUTER_BOUND('34751',#11157,.F.);
#11159=ADVANCED_FACE('34751',(#11158),#11151,.F.);
#11160=CARTESIAN_POINT('',(1.225E1,1.5E-1,-6.000000000001E-1));
#11161=DIRECTION('',(0.E0,1.E0,0.E0));
#11162=DIRECTION('',(1.E0,0.E0,0.E0));
#11163=AXIS2_PLACEMENT_3D('',#11160,#11161,#11162);
#11164=PLANE('34752',#11163);
#11166=ORIENTED_EDGE('34884',*,*,#11165,.F.);
#11167=ORIENTED_EDGE('34872',*,*,#11112,.F.);
#11168=ORIENTED_EDGE('34883',*,*,#11154,.T.);
#11169=ORIENTED_EDGE('34813',*,*,#7266,.F.);
#11170=EDGE_LOOP('34752',(#11166,#11167,#11168,#11169));
#11171=FACE_OUTER_BOUND('34752',#11170,.F.);
#11172=ADVANCED_FACE('34752',(#11171),#11164,.F.);
#11173=CARTESIAN_POINT('',(1.16E1,3.5E-1,-1.243538755150E0));
#11174=DIRECTION('',(0.E0,0.E0,1.E0));
#11175=DIRECTION('',(-1.E0,0.E0,0.E0));
#11176=AXIS2_PLACEMENT_3D('',#11173,#11174,#11175);
#11177=CYLINDRICAL_SURFACE('34753',#11176,2.E-1);
#11178=ORIENTED_EDGE('34873',*,*,#11114,.T.);
#11179=ORIENTED_EDGE('34884',*,*,#11165,.T.);
#11180=ORIENTED_EDGE('34814',*,*,#7264,.F.);
#11182=ORIENTED_EDGE('34885',*,*,#11181,.T.);
#11183=EDGE_LOOP('34753',(#11178,#11179,#11180,#11182));
#11184=FACE_OUTER_BOUND('34753',#11183,.F.);
#11185=ADVANCED_FACE('34753',(#11184),#11177,.T.);
#11186=CARTESIAN_POINT('',(1.14E1,1.175E0,-6.000000000001E-1));
#11187=DIRECTION('',(1.E0,0.E0,0.E0));
#11188=DIRECTION('',(0.E0,0.E0,-1.E0));
#11189=AXIS2_PLACEMENT_3D('',#11186,#11187,#11188);
#11190=PLANE('34754',#11189);
#11192=ORIENTED_EDGE('34824',*,*,#11191,.F.);
#11193=ORIENTED_EDGE('34874',*,*,#11116,.F.);
#11194=ORIENTED_EDGE('34885',*,*,#11181,.F.);
#11195=ORIENTED_EDGE('34815',*,*,#7262,.F.);
#11196=EDGE_LOOP('34754',(#11192,#11193,#11194,#11195));
#11197=FACE_OUTER_BOUND('34754',#11196,.F.);
#11198=ADVANCED_FACE('34754',(#11197),#11190,.F.);
#11199=CARTESIAN_POINT('',(1.16E1,2.E0,4.353875514987E-2));
#11200=DIRECTION('',(0.E0,0.E0,-1.E0));
#11201=DIRECTION('',(-1.E0,0.E0,0.E0));
#11202=AXIS2_PLACEMENT_3D('',#11199,#11200,#11201);
#11203=CYLINDRICAL_SURFACE('34712',#11202,2.E-1);
#11204=ORIENTED_EDGE('34810',*,*,#7260,.F.);
#11205=ORIENTED_EDGE('34822',*,*,#7754,.T.);
#11206=ORIENTED_EDGE('34823',*,*,#11118,.T.);
#11207=ORIENTED_EDGE('34824',*,*,#11191,.T.);
#11208=EDGE_LOOP('34712',(#11204,#11205,#11206,#11207));
#11209=FACE_OUTER_BOUND('34712',#11208,.F.);
#11210=ADVANCED_FACE('34712',(#11209),#11203,.T.);
#11211=CARTESIAN_POINT('',(1.34E1,1.8E0,-2.5E-1));
#11212=DIRECTION('',(7.071067811864E-1,0.E0,7.071067811867E-1));
#11213=DIRECTION('',(0.E0,-1.E0,0.E0));
#11214=AXIS2_PLACEMENT_3D('',#11211,#11212,#11213);
#11215=PLANE('34755',#11214);
#11216=ORIENTED_EDGE('48258',*,*,#11123,.F.);
#11217=ORIENTED_EDGE('34829',*,*,#7786,.T.);
#11219=ORIENTED_EDGE('48259',*,*,#11218,.T.);
#11221=ORIENTED_EDGE('48252',*,*,#11220,.F.);
#11222=EDGE_LOOP('34755',(#11216,#11217,#11219,#11221));
#11223=FACE_OUTER_BOUND('34755',#11222,.F.);
#11224=ADVANCED_FACE('34755',(#11223),#11215,.T.);
#11225=CARTESIAN_POINT('',(1.365E1,1.8E0,-8.E-1));
#11226=DIRECTION('',(1.E0,0.E0,0.E0));
#11227=DIRECTION('',(0.E0,-1.E0,0.E0));
#11228=AXIS2_PLACEMENT_3D('',#11225,#11226,#11227);
#11229=PLANE('34756',#11228);
#11230=ORIENTED_EDGE('48259',*,*,#11218,.F.);
#11231=ORIENTED_EDGE('34828',*,*,#7784,.F.);
#11233=ORIENTED_EDGE('48260',*,*,#11232,.T.);
#11235=ORIENTED_EDGE('48240',*,*,#11234,.F.);
#11236=EDGE_LOOP('34756',(#11230,#11231,#11233,#11235));
#11237=FACE_OUTER_BOUND('34756',#11236,.F.);
#11238=ADVANCED_FACE('34756',(#11237),#11229,.T.);
#11239=CARTESIAN_POINT('',(1.388195987570E1,1.175E0,-1.1E0));
#11240=DIRECTION('',(0.E0,0.E0,1.E0));
#11241=DIRECTION('',(-1.E0,0.E0,0.E0));
#11242=AXIS2_PLACEMENT_3D('',#11239,#11240,#11241);
#11243=PLANE('34757',#11242);
#11244=ORIENTED_EDGE('48260',*,*,#11232,.F.);
#11245=ORIENTED_EDGE('34827',*,*,#7782,.T.);
#11246=ORIENTED_EDGE('34835',*,*,#7803,.T.);
#11247=ORIENTED_EDGE('34802',*,*,#7817,.T.);
#11248=ORIENTED_EDGE('34890',*,*,#7854,.T.);
#11250=ORIENTED_EDGE('34889',*,*,#11249,.F.);
#11252=ORIENTED_EDGE('48250',*,*,#11251,.T.);
#11254=ORIENTED_EDGE('48253',*,*,#11253,.F.);
#11255=EDGE_LOOP('34757',(#11244,#11245,#11246,#11247,#11248,#11250,#11252,
#11254));
#11256=FACE_OUTER_BOUND('34757',#11255,.F.);
#11257=ADVANCED_FACE('34757',(#11256),#11243,.F.);
#11258=CARTESIAN_POINT('',(1.389753136094E1,5.5E-1,-1.15E0));
#11259=DIRECTION('',(0.E0,1.E0,0.E0));
#11260=DIRECTION('',(-1.E0,0.E0,0.E0));
#11261=AXIS2_PLACEMENT_3D('',#11258,#11259,#11260);
#11262=PLANE('34759',#11261);
#11263=ORIENTED_EDGE('40023',*,*,#7673,.T.);
#11265=ORIENTED_EDGE('40403',*,*,#11264,.F.);
#11266=ORIENTED_EDGE('34889',*,*,#11249,.T.);
#11267=ORIENTED_EDGE('40402',*,*,#7852,.T.);
#11268=EDGE_LOOP('34759',(#11263,#11265,#11266,#11267));
#11269=FACE_OUTER_BOUND('34759',#11268,.F.);
#11270=ADVANCED_FACE('34759',(#11269),#11262,.F.);
#11271=CARTESIAN_POINT('',(1.349506272187E1,5.064612448501E-1,-1.6E0));
#11272=DIRECTION('',(0.E0,1.E0,0.E0));
#11273=DIRECTION('',(0.E0,0.E0,1.E0));
#11274=AXIS2_PLACEMENT_3D('',#11271,#11272,#11273);
#11275=CYLINDRICAL_SURFACE('34760',#11274,5.E-1);
#11276=ORIENTED_EDGE('40024',*,*,#7671,.T.);
#11277=ORIENTED_EDGE('42235',*,*,#7324,.T.);
#11279=ORIENTED_EDGE('35013',*,*,#11278,.T.);
#11281=ORIENTED_EDGE('43663',*,*,#11280,.F.);
#11283=ORIENTED_EDGE('48244',*,*,#11282,.F.);
#11284=ORIENTED_EDGE('48250',*,*,#11251,.F.);
#11285=ORIENTED_EDGE('40403',*,*,#11264,.T.);
#11286=EDGE_LOOP('34760',(#11276,#11277,#11279,#11281,#11283,#11284,#11285));
#11287=FACE_OUTER_BOUND('34760',#11286,.F.);
#11288=ADVANCED_FACE('34760',(#11287),#11275,.F.);
#11289=CARTESIAN_POINT('',(1.394E1,8.5E-1,-2.275E0));
#11290=DIRECTION('',(0.E0,1.E0,0.E0));
#11291=DIRECTION('',(1.E0,0.E0,0.E0));
#11292=AXIS2_PLACEMENT_3D('',#11289,#11290,#11291);
#11293=PLANE('34524',#11292);
#11294=ORIENTED_EDGE('35013',*,*,#11278,.F.);
#11295=ORIENTED_EDGE('35239',*,*,#7322,.T.);
#11297=ORIENTED_EDGE('35250',*,*,#11296,.F.);
#11298=ORIENTED_EDGE('35014',*,*,#8587,.T.);
#11300=ORIENTED_EDGE('43658',*,*,#11299,.T.);
#11302=ORIENTED_EDGE('43657',*,*,#11301,.T.);
#11303=EDGE_LOOP('34524',(#11294,#11295,#11297,#11298,#11300,#11302));
#11304=FACE_OUTER_BOUND('34524',#11303,.F.);
#11305=ADVANCED_FACE('34524',(#11304),#11293,.F.);
#11306=CARTESIAN_POINT('',(1.43E1,6.749999999998E-1,-2.275E0));
#11307=DIRECTION('',(1.E0,0.E0,0.E0));
#11308=DIRECTION('',(0.E0,-1.E0,0.E0));
#11309=AXIS2_PLACEMENT_3D('',#11306,#11307,#11308);
#11310=PLANE('34526',#11309);
#11312=ORIENTED_EDGE('42099',*,*,#11311,.F.);
#11313=ORIENTED_EDGE('42247',*,*,#8589,.F.);
#11314=ORIENTED_EDGE('35250',*,*,#11296,.T.);
#11315=ORIENTED_EDGE('42291',*,*,#7320,.T.);
#11316=EDGE_LOOP('34526',(#11312,#11313,#11314,#11315));
#11317=FACE_OUTER_BOUND('34526',#11316,.F.);
#11318=ADVANCED_FACE('34526',(#11317),#11310,.F.);
#11319=CARTESIAN_POINT('',(1.394E1,8.E-1,-2.275E0));
#11320=DIRECTION('',(0.E0,1.E0,0.E0));
#11321=DIRECTION('',(1.E0,0.E0,0.E0));
#11322=AXIS2_PLACEMENT_3D('',#11319,#11320,#11321);
#11323=PLANE('24549',#11322);
#11324=ORIENTED_EDGE('40301',*,*,#7669,.F.);
#11326=ORIENTED_EDGE('43626',*,*,#11325,.T.);
#11328=ORIENTED_EDGE('43630',*,*,#11327,.T.);
#11329=ORIENTED_EDGE('43632',*,*,#7051,.F.);
#11330=ORIENTED_EDGE('40312',*,*,#8760,.T.);
#11331=ORIENTED_EDGE('42099',*,*,#11311,.T.);
#11332=ORIENTED_EDGE('42101',*,*,#7318,.F.);
#11333=EDGE_LOOP('24549',(#11324,#11326,#11328,#11329,#11330,#11331,#11332));
#11334=FACE_OUTER_BOUND('24549',#11333,.F.);
#11335=ADVANCED_FACE('24549',(#11334),#11323,.T.);
#11336=CARTESIAN_POINT('',(1.3655E1,1.3E0,-1.35E0));
#11337=DIRECTION('',(8.944271909999E-1,0.E0,4.472135955E-1));
#11338=DIRECTION('',(-4.472135955E-1,0.E0,8.944271909999E-1));
#11339=AXIS2_PLACEMENT_3D('',#11336,#11337,#11338);
#11340=PLANE('24552',#11339);
#11342=ORIENTED_EDGE('43622',*,*,#11341,.T.);
#11343=ORIENTED_EDGE('43626',*,*,#11325,.F.);
#11344=ORIENTED_EDGE('26154',*,*,#7667,.F.);
#11346=ORIENTED_EDGE('43624',*,*,#11345,.F.);
#11347=EDGE_LOOP('24552',(#11342,#11343,#11344,#11346));
#11348=FACE_OUTER_BOUND('24552',#11347,.F.);
#11349=ADVANCED_FACE('24552',(#11348),#11340,.T.);
#11350=CARTESIAN_POINT('',(1.365E1,1.8E0,-1.2E0));
#11351=DIRECTION('',(-1.E0,0.E0,0.E0));
#11352=DIRECTION('',(0.E0,-1.E0,0.E0));
#11353=AXIS2_PLACEMENT_3D('',#11350,#11351,#11352);
#11354=PLANE('43619',#11353);
#11355=ORIENTED_EDGE('43622',*,*,#11341,.F.);
#11357=ORIENTED_EDGE('43631',*,*,#11356,.T.);
#11358=ORIENTED_EDGE('43621',*,*,#7053,.T.);
#11359=ORIENTED_EDGE('43630',*,*,#11327,.F.);
#11360=EDGE_LOOP('43619',(#11355,#11357,#11358,#11359));
#11361=FACE_OUTER_BOUND('43619',#11360,.F.);
#11362=ADVANCED_FACE('43619',(#11361),#11354,.F.);
#11363=CARTESIAN_POINT('',(1.41275E1,1.8E0,-2.175E0));
#11364=DIRECTION('',(0.E0,1.E0,0.E0));
#11365=DIRECTION('',(-1.E0,0.E0,0.E0));
#11366=AXIS2_PLACEMENT_3D('',#11363,#11364,#11365);
#11367=PLANE('24480',#11366);
#11369=ORIENTED_EDGE('48163',*,*,#11368,.T.);
#11371=ORIENTED_EDGE('48183',*,*,#11370,.F.);
#11372=ORIENTED_EDGE('43633',*,*,#7055,.F.);
#11373=ORIENTED_EDGE('43631',*,*,#11356,.F.);
#11374=ORIENTED_EDGE('43624',*,*,#11345,.T.);
#11375=ORIENTED_EDGE('26155',*,*,#7665,.F.);
#11377=ORIENTED_EDGE('26349',*,*,#11376,.T.);
#11379=ORIENTED_EDGE('26348',*,*,#11378,.T.);
#11381=ORIENTED_EDGE('48184',*,*,#11380,.F.);
#11382=EDGE_LOOP('24480',(#11369,#11371,#11372,#11373,#11374,#11375,#11377,
#11379,#11381));
#11383=FACE_OUTER_BOUND('24480',#11382,.F.);
#11384=ADVANCED_FACE('24480',(#11383),#11367,.F.);
#11385=CARTESIAN_POINT('',(1.4675E1,0.E0,0.E0));
#11386=DIRECTION('',(-1.E0,0.E0,0.E0));
#11387=DIRECTION('',(0.E0,-1.E0,0.E0));
#11388=AXIS2_PLACEMENT_3D('',#11385,#11386,#11387);
#11389=PLANE('47173',#11388);
#11390=ORIENTED_EDGE('48163',*,*,#11368,.F.);
#11392=ORIENTED_EDGE('48194',*,*,#11391,.F.);
#11394=ORIENTED_EDGE('48193',*,*,#11393,.F.);
#11395=EDGE_LOOP('47173',(#11390,#11392,#11394));
#11396=FACE_OUTER_BOUND('47173',#11395,.F.);
#11397=ADVANCED_FACE('47173',(#11396),#11389,.T.);
#11398=CARTESIAN_POINT('',(1.4675E1,0.E0,0.E0));
#11399=DIRECTION('',(-1.E0,0.E0,0.E0));
#11400=DIRECTION('',(0.E0,-1.E0,0.E0));
#11401=AXIS2_PLACEMENT_3D('',#11398,#11399,#11400);
#11402=PLANE('47173',#11401);
#11404=ORIENTED_EDGE('48171',*,*,#11403,.F.);
#11406=ORIENTED_EDGE('48173',*,*,#11405,.T.);
#11408=ORIENTED_EDGE('48195',*,*,#11407,.F.);
#11409=EDGE_LOOP('47173',(#11404,#11406,#11408));
#11410=FACE_OUTER_BOUND('47173',#11409,.F.);
#11411=ADVANCED_FACE('47173',(#11410),#11402,.T.);
#11412=CARTESIAN_POINT('',(1.4925E1,1.4E0,-1.55E0));
#11413=DIRECTION('',(0.E0,-6.097107608513E-1,7.926239891033E-1));
#11414=DIRECTION('',(0.E0,7.926239891033E-1,6.097107608513E-1));
#11415=AXIS2_PLACEMENT_3D('',#11412,#11413,#11414);
#11416=PLANE('47175',#11415);
#11418=ORIENTED_EDGE('48165',*,*,#11417,.T.);
#11419=ORIENTED_EDGE('48195',*,*,#11407,.T.);
#11421=ORIENTED_EDGE('48166',*,*,#11420,.T.);
#11423=ORIENTED_EDGE('48170',*,*,#11422,.F.);
#11425=ORIENTED_EDGE('48169',*,*,#11424,.F.);
#11427=ORIENTED_EDGE('48192',*,*,#11426,.F.);
#11429=ORIENTED_EDGE('48168',*,*,#11428,.F.);
#11431=ORIENTED_EDGE('48191',*,*,#11430,.F.);
#11433=ORIENTED_EDGE('48161',*,*,#11432,.T.);
#11434=ORIENTED_EDGE('48194',*,*,#11391,.T.);
#11435=EDGE_LOOP('47175',(#11418,#11419,#11421,#11423,#11425,#11427,#11429,
#11431,#11433,#11434));
#11436=FACE_OUTER_BOUND('47175',#11435,.F.);
#11437=ADVANCED_FACE('47175',(#11436),#11416,.T.);
#11438=CARTESIAN_POINT('',(1.4675E1,1.995615271410E0,-2.425E0));
#11439=DIRECTION('',(1.E0,0.E0,0.E0));
#11440=DIRECTION('',(0.E0,-1.E0,0.E0));
#11441=AXIS2_PLACEMENT_3D('',#11438,#11439,#11440);
#11442=PLANE('24585',#11441);
#11444=ORIENTED_EDGE('48164',*,*,#11443,.T.);
#11446=ORIENTED_EDGE('48187',*,*,#11445,.F.);
#11447=ORIENTED_EDGE('29012',*,*,#7988,.T.);
#11449=ORIENTED_EDGE('26885',*,*,#11448,.T.);
#11450=ORIENTED_EDGE('26191',*,*,#7057,.F.);
#11451=ORIENTED_EDGE('48183',*,*,#11370,.T.);
#11452=EDGE_LOOP('24585',(#11444,#11446,#11447,#11449,#11450,#11451));
#11453=FACE_OUTER_BOUND('24585',#11452,.F.);
#11454=ADVANCED_FACE('24585',(#11453),#11442,.T.);
#11455=CARTESIAN_POINT('',(1.4675E1,1.995615271410E0,-2.425E0));
#11456=DIRECTION('',(1.E0,0.E0,0.E0));
#11457=DIRECTION('',(0.E0,-1.E0,0.E0));
#11458=AXIS2_PLACEMENT_3D('',#11455,#11456,#11457);
#11459=PLANE('24585',#11458);
#11460=ORIENTED_EDGE('48165',*,*,#11417,.F.);
#11461=ORIENTED_EDGE('48184',*,*,#11380,.T.);
#11463=ORIENTED_EDGE('48177',*,*,#11462,.T.);
#11464=EDGE_LOOP('24585',(#11460,#11461,#11463));
#11465=FACE_OUTER_BOUND('24585',#11464,.F.);
#11466=ADVANCED_FACE('24585',(#11465),#11459,.T.);
#11467=CARTESIAN_POINT('',(1.4675E1,1.995615271410E0,-2.425E0));
#11468=DIRECTION('',(1.E0,0.E0,0.E0));
#11469=DIRECTION('',(0.E0,-1.E0,0.E0));
#11470=AXIS2_PLACEMENT_3D('',#11467,#11468,#11469);
#11471=PLANE('24585',#11470);
#11472=ORIENTED_EDGE('48166',*,*,#11420,.F.);
#11474=ORIENTED_EDGE('48176',*,*,#11473,.T.);
#11475=ORIENTED_EDGE('26882',*,*,#6913,.F.);
#11477=ORIENTED_EDGE('48181',*,*,#11476,.T.);
#11478=EDGE_LOOP('24585',(#11472,#11474,#11475,#11477));
#11479=FACE_OUTER_BOUND('24585',#11478,.F.);
#11480=ADVANCED_FACE('24585',(#11479),#11471,.T.);
#11481=CARTESIAN_POINT('',(1.4925E1,2.31E0,-2.544682190127E0));
#11482=DIRECTION('',(0.E0,-7.378158985020E-1,-6.750019999360E-1));
#11483=DIRECTION('',(0.E0,-6.750019999360E-1,7.378158985020E-1));
#11484=AXIS2_PLACEMENT_3D('',#11481,#11482,#11483);
#11485=PLANE('47174',#11484);
#11486=ORIENTED_EDGE('48164',*,*,#11443,.F.);
#11487=ORIENTED_EDGE('48193',*,*,#11393,.T.);
#11488=ORIENTED_EDGE('48161',*,*,#11432,.F.);
#11490=ORIENTED_EDGE('48190',*,*,#11489,.F.);
#11492=ORIENTED_EDGE('48167',*,*,#11491,.T.);
#11494=ORIENTED_EDGE('48175',*,*,#11493,.F.);
#11495=EDGE_LOOP('47174',(#11486,#11487,#11488,#11490,#11492,#11494));
#11496=FACE_OUTER_BOUND('47174',#11495,.F.);
#11497=ADVANCED_FACE('47174',(#11496),#11485,.T.);
#11498=CARTESIAN_POINT('',(1.4925E1,0.E0,0.E0));
#11499=DIRECTION('',(-1.E0,0.E0,0.E0));
#11500=DIRECTION('',(0.E0,-1.E0,0.E0));
#11501=AXIS2_PLACEMENT_3D('',#11498,#11499,#11500);
#11502=PLANE('47172',#11501);
#11504=ORIENTED_EDGE('48162',*,*,#11503,.T.);
#11505=ORIENTED_EDGE('48190',*,*,#11489,.T.);
#11506=ORIENTED_EDGE('48191',*,*,#11430,.T.);
#11507=EDGE_LOOP('47172',(#11504,#11505,#11506));
#11508=FACE_OUTER_BOUND('47172',#11507,.F.);
#11509=ADVANCED_FACE('47172',(#11508),#11502,.F.);
#11510=CARTESIAN_POINT('',(1.4925E1,0.E0,0.E0));
#11511=DIRECTION('',(-1.E0,0.E0,0.E0));
#11512=DIRECTION('',(0.E0,-1.E0,0.E0));
#11513=AXIS2_PLACEMENT_3D('',#11510,#11511,#11512);
#11514=PLANE('47172',#11513);
#11516=ORIENTED_EDGE('48172',*,*,#11515,.T.);
#11517=ORIENTED_EDGE('48192',*,*,#11426,.T.);
#11519=ORIENTED_EDGE('48174',*,*,#11518,.F.);
#11520=EDGE_LOOP('47172',(#11516,#11517,#11519));
#11521=FACE_OUTER_BOUND('47172',#11520,.F.);
#11522=ADVANCED_FACE('47172',(#11521),#11514,.F.);
#11523=CARTESIAN_POINT('',(1.53E1,1.8E0,-2.175E0));
#11524=DIRECTION('',(0.E0,1.E0,0.E0));
#11525=DIRECTION('',(-1.E0,0.E0,0.E0));
#11526=AXIS2_PLACEMENT_3D('',#11523,#11524,#11525);
#11527=PLANE('24451',#11526);
#11528=ORIENTED_EDGE('48162',*,*,#11503,.F.);
#11530=ORIENTED_EDGE('48185',*,*,#11529,.F.);
#11532=ORIENTED_EDGE('26317',*,*,#11531,.T.);
#11534=ORIENTED_EDGE('48149',*,*,#11533,.F.);
#11536=ORIENTED_EDGE('48128',*,*,#11535,.T.);
#11538=ORIENTED_EDGE('48148',*,*,#11537,.F.);
#11539=ORIENTED_EDGE('26194',*,*,#7063,.F.);
#11541=ORIENTED_EDGE('48186',*,*,#11540,.F.);
#11542=EDGE_LOOP('24451',(#11528,#11530,#11532,#11534,#11536,#11538,#11539,
#11541));
#11543=FACE_OUTER_BOUND('24451',#11542,.F.);
#11544=ADVANCED_FACE('24451',(#11543),#11527,.F.);
#11545=CARTESIAN_POINT('',(1.4925E1,1.995615271410E0,-2.425E0));
#11546=DIRECTION('',(1.E0,0.E0,0.E0));
#11547=DIRECTION('',(0.E0,-1.E0,0.E0));
#11548=AXIS2_PLACEMENT_3D('',#11545,#11546,#11547);
#11549=PLANE('24586',#11548);
#11550=ORIENTED_EDGE('48167',*,*,#11491,.F.);
#11551=ORIENTED_EDGE('48186',*,*,#11540,.T.);
#11552=ORIENTED_EDGE('26193',*,*,#7061,.T.);
#11554=ORIENTED_EDGE('26889',*,*,#11553,.T.);
#11555=ORIENTED_EDGE('29015',*,*,#7984,.T.);
#11557=ORIENTED_EDGE('48188',*,*,#11556,.F.);
#11558=EDGE_LOOP('24586',(#11550,#11551,#11552,#11554,#11555,#11557));
#11559=FACE_OUTER_BOUND('24586',#11558,.F.);
#11560=ADVANCED_FACE('24586',(#11559),#11549,.F.);
#11561=CARTESIAN_POINT('',(1.4925E1,1.995615271410E0,-2.425E0));
#11562=DIRECTION('',(1.E0,0.E0,0.E0));
#11563=DIRECTION('',(0.E0,-1.E0,0.E0));
#11564=AXIS2_PLACEMENT_3D('',#11561,#11562,#11563);
#11565=PLANE('24586',#11564);
#11566=ORIENTED_EDGE('48168',*,*,#11428,.T.);
#11568=ORIENTED_EDGE('48179',*,*,#11567,.T.);
#11569=ORIENTED_EDGE('48185',*,*,#11529,.T.);
#11570=EDGE_LOOP('24586',(#11566,#11568,#11569));
#11571=FACE_OUTER_BOUND('24586',#11570,.F.);
#11572=ADVANCED_FACE('24586',(#11571),#11565,.F.);
#11573=CARTESIAN_POINT('',(1.4925E1,1.995615271410E0,-2.425E0));
#11574=DIRECTION('',(1.E0,0.E0,0.E0));
#11575=DIRECTION('',(0.E0,-1.E0,0.E0));
#11576=AXIS2_PLACEMENT_3D('',#11573,#11574,#11575);
#11577=PLANE('24586',#11576);
#11578=ORIENTED_EDGE('48169',*,*,#11424,.T.);
#11580=ORIENTED_EDGE('48182',*,*,#11579,.T.);
#11581=ORIENTED_EDGE('26886',*,*,#6909,.F.);
#11583=ORIENTED_EDGE('48178',*,*,#11582,.T.);
#11584=EDGE_LOOP('24586',(#11578,#11580,#11581,#11583));
#11585=FACE_OUTER_BOUND('24586',#11584,.F.);
#11586=ADVANCED_FACE('24586',(#11585),#11577,.F.);
#11587=CARTESIAN_POINT('',(1.48E1,1.681230542820E0,-4.1E0));
#11588=DIRECTION('',(0.E0,1.E0,0.E0));
#11589=DIRECTION('',(-1.E0,0.E0,0.E0));
#11590=AXIS2_PLACEMENT_3D('',#11587,#11588,#11589);
#11591=PLANE('24592',#11590);
#11592=ORIENTED_EDGE('26892',*,*,#7986,.F.);
#11593=ORIENTED_EDGE('26889',*,*,#11553,.F.);
#11594=ORIENTED_EDGE('26192',*,*,#7059,.F.);
#11595=ORIENTED_EDGE('26885',*,*,#11448,.F.);
#11596=EDGE_LOOP('24592',(#11592,#11593,#11594,#11595));
#11597=FACE_OUTER_BOUND('24592',#11596,.F.);
#11598=ADVANCED_FACE('24592',(#11597),#11591,.T.);
#11599=CARTESIAN_POINT('',(1.48E1,1.91E0,-3.689999999997E0));
#11600=DIRECTION('',(0.E0,1.E0,0.E0));
#11601=DIRECTION('',(0.E0,0.E0,1.E0));
#11602=AXIS2_PLACEMENT_3D('',#11599,#11600,#11601);
#11603=PLANE('25414',#11602);
#11604=ORIENTED_EDGE('48175',*,*,#11493,.T.);
#11605=ORIENTED_EDGE('48188',*,*,#11556,.T.);
#11607=ORIENTED_EDGE('28992',*,*,#11606,.T.);
#11609=ORIENTED_EDGE('25786',*,*,#11608,.F.);
#11611=ORIENTED_EDGE('29001',*,*,#11610,.F.);
#11612=ORIENTED_EDGE('48187',*,*,#11445,.T.);
#11613=EDGE_LOOP('25414',(#11604,#11605,#11607,#11609,#11611,#11612));
#11614=FACE_OUTER_BOUND('25414',#11613,.F.);
#11615=ADVANCED_FACE('25414',(#11614),#11603,.F.);
#11616=CARTESIAN_POINT('',(1.4925E1,1.65E0,-3.674999999998E0));
#11617=DIRECTION('',(1.E0,0.E0,0.E0));
#11618=DIRECTION('',(0.E0,-1.E0,0.E0));
#11619=AXIS2_PLACEMENT_3D('',#11616,#11617,#11618);
#11620=PLANE('25406',#11619);
#11621=ORIENTED_EDGE('28981',*,*,#7994,.F.);
#11623=ORIENTED_EDGE('28989',*,*,#11622,.T.);
#11625=ORIENTED_EDGE('25773',*,*,#11624,.F.);
#11627=ORIENTED_EDGE('25772',*,*,#11626,.T.);
#11629=ORIENTED_EDGE('25771',*,*,#11628,.F.);
#11631=ORIENTED_EDGE('25770',*,*,#11630,.T.);
#11633=ORIENTED_EDGE('25775',*,*,#11632,.F.);
#11635=ORIENTED_EDGE('28996',*,*,#11634,.F.);
#11636=ORIENTED_EDGE('28982',*,*,#7998,.F.);
#11638=ORIENTED_EDGE('28993',*,*,#11637,.F.);
#11640=ORIENTED_EDGE('25774',*,*,#11639,.F.);
#11641=ORIENTED_EDGE('28992',*,*,#11606,.F.);
#11642=EDGE_LOOP('25406',(#11621,#11623,#11625,#11627,#11629,#11631,#11633,
#11635,#11636,#11638,#11640,#11641));
#11643=FACE_OUTER_BOUND('25406',#11642,.F.);
#11644=ADVANCED_FACE('25406',(#11643),#11620,.T.);
#11645=CARTESIAN_POINT('',(1.4925E1,1.65E0,-3.674999999998E0));
#11646=DIRECTION('',(1.E0,0.E0,0.E0));
#11647=DIRECTION('',(0.E0,-1.E0,0.E0));
#11648=AXIS2_PLACEMENT_3D('',#11645,#11646,#11647);
#11649=PLANE('25406',#11648);
#11650=ORIENTED_EDGE('40197',*,*,#8601,.F.);
#11652=ORIENTED_EDGE('40387',*,*,#11651,.F.);
#11653=ORIENTED_EDGE('28968',*,*,#7041,.T.);
#11655=ORIENTED_EDGE('28974',*,*,#11654,.F.);
#11656=ORIENTED_EDGE('28965',*,*,#7171,.T.);
#11658=ORIENTED_EDGE('41685',*,*,#11657,.F.);
#11659=ORIENTED_EDGE('41594',*,*,#8694,.F.);
#11661=ORIENTED_EDGE('41462',*,*,#11660,.T.);
#11662=EDGE_LOOP('25406',(#11650,#11652,#11653,#11655,#11656,#11658,#11659,
#11661));
#11663=FACE_OUTER_BOUND('25406',#11662,.F.);
#11664=ADVANCED_FACE('25406',(#11663),#11649,.T.);
#11665=CARTESIAN_POINT('',(1.48E1,2.31E0,-3.449999999997E0));
#11666=DIRECTION('',(0.E0,1.E0,0.E0));
#11667=DIRECTION('',(0.E0,0.E0,-1.E0));
#11668=AXIS2_PLACEMENT_3D('',#11665,#11666,#11667);
#11669=PLANE('25411',#11668);
#11670=ORIENTED_EDGE('28985',*,*,#7992,.T.);
#11672=ORIENTED_EDGE('28997',*,*,#11671,.T.);
#11674=ORIENTED_EDGE('25783',*,*,#11673,.T.);
#11675=ORIENTED_EDGE('28989',*,*,#11622,.F.);
#11676=EDGE_LOOP('25411',(#11670,#11672,#11674,#11675));
#11677=FACE_OUTER_BOUND('25411',#11676,.F.);
#11678=ADVANCED_FACE('25411',(#11677),#11669,.T.);
#11679=CARTESIAN_POINT('',(1.4675E1,1.65E0,-3.674999999998E0));
#11680=DIRECTION('',(1.E0,0.E0,0.E0));
#11681=DIRECTION('',(0.E0,-1.E0,0.E0));
#11682=AXIS2_PLACEMENT_3D('',#11679,#11680,#11681);
#11683=PLANE('25420',#11682);
#11684=ORIENTED_EDGE('28986',*,*,#7990,.T.);
#11685=ORIENTED_EDGE('29001',*,*,#11610,.T.);
#11687=ORIENTED_EDGE('25788',*,*,#11686,.T.);
#11689=ORIENTED_EDGE('29002',*,*,#11688,.T.);
#11690=ORIENTED_EDGE('28987',*,*,#8002,.T.);
#11692=ORIENTED_EDGE('29005',*,*,#11691,.T.);
#11694=ORIENTED_EDGE('25791',*,*,#11693,.T.);
#11696=ORIENTED_EDGE('25777',*,*,#11695,.F.);
#11698=ORIENTED_EDGE('25780',*,*,#11697,.T.);
#11700=ORIENTED_EDGE('25782',*,*,#11699,.F.);
#11702=ORIENTED_EDGE('25784',*,*,#11701,.T.);
#11703=ORIENTED_EDGE('28997',*,*,#11671,.F.);
#11704=EDGE_LOOP('25420',(#11684,#11685,#11687,#11689,#11690,#11692,#11694,
#11696,#11698,#11700,#11702,#11703));
#11705=FACE_OUTER_BOUND('25420',#11704,.F.);
#11706=ADVANCED_FACE('25420',(#11705),#11683,.F.);
#11707=CARTESIAN_POINT('',(1.4675E1,1.65E0,-3.674999999998E0));
#11708=DIRECTION('',(1.E0,0.E0,0.E0));
#11709=DIRECTION('',(0.E0,-1.E0,0.E0));
#11710=AXIS2_PLACEMENT_3D('',#11707,#11708,#11709);
#11711=PLANE('25420',#11710);
#11712=ORIENTED_EDGE('40199',*,*,#8593,.T.);
#11714=ORIENTED_EDGE('41466',*,*,#11713,.F.);
#11715=ORIENTED_EDGE('41595',*,*,#8649,.T.);
#11717=ORIENTED_EDGE('41686',*,*,#11716,.T.);
#11718=ORIENTED_EDGE('28967',*,*,#7167,.F.);
#11720=ORIENTED_EDGE('28973',*,*,#11719,.T.);
#11721=ORIENTED_EDGE('28970',*,*,#7045,.F.);
#11723=ORIENTED_EDGE('40388',*,*,#11722,.T.);
#11724=EDGE_LOOP('25420',(#11712,#11714,#11715,#11717,#11718,#11720,#11721,
#11723));
#11725=FACE_OUTER_BOUND('25420',#11724,.F.);
#11726=ADVANCED_FACE('25420',(#11725),#11711,.F.);
#11727=CARTESIAN_POINT('',(1.48E1,1.46E0,-4.999999999997E0));
#11728=DIRECTION('',(0.E0,0.E0,1.E0));
#11729=DIRECTION('',(0.E0,1.E0,0.E0));
#11730=AXIS2_PLACEMENT_3D('',#11727,#11728,#11729);
#11731=PLANE('25415',#11730);
#11732=ORIENTED_EDGE('25774',*,*,#11639,.T.);
#11734=ORIENTED_EDGE('25787',*,*,#11733,.F.);
#11735=ORIENTED_EDGE('25788',*,*,#11686,.F.);
#11736=ORIENTED_EDGE('25786',*,*,#11608,.T.);
#11737=EDGE_LOOP('25415',(#11732,#11734,#11735,#11736));
#11738=FACE_OUTER_BOUND('25415',#11737,.F.);
#11739=ADVANCED_FACE('25415',(#11738),#11731,.T.);
#11740=CARTESIAN_POINT('',(1.48E1,1.01E0,-3.224999999997E0));
#11741=DIRECTION('',(0.E0,1.E0,0.E0));
#11742=DIRECTION('',(0.E0,0.E0,-1.E0));
#11743=AXIS2_PLACEMENT_3D('',#11740,#11741,#11742);
#11744=PLANE('25416',#11743);
#11745=ORIENTED_EDGE('28984',*,*,#8004,.T.);
#11746=ORIENTED_EDGE('29002',*,*,#11688,.F.);
#11747=ORIENTED_EDGE('25787',*,*,#11733,.T.);
#11748=ORIENTED_EDGE('28993',*,*,#11637,.T.);
#11749=EDGE_LOOP('25416',(#11745,#11746,#11747,#11748));
#11750=FACE_OUTER_BOUND('25416',#11749,.F.);
#11751=ADVANCED_FACE('25416',(#11750),#11744,.T.);
#11752=CARTESIAN_POINT('',(1.48E1,1.01E0,-3.224999999997E0));
#11753=DIRECTION('',(0.E0,1.E0,0.E0));
#11754=DIRECTION('',(0.E0,0.E0,-1.E0));
#11755=AXIS2_PLACEMENT_3D('',#11752,#11753,#11754);
#11756=PLANE('25416',#11755);
#11757=ORIENTED_EDGE('40387',*,*,#11651,.T.);
#11759=ORIENTED_EDGE('42161',*,*,#11758,.F.);
#11761=ORIENTED_EDGE('42162',*,*,#11760,.T.);
#11763=ORIENTED_EDGE('42163',*,*,#11762,.T.);
#11764=ORIENTED_EDGE('40388',*,*,#11722,.F.);
#11765=ORIENTED_EDGE('28969',*,*,#7043,.F.);
#11766=EDGE_LOOP('25416',(#11757,#11759,#11761,#11763,#11764,#11765));
#11767=FACE_OUTER_BOUND('25416',#11766,.F.);
#11768=ADVANCED_FACE('25416',(#11767),#11756,.T.);
#11769=CARTESIAN_POINT('',(1.4925E1,1.7E0,-3.674999999998E0));
#11770=DIRECTION('',(1.E0,0.E0,0.E0));
#11771=DIRECTION('',(0.E0,-1.E0,0.E0));
#11772=AXIS2_PLACEMENT_3D('',#11769,#11770,#11771);
#11773=PLANE('34703',#11772);
#11774=ORIENTED_EDGE('42161',*,*,#11758,.T.);
#11775=ORIENTED_EDGE('42288',*,*,#8599,.F.);
#11777=ORIENTED_EDGE('35520',*,*,#11776,.T.);
#11779=ORIENTED_EDGE('42313',*,*,#11778,.T.);
#11780=EDGE_LOOP('34703',(#11774,#11775,#11777,#11779));
#11781=FACE_OUTER_BOUND('34703',#11780,.F.);
#11782=ADVANCED_FACE('34703',(#11781),#11773,.F.);
#11783=CARTESIAN_POINT('',(1.48E1,1.06E0,-3.224999999997E0));
#11784=DIRECTION('',(0.E0,1.E0,0.E0));
#11785=DIRECTION('',(0.E0,0.E0,-1.E0));
#11786=AXIS2_PLACEMENT_3D('',#11783,#11784,#11785);
#11787=PLANE('34704',#11786);
#11788=ORIENTED_EDGE('35196',*,*,#8597,.T.);
#11790=ORIENTED_EDGE('35522',*,*,#11789,.T.);
#11792=ORIENTED_EDGE('34777',*,*,#11791,.T.);
#11793=ORIENTED_EDGE('35520',*,*,#11776,.F.);
#11794=EDGE_LOOP('34704',(#11788,#11790,#11792,#11793));
#11795=FACE_OUTER_BOUND('34704',#11794,.F.);
#11796=ADVANCED_FACE('34704',(#11795),#11787,.F.);
#11797=CARTESIAN_POINT('',(1.4675E1,1.7E0,-3.674999999998E0));
#11798=DIRECTION('',(1.E0,0.E0,0.E0));
#11799=DIRECTION('',(0.E0,-1.E0,0.E0));
#11800=AXIS2_PLACEMENT_3D('',#11797,#11798,#11799);
#11801=PLANE('34706',#11800);
#11802=ORIENTED_EDGE('42163',*,*,#11762,.F.);
#11804=ORIENTED_EDGE('42314',*,*,#11803,.F.);
#11805=ORIENTED_EDGE('35522',*,*,#11789,.F.);
#11806=ORIENTED_EDGE('42289',*,*,#8595,.T.);
#11807=EDGE_LOOP('34706',(#11802,#11804,#11805,#11806));
#11808=FACE_OUTER_BOUND('34706',#11807,.F.);
#11809=ADVANCED_FACE('34706',(#11808),#11801,.T.);
#11810=CARTESIAN_POINT('',(1.48E1,8.55E-1,-1.449999999997E0));
#11811=DIRECTION('',(0.E0,0.E0,1.E0));
#11812=DIRECTION('',(0.E0,1.E0,0.E0));
#11813=AXIS2_PLACEMENT_3D('',#11810,#11811,#11812);
#11814=PLANE('34705',#11813);
#11815=ORIENTED_EDGE('42162',*,*,#11760,.F.);
#11816=ORIENTED_EDGE('42313',*,*,#11778,.F.);
#11817=ORIENTED_EDGE('34777',*,*,#11791,.F.);
#11818=ORIENTED_EDGE('42314',*,*,#11803,.T.);
#11819=EDGE_LOOP('34705',(#11815,#11816,#11817,#11818));
#11820=FACE_OUTER_BOUND('34705',#11819,.F.);
#11821=ADVANCED_FACE('34705',(#11820),#11814,.F.);
#11822=CARTESIAN_POINT('',(1.48E1,6.E-1,-3.624999999997E0));
#11823=DIRECTION('',(0.E0,1.E0,0.E0));
#11824=DIRECTION('',(0.E0,0.E0,1.E0));
#11825=AXIS2_PLACEMENT_3D('',#11822,#11823,#11824);
#11826=PLANE('25418',#11825);
#11827=ORIENTED_EDGE('28983',*,*,#8000,.T.);
#11828=ORIENTED_EDGE('28996',*,*,#11634,.T.);
#11830=ORIENTED_EDGE('25790',*,*,#11829,.F.);
#11831=ORIENTED_EDGE('29005',*,*,#11691,.F.);
#11832=EDGE_LOOP('25418',(#11827,#11828,#11830,#11831));
#11833=FACE_OUTER_BOUND('25418',#11832,.F.);
#11834=ADVANCED_FACE('25418',(#11833),#11826,.F.);
#11835=CARTESIAN_POINT('',(1.48E1,1.45E0,-5.799999999997E0));
#11836=DIRECTION('',(0.E0,0.E0,1.E0));
#11837=DIRECTION('',(0.E0,-1.E0,0.E0));
#11838=AXIS2_PLACEMENT_3D('',#11835,#11836,#11837);
#11839=PLANE('25419',#11838);
#11840=ORIENTED_EDGE('25775',*,*,#11632,.T.);
#11842=ORIENTED_EDGE('25778',*,*,#11841,.T.);
#11843=ORIENTED_EDGE('25791',*,*,#11693,.F.);
#11844=ORIENTED_EDGE('25790',*,*,#11829,.T.);
#11845=EDGE_LOOP('25419',(#11840,#11842,#11843,#11844));
#11846=FACE_OUTER_BOUND('25419',#11845,.F.);
#11847=ADVANCED_FACE('25419',(#11846),#11839,.F.);
#11848=CARTESIAN_POINT('',(1.48E1,2.35E0,-6.149999999999E0));
#11849=DIRECTION('',(0.E0,9.899494936612E-1,1.414213562367E-1));
#11850=DIRECTION('',(0.E0,-1.414213562367E-1,9.899494936612E-1));
#11851=AXIS2_PLACEMENT_3D('',#11848,#11849,#11850);
#11852=PLANE('25407',#11851);
#11853=ORIENTED_EDGE('25770',*,*,#11630,.F.);
#11855=ORIENTED_EDGE('25776',*,*,#11854,.F.);
#11856=ORIENTED_EDGE('25777',*,*,#11695,.T.);
#11857=ORIENTED_EDGE('25778',*,*,#11841,.F.);
#11858=EDGE_LOOP('25407',(#11853,#11855,#11856,#11857));
#11859=FACE_OUTER_BOUND('25407',#11858,.F.);
#11860=ADVANCED_FACE('25407',(#11859),#11852,.F.);
#11861=CARTESIAN_POINT('',(1.48E1,2.55E0,-6.5E0));
#11862=DIRECTION('',(0.E0,0.E0,1.E0));
#11863=DIRECTION('',(0.E0,-1.E0,0.E0));
#11864=AXIS2_PLACEMENT_3D('',#11861,#11862,#11863);
#11865=PLANE('25408',#11864);
#11866=ORIENTED_EDGE('25771',*,*,#11628,.T.);
#11868=ORIENTED_EDGE('25779',*,*,#11867,.F.);
#11869=ORIENTED_EDGE('25780',*,*,#11697,.F.);
#11870=ORIENTED_EDGE('25776',*,*,#11854,.T.);
#11871=EDGE_LOOP('25408',(#11866,#11868,#11869,#11870));
#11872=FACE_OUTER_BOUND('25408',#11871,.F.);
#11873=ADVANCED_FACE('25408',(#11872),#11865,.F.);
#11874=CARTESIAN_POINT('',(1.48E1,2.625E0,-5.974999999999E0));
#11875=DIRECTION('',(0.E0,9.899494936612E-1,1.414213562369E-1));
#11876=DIRECTION('',(0.E0,1.414213562369E-1,-9.899494936612E-1));
#11877=AXIS2_PLACEMENT_3D('',#11874,#11875,#11876);
#11878=PLANE('25409',#11877);
#11879=ORIENTED_EDGE('25772',*,*,#11626,.F.);
#11881=ORIENTED_EDGE('25781',*,*,#11880,.F.);
#11882=ORIENTED_EDGE('25782',*,*,#11699,.T.);
#11883=ORIENTED_EDGE('25779',*,*,#11867,.T.);
#11884=EDGE_LOOP('25409',(#11879,#11881,#11882,#11883));
#11885=FACE_OUTER_BOUND('25409',#11884,.F.);
#11886=ADVANCED_FACE('25409',(#11885),#11878,.T.);
#11887=CARTESIAN_POINT('',(1.48E1,2.43E0,-5.449999999997E0));
#11888=DIRECTION('',(0.E0,0.E0,1.E0));
#11889=DIRECTION('',(0.E0,1.E0,0.E0));
#11890=AXIS2_PLACEMENT_3D('',#11887,#11888,#11889);
#11891=PLANE('25410',#11890);
#11892=ORIENTED_EDGE('25773',*,*,#11624,.T.);
#11893=ORIENTED_EDGE('25783',*,*,#11673,.F.);
#11894=ORIENTED_EDGE('25784',*,*,#11701,.F.);
#11895=ORIENTED_EDGE('25781',*,*,#11880,.T.);
#11896=EDGE_LOOP('25410',(#11892,#11893,#11894,#11895));
#11897=FACE_OUTER_BOUND('25410',#11896,.F.);
#11898=ADVANCED_FACE('25410',(#11897),#11891,.T.);
#11899=CARTESIAN_POINT('',(1.44875E1,8.E-1,-2.425E0));
#11900=DIRECTION('',(0.E0,1.E0,0.E0));
#11901=DIRECTION('',(1.E0,0.E0,0.E0));
#11902=AXIS2_PLACEMENT_3D('',#11899,#11900,#11901);
#11903=PLANE('34527',#11902);
#11904=ORIENTED_EDGE('41466',*,*,#11713,.T.);
#11905=ORIENTED_EDGE('42248',*,*,#8591,.F.);
#11906=ORIENTED_EDGE('42103',*,*,#8758,.F.);
#11907=ORIENTED_EDGE('41700',*,*,#8651,.T.);
#11908=EDGE_LOOP('34527',(#11904,#11905,#11906,#11907));
#11909=FACE_OUTER_BOUND('34527',#11908,.F.);
#11910=ADVANCED_FACE('34527',(#11909),#11903,.F.);
#11911=CARTESIAN_POINT('',(1.48E1,8.05E-1,-1.449999999997E0));
#11912=DIRECTION('',(0.E0,0.E0,1.E0));
#11913=DIRECTION('',(0.E0,1.E0,0.E0));
#11914=AXIS2_PLACEMENT_3D('',#11911,#11912,#11913);
#11915=PLANE('25417',#11914);
#11916=ORIENTED_EDGE('41685',*,*,#11657,.T.);
#11917=ORIENTED_EDGE('28966',*,*,#7169,.T.);
#11918=ORIENTED_EDGE('41686',*,*,#11716,.F.);
#11919=ORIENTED_EDGE('42164',*,*,#8806,.F.);
#11920=EDGE_LOOP('25417',(#11916,#11917,#11918,#11919));
#11921=FACE_OUTER_BOUND('25417',#11920,.F.);
#11922=ADVANCED_FACE('25417',(#11921),#11915,.T.);
#11923=CARTESIAN_POINT('',(1.44875E1,7.5E-1,-2.425E0));
#11924=DIRECTION('',(0.E0,1.E0,0.E0));
#11925=DIRECTION('',(1.E0,0.E0,0.E0));
#11926=AXIS2_PLACEMENT_3D('',#11923,#11924,#11925);
#11927=PLANE('24554',#11926);
#11928=ORIENTED_EDGE('28973',*,*,#11719,.F.);
#11929=ORIENTED_EDGE('29006',*,*,#7165,.F.);
#11930=ORIENTED_EDGE('26880',*,*,#8763,.F.);
#11931=ORIENTED_EDGE('29007',*,*,#7047,.F.);
#11932=EDGE_LOOP('24554',(#11928,#11929,#11930,#11931));
#11933=FACE_OUTER_BOUND('24554',#11932,.F.);
#11934=ADVANCED_FACE('24554',(#11933),#11927,.T.);
#11935=CARTESIAN_POINT('',(1.53E1,7.5E-1,-2.425E0));
#11936=DIRECTION('',(0.E0,1.E0,0.E0));
#11937=DIRECTION('',(1.E0,0.E0,0.E0));
#11938=AXIS2_PLACEMENT_3D('',#11935,#11936,#11937);
#11939=PLANE('24555',#11938);
#11940=ORIENTED_EDGE('28974',*,*,#11654,.T.);
#11941=ORIENTED_EDGE('29017',*,*,#7039,.F.);
#11943=ORIENTED_EDGE('28932',*,*,#11942,.F.);
#11944=ORIENTED_EDGE('29016',*,*,#7173,.F.);
#11945=EDGE_LOOP('24555',(#11940,#11941,#11943,#11944));
#11946=FACE_OUTER_BOUND('24555',#11945,.F.);
#11947=ADVANCED_FACE('24555',(#11946),#11939,.T.);
#11948=CARTESIAN_POINT('',(1.5675E1,1.65E0,-3.674999999998E0));
#11949=DIRECTION('',(1.E0,0.E0,0.E0));
#11950=DIRECTION('',(0.E0,-1.E0,0.E0));
#11951=AXIS2_PLACEMENT_3D('',#11948,#11949,#11950);
#11952=PLANE('25405',#11951);
#11953=ORIENTED_EDGE('28930',*,*,#8092,.T.);
#11955=ORIENTED_EDGE('28950',*,*,#11954,.T.);
#11957=ORIENTED_EDGE('26096',*,*,#11956,.T.);
#11959=ORIENTED_EDGE('28951',*,*,#11958,.T.);
#11960=ORIENTED_EDGE('28931',*,*,#8104,.T.);
#11962=ORIENTED_EDGE('28954',*,*,#11961,.T.);
#11964=ORIENTED_EDGE('26099',*,*,#11963,.T.);
#11966=ORIENTED_EDGE('26085',*,*,#11965,.F.);
#11968=ORIENTED_EDGE('26088',*,*,#11967,.T.);
#11970=ORIENTED_EDGE('26090',*,*,#11969,.F.);
#11972=ORIENTED_EDGE('26092',*,*,#11971,.T.);
#11974=ORIENTED_EDGE('28946',*,*,#11973,.F.);
#11975=EDGE_LOOP('25405',(#11953,#11955,#11957,#11959,#11960,#11962,#11964,
#11966,#11968,#11970,#11972,#11974));
#11976=FACE_OUTER_BOUND('25405',#11975,.F.);
#11977=ADVANCED_FACE('25405',(#11976),#11952,.F.);
#11978=CARTESIAN_POINT('',(1.5675E1,1.65E0,-3.674999999998E0));
#11979=DIRECTION('',(1.E0,0.E0,0.E0));
#11980=DIRECTION('',(0.E0,-1.E0,0.E0));
#11981=AXIS2_PLACEMENT_3D('',#11978,#11979,#11980);
#11982=PLANE('25405',#11981);
#11983=ORIENTED_EDGE('40196',*,*,#8605,.T.);
#11985=ORIENTED_EDGE('41461',*,*,#11984,.F.);
#11986=ORIENTED_EDGE('41593',*,*,#8690,.T.);
#11988=ORIENTED_EDGE('41682',*,*,#11987,.T.);
#11989=ORIENTED_EDGE('28916',*,*,#7175,.F.);
#11990=ORIENTED_EDGE('28932',*,*,#11942,.T.);
#11991=ORIENTED_EDGE('28919',*,*,#7037,.F.);
#11993=ORIENTED_EDGE('40384',*,*,#11992,.T.);
#11994=EDGE_LOOP('25405',(#11983,#11985,#11986,#11988,#11989,#11990,#11991,
#11993));
#11995=FACE_OUTER_BOUND('25405',#11994,.F.);
#11996=ADVANCED_FACE('25405',(#11995),#11982,.F.);
#11997=CARTESIAN_POINT('',(1.58E1,1.91E0,-3.689999999997E0));
#11998=DIRECTION('',(0.E0,1.E0,0.E0));
#11999=DIRECTION('',(0.E0,0.E0,1.E0));
#12000=AXIS2_PLACEMENT_3D('',#11997,#11998,#11999);
#12001=PLANE('25399',#12000);
#12003=ORIENTED_EDGE('48141',*,*,#12002,.T.);
#12005=ORIENTED_EDGE('48153',*,*,#12004,.T.);
#12007=ORIENTED_EDGE('28941',*,*,#12006,.T.);
#12009=ORIENTED_EDGE('26094',*,*,#12008,.F.);
#12010=ORIENTED_EDGE('28950',*,*,#11954,.F.);
#12012=ORIENTED_EDGE('48152',*,*,#12011,.T.);
#12013=EDGE_LOOP('25399',(#12003,#12005,#12007,#12009,#12010,#12012));
#12014=FACE_OUTER_BOUND('25399',#12013,.F.);
#12015=ADVANCED_FACE('25399',(#12014),#12001,.F.);
#12016=CARTESIAN_POINT('',(1.5925E1,2.31E0,-2.544682190127E0));
#12017=DIRECTION('',(0.E0,-7.378158985020E-1,-6.750019999360E-1));
#12018=DIRECTION('',(0.E0,-6.750019999360E-1,7.378158985020E-1));
#12019=AXIS2_PLACEMENT_3D('',#12016,#12017,#12018);
#12020=PLANE('47170',#12019);
#12022=ORIENTED_EDGE('48130',*,*,#12021,.F.);
#12024=ORIENTED_EDGE('48158',*,*,#12023,.T.);
#12026=ORIENTED_EDGE('48127',*,*,#12025,.F.);
#12028=ORIENTED_EDGE('48155',*,*,#12027,.F.);
#12030=ORIENTED_EDGE('48137',*,*,#12029,.T.);
#12031=ORIENTED_EDGE('48141',*,*,#12002,.F.);
#12032=EDGE_LOOP('47170',(#12022,#12024,#12026,#12028,#12030,#12031));
#12033=FACE_OUTER_BOUND('47170',#12032,.F.);
#12034=ADVANCED_FACE('47170',(#12033),#12020,.T.);
#12035=CARTESIAN_POINT('',(1.5675E1,1.995615271410E0,-2.425E0));
#12036=DIRECTION('',(1.E0,0.E0,0.E0));
#12037=DIRECTION('',(0.E0,-1.E0,0.E0));
#12038=AXIS2_PLACEMENT_3D('',#12035,#12036,#12037);
#12039=PLANE('24482',#12038);
#12040=ORIENTED_EDGE('48130',*,*,#12021,.T.);
#12041=ORIENTED_EDGE('48152',*,*,#12011,.F.);
#12042=ORIENTED_EDGE('28959',*,*,#8090,.T.);
#12044=ORIENTED_EDGE('26360',*,*,#12043,.T.);
#12045=ORIENTED_EDGE('26195',*,*,#7065,.F.);
#12046=ORIENTED_EDGE('48148',*,*,#11537,.T.);
#12047=EDGE_LOOP('24482',(#12040,#12041,#12042,#12044,#12045,#12046));
#12048=FACE_OUTER_BOUND('24482',#12047,.F.);
#12049=ADVANCED_FACE('24482',(#12048),#12039,.T.);
#12050=CARTESIAN_POINT('',(1.5675E1,1.995615271410E0,-2.425E0));
#12051=DIRECTION('',(1.E0,0.E0,0.E0));
#12052=DIRECTION('',(0.E0,-1.E0,0.E0));
#12053=AXIS2_PLACEMENT_3D('',#12050,#12051,#12052);
#12054=PLANE('24482',#12053);
#12056=ORIENTED_EDGE('48131',*,*,#12055,.F.);
#12057=ORIENTED_EDGE('48149',*,*,#11533,.T.);
#12059=ORIENTED_EDGE('48143',*,*,#12058,.T.);
#12060=EDGE_LOOP('24482',(#12056,#12057,#12059));
#12061=FACE_OUTER_BOUND('24482',#12060,.F.);
#12062=ADVANCED_FACE('24482',(#12061),#12054,.T.);
#12063=CARTESIAN_POINT('',(1.5675E1,1.995615271410E0,-2.425E0));
#12064=DIRECTION('',(1.E0,0.E0,0.E0));
#12065=DIRECTION('',(0.E0,-1.E0,0.E0));
#12066=AXIS2_PLACEMENT_3D('',#12063,#12064,#12065);
#12067=PLANE('24482',#12066);
#12069=ORIENTED_EDGE('48132',*,*,#12068,.F.);
#12071=ORIENTED_EDGE('48142',*,*,#12070,.T.);
#12072=ORIENTED_EDGE('26357',*,*,#6905,.F.);
#12074=ORIENTED_EDGE('48146',*,*,#12073,.T.);
#12075=EDGE_LOOP('24482',(#12069,#12071,#12072,#12074));
#12076=FACE_OUTER_BOUND('24482',#12075,.F.);
#12077=ADVANCED_FACE('24482',(#12076),#12067,.T.);
#12078=CARTESIAN_POINT('',(1.58E1,1.681230542820E0,-4.1E0));
#12079=DIRECTION('',(0.E0,1.E0,0.E0));
#12080=DIRECTION('',(-1.E0,0.E0,0.E0));
#12081=AXIS2_PLACEMENT_3D('',#12078,#12079,#12080);
#12082=PLANE('24677',#12081);
#12083=ORIENTED_EDGE('26365',*,*,#8088,.F.);
#12085=ORIENTED_EDGE('27177',*,*,#12084,.F.);
#12086=ORIENTED_EDGE('26196',*,*,#7067,.F.);
#12087=ORIENTED_EDGE('26360',*,*,#12043,.F.);
#12088=EDGE_LOOP('24677',(#12083,#12085,#12086,#12087));
#12089=FACE_OUTER_BOUND('24677',#12088,.F.);
#12090=ADVANCED_FACE('24677',(#12089),#12082,.T.);
#12091=CARTESIAN_POINT('',(1.5925E1,1.995615271410E0,-2.425E0));
#12092=DIRECTION('',(1.E0,0.E0,0.E0));
#12093=DIRECTION('',(0.E0,-1.E0,0.E0));
#12094=AXIS2_PLACEMENT_3D('',#12091,#12092,#12093);
#12095=PLANE('24675',#12094);
#12096=ORIENTED_EDGE('48137',*,*,#12029,.F.);
#12098=ORIENTED_EDGE('48151',*,*,#12097,.T.);
#12099=ORIENTED_EDGE('26197',*,*,#7069,.T.);
#12100=ORIENTED_EDGE('27177',*,*,#12084,.T.);
#12101=ORIENTED_EDGE('28961',*,*,#8086,.T.);
#12102=ORIENTED_EDGE('48153',*,*,#12004,.F.);
#12103=EDGE_LOOP('24675',(#12096,#12098,#12099,#12100,#12101,#12102));
#12104=FACE_OUTER_BOUND('24675',#12103,.F.);
#12105=ADVANCED_FACE('24675',(#12104),#12095,.F.);
#12106=CARTESIAN_POINT('',(1.5925E1,1.995615271410E0,-2.425E0));
#12107=DIRECTION('',(1.E0,0.E0,0.E0));
#12108=DIRECTION('',(0.E0,-1.E0,0.E0));
#12109=AXIS2_PLACEMENT_3D('',#12106,#12107,#12108);
#12110=PLANE('24675',#12109);
#12112=ORIENTED_EDGE('48138',*,*,#12111,.T.);
#12114=ORIENTED_EDGE('48144',*,*,#12113,.T.);
#12116=ORIENTED_EDGE('48150',*,*,#12115,.T.);
#12117=EDGE_LOOP('24675',(#12112,#12114,#12116));
#12118=FACE_OUTER_BOUND('24675',#12117,.F.);
#12119=ADVANCED_FACE('24675',(#12118),#12110,.F.);
#12120=CARTESIAN_POINT('',(1.5925E1,1.995615271410E0,-2.425E0));
#12121=DIRECTION('',(1.E0,0.E0,0.E0));
#12122=DIRECTION('',(0.E0,-1.E0,0.E0));
#12123=AXIS2_PLACEMENT_3D('',#12120,#12121,#12122);
#12124=PLANE('24675',#12123);
#12126=ORIENTED_EDGE('48139',*,*,#12125,.T.);
#12128=ORIENTED_EDGE('48147',*,*,#12127,.T.);
#12129=ORIENTED_EDGE('27007',*,*,#6901,.T.);
#12131=ORIENTED_EDGE('48145',*,*,#12130,.T.);
#12132=EDGE_LOOP('24675',(#12126,#12128,#12129,#12131));
#12133=FACE_OUTER_BOUND('24675',#12132,.F.);
#12134=ADVANCED_FACE('24675',(#12133),#12124,.F.);
#12135=CARTESIAN_POINT('',(1.63E1,1.8E0,-2.175E0));
#12136=DIRECTION('',(0.E0,1.E0,0.E0));
#12137=DIRECTION('',(-1.E0,0.E0,0.E0));
#12138=AXIS2_PLACEMENT_3D('',#12135,#12136,#12137);
#12139=PLANE('24452',#12138);
#12141=ORIENTED_EDGE('48129',*,*,#12140,.F.);
#12142=ORIENTED_EDGE('48150',*,*,#12115,.F.);
#12144=ORIENTED_EDGE('26318',*,*,#12143,.T.);
#12145=ORIENTED_EDGE('48115',*,*,#8324,.F.);
#12147=ORIENTED_EDGE('48094',*,*,#12146,.T.);
#12148=ORIENTED_EDGE('48114',*,*,#8312,.F.);
#12149=ORIENTED_EDGE('26198',*,*,#7071,.F.);
#12150=ORIENTED_EDGE('48151',*,*,#12097,.F.);
#12151=EDGE_LOOP('24452',(#12141,#12142,#12144,#12145,#12147,#12148,#12149,
#12150));
#12152=FACE_OUTER_BOUND('24452',#12151,.F.);
#12153=ADVANCED_FACE('24452',(#12152),#12139,.F.);
#12154=CARTESIAN_POINT('',(1.5925E1,0.E0,0.E0));
#12155=DIRECTION('',(-1.E0,0.E0,0.E0));
#12156=DIRECTION('',(0.E0,-1.E0,0.E0));
#12157=AXIS2_PLACEMENT_3D('',#12154,#12155,#12156);
#12158=PLANE('47168',#12157);
#12159=ORIENTED_EDGE('48129',*,*,#12140,.T.);
#12160=ORIENTED_EDGE('48155',*,*,#12027,.T.);
#12162=ORIENTED_EDGE('48156',*,*,#12161,.T.);
#12163=EDGE_LOOP('47168',(#12159,#12160,#12162));
#12164=FACE_OUTER_BOUND('47168',#12163,.F.);
#12165=ADVANCED_FACE('47168',(#12164),#12158,.F.);
#12166=CARTESIAN_POINT('',(1.5925E1,0.E0,0.E0));
#12167=DIRECTION('',(-1.E0,0.E0,0.E0));
#12168=DIRECTION('',(0.E0,-1.E0,0.E0));
#12169=AXIS2_PLACEMENT_3D('',#12166,#12167,#12168);
#12170=PLANE('47168',#12169);
#12172=ORIENTED_EDGE('48134',*,*,#12171,.T.);
#12174=ORIENTED_EDGE('48157',*,*,#12173,.T.);
#12176=ORIENTED_EDGE('48136',*,*,#12175,.F.);
#12177=EDGE_LOOP('47168',(#12172,#12174,#12176));
#12178=FACE_OUTER_BOUND('47168',#12177,.F.);
#12179=ADVANCED_FACE('47168',(#12178),#12170,.F.);
#12180=CARTESIAN_POINT('',(1.5925E1,1.4E0,-1.55E0));
#12181=DIRECTION('',(0.E0,-6.097107608513E-1,7.926239891033E-1));
#12182=DIRECTION('',(0.E0,7.926239891033E-1,6.097107608513E-1));
#12183=AXIS2_PLACEMENT_3D('',#12180,#12181,#12182);
#12184=PLANE('47171',#12183);
#12185=ORIENTED_EDGE('48131',*,*,#12055,.T.);
#12187=ORIENTED_EDGE('48160',*,*,#12186,.T.);
#12188=ORIENTED_EDGE('48132',*,*,#12068,.T.);
#12190=ORIENTED_EDGE('48140',*,*,#12189,.F.);
#12191=ORIENTED_EDGE('48139',*,*,#12125,.F.);
#12192=ORIENTED_EDGE('48157',*,*,#12173,.F.);
#12193=ORIENTED_EDGE('48138',*,*,#12111,.F.);
#12194=ORIENTED_EDGE('48156',*,*,#12161,.F.);
#12195=ORIENTED_EDGE('48127',*,*,#12025,.T.);
#12197=ORIENTED_EDGE('48159',*,*,#12196,.T.);
#12198=EDGE_LOOP('47171',(#12185,#12187,#12188,#12190,#12191,#12192,#12193,
#12194,#12195,#12197));
#12199=FACE_OUTER_BOUND('47171',#12198,.F.);
#12200=ADVANCED_FACE('47171',(#12199),#12184,.T.);
#12201=CARTESIAN_POINT('',(1.5675E1,0.E0,0.E0));
#12202=DIRECTION('',(-1.E0,0.E0,0.E0));
#12203=DIRECTION('',(0.E0,-1.E0,0.E0));
#12204=AXIS2_PLACEMENT_3D('',#12201,#12202,#12203);
#12205=PLANE('47169',#12204);
#12206=ORIENTED_EDGE('48128',*,*,#11535,.F.);
#12207=ORIENTED_EDGE('48159',*,*,#12196,.F.);
#12208=ORIENTED_EDGE('48158',*,*,#12023,.F.);
#12209=EDGE_LOOP('47169',(#12206,#12207,#12208));
#12210=FACE_OUTER_BOUND('47169',#12209,.F.);
#12211=ADVANCED_FACE('47169',(#12210),#12205,.T.);
#12212=CARTESIAN_POINT('',(1.5675E1,0.E0,0.E0));
#12213=DIRECTION('',(-1.E0,0.E0,0.E0));
#12214=DIRECTION('',(0.E0,-1.E0,0.E0));
#12215=AXIS2_PLACEMENT_3D('',#12212,#12213,#12214);
#12216=PLANE('47169',#12215);
#12218=ORIENTED_EDGE('48133',*,*,#12217,.F.);
#12220=ORIENTED_EDGE('48135',*,*,#12219,.T.);
#12221=ORIENTED_EDGE('48160',*,*,#12186,.F.);
#12222=EDGE_LOOP('47169',(#12218,#12220,#12221));
#12223=FACE_OUTER_BOUND('47169',#12222,.F.);
#12224=ADVANCED_FACE('47169',(#12223),#12216,.T.);
#12225=CARTESIAN_POINT('',(1.53E1,2.E0,-1.E0));
#12226=DIRECTION('',(0.E0,0.E0,1.E0));
#12227=DIRECTION('',(0.E0,-1.E0,0.E0));
#12228=AXIS2_PLACEMENT_3D('',#12225,#12226,#12227);
#12229=PLANE('24604',#12228);
#12230=ORIENTED_EDGE('48172',*,*,#11515,.F.);
#12232=ORIENTED_EDGE('48189',*,*,#12231,.T.);
#12233=ORIENTED_EDGE('48133',*,*,#12217,.T.);
#12234=ORIENTED_EDGE('48143',*,*,#12058,.F.);
#12235=ORIENTED_EDGE('26317',*,*,#11531,.F.);
#12236=ORIENTED_EDGE('48179',*,*,#11567,.F.);
#12237=EDGE_LOOP('24604',(#12230,#12232,#12233,#12234,#12235,#12236));
#12238=FACE_OUTER_BOUND('24604',#12237,.F.);
#12239=ADVANCED_FACE('24604',(#12238),#12229,.T.);
#12240=CARTESIAN_POINT('',(1.53E1,2.2E0,-5.E-1));
#12241=DIRECTION('',(0.E0,1.E0,0.E0));
#12242=DIRECTION('',(0.E0,0.E0,-1.E0));
#12243=AXIS2_PLACEMENT_3D('',#12240,#12241,#12242);
#12244=PLANE('24636',#12243);
#12245=ORIENTED_EDGE('48174',*,*,#11518,.T.);
#12246=ORIENTED_EDGE('48178',*,*,#11582,.F.);
#12247=ORIENTED_EDGE('27009',*,*,#6907,.F.);
#12248=ORIENTED_EDGE('48142',*,*,#12070,.F.);
#12249=ORIENTED_EDGE('48135',*,*,#12219,.F.);
#12250=ORIENTED_EDGE('48189',*,*,#12231,.F.);
#12251=EDGE_LOOP('24636',(#12245,#12246,#12247,#12248,#12249,#12250));
#12252=FACE_OUTER_BOUND('24636',#12251,.F.);
#12253=ADVANCED_FACE('24636',(#12252),#12244,.F.);
#12254=CARTESIAN_POINT('',(1.58E1,2.31E0,-2.425E0));
#12255=DIRECTION('',(0.E0,1.E0,0.E0));
#12256=DIRECTION('',(0.E0,0.E0,-1.E0));
#12257=AXIS2_PLACEMENT_3D('',#12254,#12255,#12256);
#12258=PLANE('24676',#12257);
#12259=ORIENTED_EDGE('48140',*,*,#12189,.T.);
#12260=ORIENTED_EDGE('48146',*,*,#12073,.F.);
#12261=ORIENTED_EDGE('27008',*,*,#6903,.F.);
#12262=ORIENTED_EDGE('48147',*,*,#12127,.F.);
#12263=EDGE_LOOP('24676',(#12259,#12260,#12261,#12262));
#12264=FACE_OUTER_BOUND('24676',#12263,.F.);
#12265=ADVANCED_FACE('24676',(#12264),#12258,.F.);
#12266=CARTESIAN_POINT('',(1.63E1,2.E0,-1.E0));
#12267=DIRECTION('',(0.E0,0.E0,1.E0));
#12268=DIRECTION('',(0.E0,-1.E0,0.E0));
#12269=AXIS2_PLACEMENT_3D('',#12266,#12267,#12268);
#12270=PLANE('24605',#12269);
#12271=ORIENTED_EDGE('48134',*,*,#12171,.F.);
#12273=ORIENTED_EDGE('48154',*,*,#12272,.T.);
#12275=ORIENTED_EDGE('48096',*,*,#12274,.T.);
#12276=ORIENTED_EDGE('48108',*,*,#8326,.T.);
#12277=ORIENTED_EDGE('26318',*,*,#12143,.F.);
#12278=ORIENTED_EDGE('48144',*,*,#12113,.F.);
#12279=EDGE_LOOP('24605',(#12271,#12273,#12275,#12276,#12277,#12278));
#12280=FACE_OUTER_BOUND('24605',#12279,.F.);
#12281=ADVANCED_FACE('24605',(#12280),#12270,.T.);
#12282=CARTESIAN_POINT('',(1.63E1,2.2E0,-5.E-1));
#12283=DIRECTION('',(0.E0,1.E0,0.E0));
#12284=DIRECTION('',(0.E0,0.E0,-1.E0));
#12285=AXIS2_PLACEMENT_3D('',#12282,#12283,#12284);
#12286=PLANE('24637',#12285);
#12287=ORIENTED_EDGE('48136',*,*,#12175,.T.);
#12288=ORIENTED_EDGE('48145',*,*,#12130,.F.);
#12289=ORIENTED_EDGE('27006',*,*,#6899,.F.);
#12290=ORIENTED_EDGE('48110',*,*,#8338,.T.);
#12292=ORIENTED_EDGE('48098',*,*,#12291,.F.);
#12293=ORIENTED_EDGE('48154',*,*,#12272,.F.);
#12294=EDGE_LOOP('24637',(#12287,#12288,#12289,#12290,#12292,#12293));
#12295=FACE_OUTER_BOUND('24637',#12294,.F.);
#12296=ADVANCED_FACE('24637',(#12295),#12286,.F.);
#12297=CARTESIAN_POINT('',(1.6675E1,0.E0,0.E0));
#12298=DIRECTION('',(-1.E0,0.E0,0.E0));
#12299=DIRECTION('',(0.E0,-1.E0,0.E0));
#12300=AXIS2_PLACEMENT_3D('',#12297,#12298,#12299);
#12301=PLANE('47165',#12300);
#12302=ORIENTED_EDGE('48094',*,*,#12146,.F.);
#12304=ORIENTED_EDGE('48125',*,*,#12303,.F.);
#12305=ORIENTED_EDGE('48124',*,*,#8288,.F.);
#12306=EDGE_LOOP('47165',(#12302,#12304,#12305));
#12307=FACE_OUTER_BOUND('47165',#12306,.F.);
#12308=ADVANCED_FACE('47165',(#12307),#12301,.T.);
#12309=CARTESIAN_POINT('',(1.6675E1,0.E0,0.E0));
#12310=DIRECTION('',(-1.E0,0.E0,0.E0));
#12311=DIRECTION('',(0.E0,-1.E0,0.E0));
#12312=AXIS2_PLACEMENT_3D('',#12309,#12310,#12311);
#12313=PLANE('47165',#12312);
#12314=ORIENTED_EDGE('48096',*,*,#12274,.F.);
#12315=ORIENTED_EDGE('48098',*,*,#12291,.T.);
#12317=ORIENTED_EDGE('48126',*,*,#12316,.F.);
#12318=EDGE_LOOP('47165',(#12314,#12315,#12317));
#12319=FACE_OUTER_BOUND('47165',#12318,.F.);
#12320=ADVANCED_FACE('47165',(#12319),#12313,.T.);
#12321=CARTESIAN_POINT('',(1.6925E1,1.4E0,-1.55E0));
#12322=DIRECTION('',(0.E0,-6.097107608513E-1,7.926239891033E-1));
#12323=DIRECTION('',(0.E0,7.926239891033E-1,6.097107608513E-1));
#12324=AXIS2_PLACEMENT_3D('',#12321,#12322,#12323);
#12325=PLANE('47167',#12324);
#12326=ORIENTED_EDGE('48101',*,*,#8322,.T.);
#12327=ORIENTED_EDGE('48126',*,*,#12316,.T.);
#12328=ORIENTED_EDGE('48102',*,*,#8336,.T.);
#12330=ORIENTED_EDGE('48106',*,*,#12329,.F.);
#12331=ORIENTED_EDGE('48105',*,*,#8272,.F.);
#12333=ORIENTED_EDGE('48123',*,*,#12332,.F.);
#12334=ORIENTED_EDGE('48104',*,*,#8260,.F.);
#12336=ORIENTED_EDGE('48122',*,*,#12335,.F.);
#12337=ORIENTED_EDGE('48093',*,*,#8290,.T.);
#12338=ORIENTED_EDGE('48125',*,*,#12303,.T.);
#12339=EDGE_LOOP('47167',(#12326,#12327,#12328,#12330,#12331,#12333,#12334,
#12336,#12337,#12338));
#12340=FACE_OUTER_BOUND('47167',#12339,.F.);
#12341=ADVANCED_FACE('47167',(#12340),#12325,.T.);
#12342=CARTESIAN_POINT('',(1.68E1,2.31E0,-2.425E0));
#12343=DIRECTION('',(0.E0,1.E0,0.E0));
#12344=DIRECTION('',(0.E0,0.E0,-1.E0));
#12345=AXIS2_PLACEMENT_3D('',#12342,#12343,#12344);
#12346=PLANE('24673',#12345);
#12347=ORIENTED_EDGE('48106',*,*,#12329,.T.);
#12348=ORIENTED_EDGE('48112',*,*,#8341,.F.);
#12349=ORIENTED_EDGE('27004',*,*,#6895,.F.);
#12350=ORIENTED_EDGE('48113',*,*,#8274,.F.);
#12351=EDGE_LOOP('24673',(#12347,#12348,#12349,#12350));
#12352=FACE_OUTER_BOUND('24673',#12351,.F.);
#12353=ADVANCED_FACE('24673',(#12352),#12346,.F.);
#12354=CARTESIAN_POINT('',(1.6925E1,0.E0,0.E0));
#12355=DIRECTION('',(-1.E0,0.E0,0.E0));
#12356=DIRECTION('',(0.E0,-1.E0,0.E0));
#12357=AXIS2_PLACEMENT_3D('',#12354,#12355,#12356);
#12358=PLANE('47164',#12357);
#12359=ORIENTED_EDGE('48095',*,*,#7004,.T.);
#12360=ORIENTED_EDGE('48121',*,*,#8292,.T.);
#12361=ORIENTED_EDGE('48122',*,*,#12335,.T.);
#12362=EDGE_LOOP('47164',(#12359,#12360,#12361));
#12363=FACE_OUTER_BOUND('47164',#12362,.F.);
#12364=ADVANCED_FACE('47164',(#12363),#12358,.F.);
#12365=CARTESIAN_POINT('',(1.6925E1,0.E0,0.E0));
#12366=DIRECTION('',(-1.E0,0.E0,0.E0));
#12367=DIRECTION('',(0.E0,-1.E0,0.E0));
#12368=AXIS2_PLACEMENT_3D('',#12365,#12366,#12367);
#12369=PLANE('47164',#12368);
#12370=ORIENTED_EDGE('48097',*,*,#6985,.T.);
#12371=ORIENTED_EDGE('48123',*,*,#12332,.T.);
#12372=ORIENTED_EDGE('48099',*,*,#6964,.F.);
#12373=EDGE_LOOP('47164',(#12370,#12371,#12372));
#12374=FACE_OUTER_BOUND('47164',#12373,.F.);
#12375=ADVANCED_FACE('47164',(#12374),#12369,.F.);
#12376=CARTESIAN_POINT('',(1.5925E1,1.65E0,-3.674999999998E0));
#12377=DIRECTION('',(1.E0,0.E0,0.E0));
#12378=DIRECTION('',(0.E0,-1.E0,0.E0));
#12379=AXIS2_PLACEMENT_3D('',#12376,#12377,#12378);
#12380=PLANE('25391',#12379);
#12381=ORIENTED_EDGE('28925',*,*,#8096,.F.);
#12383=ORIENTED_EDGE('28938',*,*,#12382,.T.);
#12385=ORIENTED_EDGE('26081',*,*,#12384,.F.);
#12387=ORIENTED_EDGE('26080',*,*,#12386,.T.);
#12389=ORIENTED_EDGE('26079',*,*,#12388,.F.);
#12391=ORIENTED_EDGE('26078',*,*,#12390,.T.);
#12393=ORIENTED_EDGE('26083',*,*,#12392,.F.);
#12395=ORIENTED_EDGE('28945',*,*,#12394,.F.);
#12396=ORIENTED_EDGE('28926',*,*,#8100,.F.);
#12398=ORIENTED_EDGE('28942',*,*,#12397,.F.);
#12400=ORIENTED_EDGE('26082',*,*,#12399,.F.);
#12401=ORIENTED_EDGE('28941',*,*,#12006,.F.);
#12402=EDGE_LOOP('25391',(#12381,#12383,#12385,#12387,#12389,#12391,#12393,
#12395,#12396,#12398,#12400,#12401));
#12403=FACE_OUTER_BOUND('25391',#12402,.F.);
#12404=ADVANCED_FACE('25391',(#12403),#12380,.T.);
#12405=CARTESIAN_POINT('',(1.5925E1,1.65E0,-3.674999999998E0));
#12406=DIRECTION('',(1.E0,0.E0,0.E0));
#12407=DIRECTION('',(0.E0,-1.E0,0.E0));
#12408=AXIS2_PLACEMENT_3D('',#12405,#12406,#12407);
#12409=PLANE('25391',#12408);
#12410=ORIENTED_EDGE('40194',*,*,#8613,.F.);
#12412=ORIENTED_EDGE('40383',*,*,#12411,.F.);
#12413=ORIENTED_EDGE('28917',*,*,#7033,.T.);
#12415=ORIENTED_EDGE('28933',*,*,#12414,.F.);
#12416=ORIENTED_EDGE('28914',*,*,#7179,.T.);
#12418=ORIENTED_EDGE('41681',*,*,#12417,.F.);
#12419=ORIENTED_EDGE('41592',*,*,#8678,.F.);
#12421=ORIENTED_EDGE('41457',*,*,#12420,.T.);
#12422=EDGE_LOOP('25391',(#12410,#12412,#12413,#12415,#12416,#12418,#12419,
#12421));
#12423=FACE_OUTER_BOUND('25391',#12422,.F.);
#12424=ADVANCED_FACE('25391',(#12423),#12409,.T.);
#12425=CARTESIAN_POINT('',(1.58E1,2.31E0,-3.449999999997E0));
#12426=DIRECTION('',(0.E0,1.E0,0.E0));
#12427=DIRECTION('',(0.E0,0.E0,-1.E0));
#12428=AXIS2_PLACEMENT_3D('',#12425,#12426,#12427);
#12429=PLANE('25396',#12428);
#12430=ORIENTED_EDGE('28929',*,*,#8094,.T.);
#12431=ORIENTED_EDGE('28946',*,*,#11973,.T.);
#12433=ORIENTED_EDGE('26091',*,*,#12432,.T.);
#12434=ORIENTED_EDGE('28938',*,*,#12382,.F.);
#12435=EDGE_LOOP('25396',(#12430,#12431,#12433,#12434));
#12436=FACE_OUTER_BOUND('25396',#12435,.F.);
#12437=ADVANCED_FACE('25396',(#12436),#12429,.T.);
#12438=CARTESIAN_POINT('',(1.58E1,2.43E0,-5.449999999997E0));
#12439=DIRECTION('',(0.E0,0.E0,1.E0));
#12440=DIRECTION('',(0.E0,1.E0,0.E0));
#12441=AXIS2_PLACEMENT_3D('',#12438,#12439,#12440);
#12442=PLANE('25395',#12441);
#12443=ORIENTED_EDGE('26081',*,*,#12384,.T.);
#12444=ORIENTED_EDGE('26091',*,*,#12432,.F.);
#12445=ORIENTED_EDGE('26092',*,*,#11971,.F.);
#12447=ORIENTED_EDGE('26089',*,*,#12446,.T.);
#12448=EDGE_LOOP('25395',(#12443,#12444,#12445,#12447));
#12449=FACE_OUTER_BOUND('25395',#12448,.F.);
#12450=ADVANCED_FACE('25395',(#12449),#12442,.T.);
#12451=CARTESIAN_POINT('',(1.58E1,2.625E0,-5.974999999999E0));
#12452=DIRECTION('',(0.E0,9.899494936612E-1,1.414213562369E-1));
#12453=DIRECTION('',(0.E0,1.414213562369E-1,-9.899494936612E-1));
#12454=AXIS2_PLACEMENT_3D('',#12451,#12452,#12453);
#12455=PLANE('25394',#12454);
#12456=ORIENTED_EDGE('26080',*,*,#12386,.F.);
#12457=ORIENTED_EDGE('26089',*,*,#12446,.F.);
#12458=ORIENTED_EDGE('26090',*,*,#11969,.T.);
#12460=ORIENTED_EDGE('26087',*,*,#12459,.T.);
#12461=EDGE_LOOP('25394',(#12456,#12457,#12458,#12460));
#12462=FACE_OUTER_BOUND('25394',#12461,.F.);
#12463=ADVANCED_FACE('25394',(#12462),#12455,.T.);
#12464=CARTESIAN_POINT('',(1.58E1,2.55E0,-6.5E0));
#12465=DIRECTION('',(0.E0,0.E0,1.E0));
#12466=DIRECTION('',(0.E0,-1.E0,0.E0));
#12467=AXIS2_PLACEMENT_3D('',#12464,#12465,#12466);
#12468=PLANE('25393',#12467);
#12469=ORIENTED_EDGE('26079',*,*,#12388,.T.);
#12470=ORIENTED_EDGE('26087',*,*,#12459,.F.);
#12471=ORIENTED_EDGE('26088',*,*,#11967,.F.);
#12473=ORIENTED_EDGE('26084',*,*,#12472,.T.);
#12474=EDGE_LOOP('25393',(#12469,#12470,#12471,#12473));
#12475=FACE_OUTER_BOUND('25393',#12474,.F.);
#12476=ADVANCED_FACE('25393',(#12475),#12468,.F.);
#12477=CARTESIAN_POINT('',(1.58E1,2.35E0,-6.149999999999E0));
#12478=DIRECTION('',(0.E0,9.899494936612E-1,1.414213562367E-1));
#12479=DIRECTION('',(0.E0,-1.414213562367E-1,9.899494936612E-1));
#12480=AXIS2_PLACEMENT_3D('',#12477,#12478,#12479);
#12481=PLANE('25392',#12480);
#12482=ORIENTED_EDGE('26078',*,*,#12390,.F.);
#12483=ORIENTED_EDGE('26084',*,*,#12472,.F.);
#12484=ORIENTED_EDGE('26085',*,*,#11965,.T.);
#12486=ORIENTED_EDGE('26086',*,*,#12485,.F.);
#12487=EDGE_LOOP('25392',(#12482,#12483,#12484,#12486));
#12488=FACE_OUTER_BOUND('25392',#12487,.F.);
#12489=ADVANCED_FACE('25392',(#12488),#12481,.F.);
#12490=CARTESIAN_POINT('',(1.58E1,1.45E0,-5.799999999997E0));
#12491=DIRECTION('',(0.E0,0.E0,1.E0));
#12492=DIRECTION('',(0.E0,-1.E0,0.E0));
#12493=AXIS2_PLACEMENT_3D('',#12490,#12491,#12492);
#12494=PLANE('25404',#12493);
#12495=ORIENTED_EDGE('26083',*,*,#12392,.T.);
#12496=ORIENTED_EDGE('26086',*,*,#12485,.T.);
#12497=ORIENTED_EDGE('26099',*,*,#11963,.F.);
#12499=ORIENTED_EDGE('26098',*,*,#12498,.T.);
#12500=EDGE_LOOP('25404',(#12495,#12496,#12497,#12499));
#12501=FACE_OUTER_BOUND('25404',#12500,.F.);
#12502=ADVANCED_FACE('25404',(#12501),#12494,.F.);
#12503=CARTESIAN_POINT('',(1.58E1,6.E-1,-3.624999999997E0));
#12504=DIRECTION('',(0.E0,1.E0,0.E0));
#12505=DIRECTION('',(0.E0,0.E0,1.E0));
#12506=AXIS2_PLACEMENT_3D('',#12503,#12504,#12505);
#12507=PLANE('25403',#12506);
#12508=ORIENTED_EDGE('28927',*,*,#8102,.T.);
#12509=ORIENTED_EDGE('28945',*,*,#12394,.T.);
#12510=ORIENTED_EDGE('26098',*,*,#12498,.F.);
#12511=ORIENTED_EDGE('28954',*,*,#11961,.F.);
#12512=EDGE_LOOP('25403',(#12508,#12509,#12510,#12511));
#12513=FACE_OUTER_BOUND('25403',#12512,.F.);
#12514=ADVANCED_FACE('25403',(#12513),#12507,.F.);
#12515=CARTESIAN_POINT('',(1.58E1,1.01E0,-3.224999999997E0));
#12516=DIRECTION('',(0.E0,1.E0,0.E0));
#12517=DIRECTION('',(0.E0,0.E0,-1.E0));
#12518=AXIS2_PLACEMENT_3D('',#12515,#12516,#12517);
#12519=PLANE('25401',#12518);
#12520=ORIENTED_EDGE('28928',*,*,#8106,.T.);
#12521=ORIENTED_EDGE('28951',*,*,#11958,.F.);
#12523=ORIENTED_EDGE('26095',*,*,#12522,.T.);
#12524=ORIENTED_EDGE('28942',*,*,#12397,.T.);
#12525=EDGE_LOOP('25401',(#12520,#12521,#12523,#12524));
#12526=FACE_OUTER_BOUND('25401',#12525,.F.);
#12527=ADVANCED_FACE('25401',(#12526),#12519,.T.);
#12528=CARTESIAN_POINT('',(1.58E1,1.01E0,-3.224999999997E0));
#12529=DIRECTION('',(0.E0,1.E0,0.E0));
#12530=DIRECTION('',(0.E0,0.E0,-1.E0));
#12531=AXIS2_PLACEMENT_3D('',#12528,#12529,#12530);
#12532=PLANE('25401',#12531);
#12533=ORIENTED_EDGE('40383',*,*,#12411,.T.);
#12535=ORIENTED_EDGE('42157',*,*,#12534,.F.);
#12537=ORIENTED_EDGE('42158',*,*,#12536,.T.);
#12539=ORIENTED_EDGE('42159',*,*,#12538,.T.);
#12540=ORIENTED_EDGE('40384',*,*,#11992,.F.);
#12541=ORIENTED_EDGE('28918',*,*,#7035,.F.);
#12542=EDGE_LOOP('25401',(#12533,#12535,#12537,#12539,#12540,#12541));
#12543=FACE_OUTER_BOUND('25401',#12542,.F.);
#12544=ADVANCED_FACE('25401',(#12543),#12532,.T.);
#12545=CARTESIAN_POINT('',(1.58E1,1.46E0,-4.999999999997E0));
#12546=DIRECTION('',(0.E0,0.E0,1.E0));
#12547=DIRECTION('',(0.E0,1.E0,0.E0));
#12548=AXIS2_PLACEMENT_3D('',#12545,#12546,#12547);
#12549=PLANE('25400',#12548);
#12550=ORIENTED_EDGE('26082',*,*,#12399,.T.);
#12551=ORIENTED_EDGE('26095',*,*,#12522,.F.);
#12552=ORIENTED_EDGE('26096',*,*,#11956,.F.);
#12553=ORIENTED_EDGE('26094',*,*,#12008,.T.);
#12554=EDGE_LOOP('25400',(#12550,#12551,#12552,#12553));
#12555=FACE_OUTER_BOUND('25400',#12554,.F.);
#12556=ADVANCED_FACE('25400',(#12555),#12549,.T.);
#12557=CARTESIAN_POINT('',(1.5925E1,1.7E0,-3.674999999998E0));
#12558=DIRECTION('',(1.E0,0.E0,0.E0));
#12559=DIRECTION('',(0.E0,-1.E0,0.E0));
#12560=AXIS2_PLACEMENT_3D('',#12557,#12558,#12559);
#12561=PLANE('34699',#12560);
#12562=ORIENTED_EDGE('42157',*,*,#12534,.T.);
#12563=ORIENTED_EDGE('42286',*,*,#8611,.F.);
#12565=ORIENTED_EDGE('35512',*,*,#12564,.T.);
#12567=ORIENTED_EDGE('42311',*,*,#12566,.T.);
#12568=EDGE_LOOP('34699',(#12562,#12563,#12565,#12567));
#12569=FACE_OUTER_BOUND('34699',#12568,.F.);
#12570=ADVANCED_FACE('34699',(#12569),#12561,.F.);
#12571=CARTESIAN_POINT('',(1.58E1,1.06E0,-3.224999999997E0));
#12572=DIRECTION('',(0.E0,1.E0,0.E0));
#12573=DIRECTION('',(0.E0,0.E0,-1.E0));
#12574=AXIS2_PLACEMENT_3D('',#12571,#12572,#12573);
#12575=PLANE('34700',#12574);
#12576=ORIENTED_EDGE('35193',*,*,#8609,.T.);
#12578=ORIENTED_EDGE('35514',*,*,#12577,.T.);
#12580=ORIENTED_EDGE('34791',*,*,#12579,.T.);
#12581=ORIENTED_EDGE('35512',*,*,#12564,.F.);
#12582=EDGE_LOOP('34700',(#12576,#12578,#12580,#12581));
#12583=FACE_OUTER_BOUND('34700',#12582,.F.);
#12584=ADVANCED_FACE('34700',(#12583),#12575,.F.);
#12585=CARTESIAN_POINT('',(1.5675E1,1.7E0,-3.674999999998E0));
#12586=DIRECTION('',(1.E0,0.E0,0.E0));
#12587=DIRECTION('',(0.E0,-1.E0,0.E0));
#12588=AXIS2_PLACEMENT_3D('',#12585,#12586,#12587);
#12589=PLANE('34702',#12588);
#12590=ORIENTED_EDGE('42159',*,*,#12538,.F.);
#12592=ORIENTED_EDGE('42312',*,*,#12591,.F.);
#12593=ORIENTED_EDGE('35514',*,*,#12577,.F.);
#12594=ORIENTED_EDGE('42287',*,*,#8607,.T.);
#12595=EDGE_LOOP('34702',(#12590,#12592,#12593,#12594));
#12596=FACE_OUTER_BOUND('34702',#12595,.F.);
#12597=ADVANCED_FACE('34702',(#12596),#12589,.T.);
#12598=CARTESIAN_POINT('',(1.58E1,8.55E-1,-1.449999999997E0));
#12599=DIRECTION('',(0.E0,0.E0,1.E0));
#12600=DIRECTION('',(0.E0,1.E0,0.E0));
#12601=AXIS2_PLACEMENT_3D('',#12598,#12599,#12600);
#12602=PLANE('34701',#12601);
#12603=ORIENTED_EDGE('42158',*,*,#12536,.F.);
#12604=ORIENTED_EDGE('42311',*,*,#12566,.F.);
#12605=ORIENTED_EDGE('34791',*,*,#12579,.F.);
#12606=ORIENTED_EDGE('42312',*,*,#12591,.T.);
#12607=EDGE_LOOP('34701',(#12603,#12604,#12605,#12606));
#12608=FACE_OUTER_BOUND('34701',#12607,.F.);
#12609=ADVANCED_FACE('34701',(#12608),#12602,.F.);
#12610=CARTESIAN_POINT('',(1.63E1,7.5E-1,-2.425E0));
#12611=DIRECTION('',(0.E0,1.E0,0.E0));
#12612=DIRECTION('',(1.E0,0.E0,0.E0));
#12613=AXIS2_PLACEMENT_3D('',#12610,#12611,#12612);
#12614=PLANE('24556',#12613);
#12615=ORIENTED_EDGE('28933',*,*,#12414,.T.);
#12616=ORIENTED_EDGE('28964',*,*,#7031,.F.);
#12617=ORIENTED_EDGE('28871',*,*,#8469,.F.);
#12618=ORIENTED_EDGE('28963',*,*,#7181,.F.);
#12619=EDGE_LOOP('24556',(#12615,#12616,#12617,#12618));
#12620=FACE_OUTER_BOUND('24556',#12619,.F.);
#12621=ADVANCED_FACE('24556',(#12620),#12614,.T.);
#12622=CARTESIAN_POINT('',(1.58E1,8.05E-1,-1.449999999997E0));
#12623=DIRECTION('',(0.E0,0.E0,1.E0));
#12624=DIRECTION('',(0.E0,1.E0,0.E0));
#12625=AXIS2_PLACEMENT_3D('',#12622,#12623,#12624);
#12626=PLANE('25402',#12625);
#12627=ORIENTED_EDGE('41681',*,*,#12417,.T.);
#12628=ORIENTED_EDGE('28915',*,*,#7177,.T.);
#12629=ORIENTED_EDGE('41682',*,*,#11987,.F.);
#12630=ORIENTED_EDGE('42160',*,*,#8803,.F.);
#12631=EDGE_LOOP('25402',(#12627,#12628,#12629,#12630));
#12632=FACE_OUTER_BOUND('25402',#12631,.F.);
#12633=ADVANCED_FACE('25402',(#12632),#12626,.T.);
#12634=CARTESIAN_POINT('',(1.63E1,8.E-1,-2.425E0));
#12635=DIRECTION('',(0.E0,1.E0,0.E0));
#12636=DIRECTION('',(1.E0,0.E0,0.E0));
#12637=AXIS2_PLACEMENT_3D('',#12634,#12635,#12636);
#12638=PLANE('34529',#12637);
#12639=ORIENTED_EDGE('41456',*,*,#8462,.T.);
#12640=ORIENTED_EDGE('42250',*,*,#8615,.F.);
#12641=ORIENTED_EDGE('41457',*,*,#12420,.F.);
#12642=ORIENTED_EDGE('41699',*,*,#8676,.T.);
#12643=EDGE_LOOP('34529',(#12639,#12640,#12641,#12642));
#12644=FACE_OUTER_BOUND('34529',#12643,.F.);
#12645=ADVANCED_FACE('34529',(#12644),#12638,.F.);
#12646=CARTESIAN_POINT('',(1.53E1,8.E-1,-2.425E0));
#12647=DIRECTION('',(0.E0,1.E0,0.E0));
#12648=DIRECTION('',(1.E0,0.E0,0.E0));
#12649=AXIS2_PLACEMENT_3D('',#12646,#12647,#12648);
#12650=PLANE('34528',#12649);
#12651=ORIENTED_EDGE('41461',*,*,#11984,.T.);
#12652=ORIENTED_EDGE('42249',*,*,#8603,.F.);
#12653=ORIENTED_EDGE('41462',*,*,#11660,.F.);
#12654=ORIENTED_EDGE('41701',*,*,#8692,.T.);
#12655=EDGE_LOOP('34528',(#12651,#12652,#12653,#12654));
#12656=FACE_OUTER_BOUND('34528',#12655,.F.);
#12657=ADVANCED_FACE('34528',(#12656),#12650,.F.);
#12658=CARTESIAN_POINT('',(1.48E1,2.31E0,-2.425E0));
#12659=DIRECTION('',(0.E0,1.E0,0.E0));
#12660=DIRECTION('',(0.E0,0.E0,-1.E0));
#12661=AXIS2_PLACEMENT_3D('',#12658,#12659,#12660);
#12662=PLANE('24593',#12661);
#12663=ORIENTED_EDGE('48170',*,*,#11422,.T.);
#12664=ORIENTED_EDGE('48181',*,*,#11476,.F.);
#12665=ORIENTED_EDGE('26895',*,*,#6911,.F.);
#12666=ORIENTED_EDGE('48182',*,*,#11579,.F.);
#12667=EDGE_LOOP('24593',(#12663,#12664,#12665,#12666));
#12668=FACE_OUTER_BOUND('24593',#12667,.F.);
#12669=ADVANCED_FACE('24593',(#12668),#12662,.F.);
#12670=CARTESIAN_POINT('',(1.42375E1,2.E0,-1.E0));
#12671=DIRECTION('',(0.E0,0.E0,1.E0));
#12672=DIRECTION('',(0.E0,-1.E0,0.E0));
#12673=AXIS2_PLACEMENT_3D('',#12670,#12671,#12672);
#12674=PLANE('24603',#12673);
#12675=ORIENTED_EDGE('48171',*,*,#11403,.T.);
#12676=ORIENTED_EDGE('48177',*,*,#11462,.F.);
#12677=ORIENTED_EDGE('26348',*,*,#11378,.F.);
#12679=ORIENTED_EDGE('27026',*,*,#12678,.T.);
#12681=ORIENTED_EDGE('48180',*,*,#12680,.T.);
#12682=EDGE_LOOP('24603',(#12675,#12676,#12677,#12679,#12681));
#12683=FACE_OUTER_BOUND('24603',#12682,.F.);
#12684=ADVANCED_FACE('24603',(#12683),#12674,.T.);
#12685=CARTESIAN_POINT('',(1.38E1,2.125E0,-6.E-1));
#12686=DIRECTION('',(1.E0,0.E0,0.E0));
#12687=DIRECTION('',(0.E0,0.E0,-1.E0));
#12688=AXIS2_PLACEMENT_3D('',#12685,#12686,#12687);
#12689=PLANE('24634',#12688);
#12690=ORIENTED_EDGE('26156',*,*,#7663,.F.);
#12692=ORIENTED_EDGE('26862',*,*,#12691,.F.);
#12693=ORIENTED_EDGE('27011',*,*,#6917,.F.);
#12695=ORIENTED_EDGE('27113',*,*,#12694,.T.);
#12696=ORIENTED_EDGE('27026',*,*,#12678,.F.);
#12697=ORIENTED_EDGE('26349',*,*,#11376,.F.);
#12698=EDGE_LOOP('24634',(#12690,#12692,#12693,#12695,#12696,#12697));
#12699=FACE_OUTER_BOUND('24634',#12698,.F.);
#12700=ADVANCED_FACE('24634',(#12699),#12689,.F.);
#12701=CARTESIAN_POINT('',(1.315E1,2.45E0,-2.75E0));
#12702=DIRECTION('',(0.E0,1.E0,0.E0));
#12703=DIRECTION('',(1.E0,0.E0,0.E0));
#12704=AXIS2_PLACEMENT_3D('',#12701,#12702,#12703);
#12705=PLANE('24539',#12704);
#12707=ORIENTED_EDGE('43077',*,*,#12706,.T.);
#12709=ORIENTED_EDGE('43078',*,*,#12708,.F.);
#12711=ORIENTED_EDGE('43079',*,*,#12710,.F.);
#12713=ORIENTED_EDGE('43083',*,*,#12712,.T.);
#12714=ORIENTED_EDGE('43054',*,*,#7910,.F.);
#12715=ORIENTED_EDGE('43049',*,*,#6857,.F.);
#12717=ORIENTED_EDGE('26864',*,*,#12716,.T.);
#12718=ORIENTED_EDGE('26863',*,*,#6919,.F.);
#12719=ORIENTED_EDGE('26862',*,*,#12691,.T.);
#12720=ORIENTED_EDGE('26157',*,*,#7661,.F.);
#12722=ORIENTED_EDGE('26861',*,*,#12721,.F.);
#12724=ORIENTED_EDGE('26860',*,*,#12723,.T.);
#12726=ORIENTED_EDGE('26859',*,*,#12725,.T.);
#12728=ORIENTED_EDGE('26858',*,*,#12727,.T.);
#12730=ORIENTED_EDGE('26778',*,*,#12729,.F.);
#12732=ORIENTED_EDGE('26844',*,*,#12731,.T.);
#12734=ORIENTED_EDGE('26857',*,*,#12733,.F.);
#12736=ORIENTED_EDGE('43082',*,*,#12735,.T.);
#12737=EDGE_LOOP('24539',(#12707,#12709,#12711,#12713,#12714,#12715,#12717,
#12718,#12719,#12720,#12722,#12724,#12726,#12728,#12730,#12732,#12734,#12736));
#12738=FACE_OUTER_BOUND('24539',#12737,.F.);
#12739=ADVANCED_FACE('24539',(#12738),#12705,.T.);
#12740=CARTESIAN_POINT('',(1.3675E1,1.375E0,-3.675E0));
#12741=DIRECTION('',(1.E0,0.E0,0.E0));
#12742=DIRECTION('',(0.E0,-1.E0,0.E0));
#12743=AXIS2_PLACEMENT_3D('',#12740,#12741,#12742);
#12744=PLANE('43030',#12743);
#12746=ORIENTED_EDGE('43496',*,*,#12745,.F.);
#12748=ORIENTED_EDGE('43508',*,*,#12747,.T.);
#12749=ORIENTED_EDGE('43077',*,*,#12706,.F.);
#12751=ORIENTED_EDGE('43075',*,*,#12750,.F.);
#12752=ORIENTED_EDGE('43072',*,*,#7880,.T.);
#12754=ORIENTED_EDGE('43492',*,*,#12753,.T.);
#12756=ORIENTED_EDGE('43480',*,*,#12755,.F.);
#12758=ORIENTED_EDGE('43490',*,*,#12757,.T.);
#12760=ORIENTED_EDGE('43046',*,*,#12759,.T.);
#12762=ORIENTED_EDGE('43047',*,*,#12761,.T.);
#12764=ORIENTED_EDGE('43041',*,*,#12763,.T.);
#12766=ORIENTED_EDGE('43042',*,*,#12765,.T.);
#12768=ORIENTED_EDGE('43043',*,*,#12767,.T.);
#12770=ORIENTED_EDGE('43506',*,*,#12769,.T.);
#12771=EDGE_LOOP('43030',(#12746,#12748,#12749,#12751,#12752,#12754,#12756,
#12758,#12760,#12762,#12764,#12766,#12768,#12770));
#12772=FACE_OUTER_BOUND('43030',#12771,.F.);
#12773=ADVANCED_FACE('43030',(#12772),#12744,.F.);
#12774=CARTESIAN_POINT('',(1.38E1,2.636305209003E0,-1.875E0));
#12775=DIRECTION('',(0.E0,9.396926207859E-1,3.420201433257E-1));
#12776=DIRECTION('',(0.E0,-3.420201433257E-1,9.396926207859E-1));
#12777=AXIS2_PLACEMENT_3D('',#12774,#12775,#12776);
#12778=PLANE('43476',#12777);
#12780=ORIENTED_EDGE('43494',*,*,#12779,.T.);
#12782=ORIENTED_EDGE('43495',*,*,#12781,.F.);
#12783=ORIENTED_EDGE('43496',*,*,#12745,.T.);
#12785=ORIENTED_EDGE('43497',*,*,#12784,.T.);
#12786=EDGE_LOOP('43476',(#12780,#12782,#12783,#12785));
#12787=FACE_OUTER_BOUND('43476',#12786,.F.);
#12788=ADVANCED_FACE('43476',(#12787),#12778,.T.);
#12789=CARTESIAN_POINT('',(1.3925E1,1.375E0,-3.675E0));
#12790=DIRECTION('',(1.E0,0.E0,0.E0));
#12791=DIRECTION('',(0.E0,-1.E0,0.E0));
#12792=AXIS2_PLACEMENT_3D('',#12789,#12790,#12791);
#12793=PLANE('43031',#12792);
#12794=ORIENTED_EDGE('43494',*,*,#12779,.F.);
#12796=ORIENTED_EDGE('43507',*,*,#12795,.F.);
#12798=ORIENTED_EDGE('43059',*,*,#12797,.F.);
#12800=ORIENTED_EDGE('43058',*,*,#12799,.F.);
#12802=ORIENTED_EDGE('43057',*,*,#12801,.F.);
#12804=ORIENTED_EDGE('43063',*,*,#12803,.F.);
#12806=ORIENTED_EDGE('43062',*,*,#12805,.F.);
#12808=ORIENTED_EDGE('43491',*,*,#12807,.F.);
#12810=ORIENTED_EDGE('43478',*,*,#12809,.F.);
#12812=ORIENTED_EDGE('43493',*,*,#12811,.F.);
#12813=ORIENTED_EDGE('43074',*,*,#7876,.F.);
#12815=ORIENTED_EDGE('43076',*,*,#12814,.T.);
#12816=ORIENTED_EDGE('43079',*,*,#12710,.T.);
#12818=ORIENTED_EDGE('43509',*,*,#12817,.F.);
#12819=EDGE_LOOP('43031',(#12794,#12796,#12798,#12800,#12802,#12804,#12806,
#12808,#12810,#12812,#12813,#12815,#12816,#12818));
#12820=FACE_OUTER_BOUND('43031',#12819,.F.);
#12821=ADVANCED_FACE('43031',(#12820),#12793,.T.);
#12822=CARTESIAN_POINT('',(1.38E1,2.7E0,-3.675E0));
#12823=DIRECTION('',(0.E0,-1.E0,0.E0));
#12824=DIRECTION('',(0.E0,0.E0,1.E0));
#12825=AXIS2_PLACEMENT_3D('',#12822,#12823,#12824);
#12826=PLANE('43033',#12825);
#12827=ORIENTED_EDGE('43497',*,*,#12784,.F.);
#12828=ORIENTED_EDGE('43506',*,*,#12769,.F.);
#12830=ORIENTED_EDGE('43065',*,*,#12829,.T.);
#12831=ORIENTED_EDGE('43507',*,*,#12795,.T.);
#12832=EDGE_LOOP('43033',(#12827,#12828,#12830,#12831));
#12833=FACE_OUTER_BOUND('43033',#12832,.F.);
#12834=ADVANCED_FACE('43033',(#12833),#12826,.F.);
#12835=CARTESIAN_POINT('',(1.38E1,2.55E0,-5.65E0));
#12836=DIRECTION('',(0.E0,0.E0,1.E0));
#12837=DIRECTION('',(0.E0,1.E0,0.E0));
#12838=AXIS2_PLACEMENT_3D('',#12835,#12836,#12837);
#12839=PLANE('43034',#12838);
#12840=ORIENTED_EDGE('43043',*,*,#12767,.F.);
#12842=ORIENTED_EDGE('43066',*,*,#12841,.T.);
#12843=ORIENTED_EDGE('43059',*,*,#12797,.T.);
#12844=ORIENTED_EDGE('43065',*,*,#12829,.F.);
#12845=EDGE_LOOP('43034',(#12840,#12842,#12843,#12844));
#12846=FACE_OUTER_BOUND('43034',#12845,.F.);
#12847=ADVANCED_FACE('43034',(#12846),#12839,.F.);
#12848=CARTESIAN_POINT('',(1.38E1,2.4E0,-5.575E0));
#12849=DIRECTION('',(0.E0,1.E0,0.E0));
#12850=DIRECTION('',(0.E0,0.E0,-1.E0));
#12851=AXIS2_PLACEMENT_3D('',#12848,#12849,#12850);
#12852=PLANE('43035',#12851);
#12853=ORIENTED_EDGE('43042',*,*,#12765,.F.);
#12855=ORIENTED_EDGE('43067',*,*,#12854,.T.);
#12856=ORIENTED_EDGE('43058',*,*,#12799,.T.);
#12857=ORIENTED_EDGE('43066',*,*,#12841,.F.);
#12858=EDGE_LOOP('43035',(#12853,#12855,#12856,#12857));
#12859=FACE_OUTER_BOUND('43035',#12858,.F.);
#12860=ADVANCED_FACE('43035',(#12859),#12852,.F.);
#12861=CARTESIAN_POINT('',(1.38E1,1.4E0,-5.5E0));
#12862=DIRECTION('',(0.E0,0.E0,1.E0));
#12863=DIRECTION('',(0.E0,1.E0,0.E0));
#12864=AXIS2_PLACEMENT_3D('',#12861,#12862,#12863);
#12865=PLANE('43036',#12864);
#12866=ORIENTED_EDGE('43041',*,*,#12763,.F.);
#12868=ORIENTED_EDGE('43068',*,*,#12867,.T.);
#12869=ORIENTED_EDGE('43057',*,*,#12801,.T.);
#12870=ORIENTED_EDGE('43067',*,*,#12854,.F.);
#12871=EDGE_LOOP('43036',(#12866,#12868,#12869,#12870));
#12872=FACE_OUTER_BOUND('43036',#12871,.F.);
#12873=ADVANCED_FACE('43036',(#12872),#12865,.F.);
#12874=CARTESIAN_POINT('',(1.38E1,4.E-1,-5.1E0));
#12875=DIRECTION('',(0.E0,1.E0,0.E0));
#12876=DIRECTION('',(0.E0,0.E0,-1.E0));
#12877=AXIS2_PLACEMENT_3D('',#12874,#12875,#12876);
#12878=PLANE('43037',#12877);
#12879=ORIENTED_EDGE('43047',*,*,#12761,.F.);
#12881=ORIENTED_EDGE('43069',*,*,#12880,.T.);
#12882=ORIENTED_EDGE('43063',*,*,#12803,.T.);
#12883=ORIENTED_EDGE('43068',*,*,#12867,.F.);
#12884=EDGE_LOOP('43037',(#12879,#12881,#12882,#12883));
#12885=FACE_OUTER_BOUND('43037',#12884,.F.);
#12886=ADVANCED_FACE('43037',(#12885),#12878,.F.);
#12887=CARTESIAN_POINT('',(1.38E1,2.25E-1,-4.7E0));
#12888=DIRECTION('',(0.E0,0.E0,1.E0));
#12889=DIRECTION('',(0.E0,1.E0,0.E0));
#12890=AXIS2_PLACEMENT_3D('',#12887,#12888,#12889);
#12891=PLANE('43038',#12890);
#12892=ORIENTED_EDGE('43046',*,*,#12759,.F.);
#12894=ORIENTED_EDGE('43070',*,*,#12893,.T.);
#12895=ORIENTED_EDGE('43062',*,*,#12805,.T.);
#12896=ORIENTED_EDGE('43069',*,*,#12880,.F.);
#12897=EDGE_LOOP('43038',(#12892,#12894,#12895,#12896));
#12898=FACE_OUTER_BOUND('43038',#12897,.F.);
#12899=ADVANCED_FACE('43038',(#12898),#12891,.F.);
#12900=CARTESIAN_POINT('',(1.38E1,4.999999999996E-2,-3.2E0));
#12901=DIRECTION('',(0.E0,1.E0,0.E0));
#12902=DIRECTION('',(0.E0,0.E0,-1.E0));
#12903=AXIS2_PLACEMENT_3D('',#12900,#12901,#12902);
#12904=PLANE('43039',#12903);
#12906=ORIENTED_EDGE('43479',*,*,#12905,.T.);
#12907=ORIENTED_EDGE('43491',*,*,#12807,.T.);
#12908=ORIENTED_EDGE('43070',*,*,#12893,.F.);
#12909=ORIENTED_EDGE('43490',*,*,#12757,.F.);
#12910=EDGE_LOOP('43039',(#12906,#12907,#12908,#12909));
#12911=FACE_OUTER_BOUND('43039',#12910,.F.);
#12912=ADVANCED_FACE('43039',(#12911),#12904,.F.);
#12913=CARTESIAN_POINT('',(1.38E1,1.136947909965E-1,-1.875E0));
#12914=DIRECTION('',(0.E0,-9.396926207859E-1,3.420201433257E-1));
#12915=DIRECTION('',(0.E0,-3.420201433257E-1,-9.396926207859E-1));
#12916=AXIS2_PLACEMENT_3D('',#12913,#12914,#12915);
#12917=PLANE('43474',#12916);
#12918=ORIENTED_EDGE('43478',*,*,#12809,.T.);
#12919=ORIENTED_EDGE('43479',*,*,#12905,.F.);
#12920=ORIENTED_EDGE('43480',*,*,#12755,.T.);
#12922=ORIENTED_EDGE('43481',*,*,#12921,.T.);
#12923=EDGE_LOOP('43474',(#12918,#12919,#12920,#12922));
#12924=FACE_OUTER_BOUND('43474',#12923,.F.);
#12925=ADVANCED_FACE('43474',(#12924),#12917,.T.);
#12926=CARTESIAN_POINT('',(1.38E1,1.5E-1,-1.7E0));
#12927=DIRECTION('',(0.E0,0.E0,-1.E0));
#12928=DIRECTION('',(0.E0,-1.E0,0.E0));
#12929=AXIS2_PLACEMENT_3D('',#12926,#12927,#12928);
#12930=PLANE('43040',#12929);
#12931=ORIENTED_EDGE('43481',*,*,#12921,.F.);
#12932=ORIENTED_EDGE('43492',*,*,#12753,.F.);
#12933=ORIENTED_EDGE('43073',*,*,#7878,.F.);
#12934=ORIENTED_EDGE('43493',*,*,#12811,.T.);
#12935=EDGE_LOOP('43040',(#12931,#12932,#12933,#12934));
#12936=FACE_OUTER_BOUND('43040',#12935,.F.);
#12937=ADVANCED_FACE('43040',(#12936),#12930,.F.);
#12938=CARTESIAN_POINT('',(1.38E1,1.35E0,-4.1E0));
#12939=DIRECTION('',(0.E0,0.E0,1.E0));
#12940=DIRECTION('',(1.E0,0.E0,0.E0));
#12941=AXIS2_PLACEMENT_3D('',#12938,#12939,#12940);
#12942=PLANE('24537',#12941);
#12943=ORIENTED_EDGE('43075',*,*,#12750,.T.);
#12944=ORIENTED_EDGE('43082',*,*,#12735,.F.);
#12946=ORIENTED_EDGE('26856',*,*,#12945,.T.);
#12947=ORIENTED_EDGE('43085',*,*,#7882,.F.);
#12948=EDGE_LOOP('24537',(#12943,#12944,#12946,#12947));
#12949=FACE_OUTER_BOUND('24537',#12948,.F.);
#12950=ADVANCED_FACE('24537',(#12949),#12942,.F.);
#12951=CARTESIAN_POINT('',(1.38E1,1.35E0,-4.1E0));
#12952=DIRECTION('',(0.E0,0.E0,1.E0));
#12953=DIRECTION('',(1.E0,0.E0,0.E0));
#12954=AXIS2_PLACEMENT_3D('',#12951,#12952,#12953);
#12955=PLANE('24537',#12954);
#12956=ORIENTED_EDGE('43076',*,*,#12814,.F.);
#12957=ORIENTED_EDGE('43084',*,*,#7874,.F.);
#12958=ORIENTED_EDGE('43051',*,*,#7912,.T.);
#12959=ORIENTED_EDGE('43083',*,*,#12712,.F.);
#12960=EDGE_LOOP('24537',(#12956,#12957,#12958,#12959));
#12961=FACE_OUTER_BOUND('24537',#12960,.F.);
#12962=ADVANCED_FACE('24537',(#12961),#12955,.F.);
#12963=CARTESIAN_POINT('',(1.3565E1,1.35E0,-4.55E0));
#12964=DIRECTION('',(1.E0,0.E0,0.E0));
#12965=DIRECTION('',(0.E0,0.E0,1.E0));
#12966=AXIS2_PLACEMENT_3D('',#12963,#12964,#12965);
#12967=PLANE('24538',#12966);
#12968=ORIENTED_EDGE('26856',*,*,#12945,.F.);
#12969=ORIENTED_EDGE('26857',*,*,#12733,.T.);
#12971=ORIENTED_EDGE('26845',*,*,#12970,.F.);
#12972=ORIENTED_EDGE('26853',*,*,#7884,.F.);
#12973=EDGE_LOOP('24538',(#12968,#12969,#12971,#12972));
#12974=FACE_OUTER_BOUND('24538',#12973,.F.);
#12975=ADVANCED_FACE('24538',(#12974),#12967,.T.);
#12976=CARTESIAN_POINT('',(1.34825E1,1.35E0,-5.25E0));
#12977=DIRECTION('',(9.496286491028E-1,0.E0,-3.133774542037E-1));
#12978=DIRECTION('',(3.133774542037E-1,0.E0,9.496286491028E-1));
#12979=AXIS2_PLACEMENT_3D('',#12976,#12977,#12978);
#12980=PLANE('24534',#12979);
#12982=ORIENTED_EDGE('26777',*,*,#12981,.F.);
#12983=ORIENTED_EDGE('26846',*,*,#7886,.F.);
#12984=ORIENTED_EDGE('26845',*,*,#12970,.T.);
#12985=ORIENTED_EDGE('26844',*,*,#12731,.F.);
#12986=EDGE_LOOP('24534',(#12982,#12983,#12984,#12985));
#12987=FACE_OUTER_BOUND('24534',#12986,.F.);
#12988=ADVANCED_FACE('24534',(#12987),#12980,.T.);
#12989=CARTESIAN_POINT('',(1.3225E1,1.35E0,-5.5E0));
#12990=DIRECTION('',(0.E0,0.E0,1.E0));
#12991=DIRECTION('',(-1.E0,0.E0,0.E0));
#12992=AXIS2_PLACEMENT_3D('',#12989,#12990,#12991);
#12993=PLANE('24501',#12992);
#12994=ORIENTED_EDGE('26777',*,*,#12981,.T.);
#12995=ORIENTED_EDGE('26778',*,*,#12729,.T.);
#12997=ORIENTED_EDGE('26779',*,*,#12996,.T.);
#12998=ORIENTED_EDGE('26780',*,*,#7888,.T.);
#12999=EDGE_LOOP('24501',(#12994,#12995,#12997,#12998));
#13000=FACE_OUTER_BOUND('24501',#12999,.F.);
#13001=ADVANCED_FACE('24501',(#13000),#12993,.F.);
#13002=CARTESIAN_POINT('',(1.305E1,1.35E0,-3.55E0));
#13003=DIRECTION('',(1.E0,0.E0,0.E0));
#13004=DIRECTION('',(0.E0,0.E0,-1.E0));
#13005=AXIS2_PLACEMENT_3D('',#13002,#13003,#13004);
#13006=PLANE('24928',#13005);
#13008=ORIENTED_EDGE('43277',*,*,#13007,.F.);
#13009=ORIENTED_EDGE('26852',*,*,#7890,.F.);
#13010=ORIENTED_EDGE('26779',*,*,#12996,.F.);
#13011=ORIENTED_EDGE('26858',*,*,#12727,.F.);
#13012=EDGE_LOOP('24928',(#13008,#13009,#13010,#13011));
#13013=FACE_OUTER_BOUND('24928',#13012,.F.);
#13014=ADVANCED_FACE('24928',(#13013),#13006,.F.);
#13015=CARTESIAN_POINT('',(1.285E1,4.25E-1,-4.65E0));
#13016=DIRECTION('',(0.E0,0.E0,1.E0));
#13017=DIRECTION('',(1.E0,0.E0,0.E0));
#13018=AXIS2_PLACEMENT_3D('',#13015,#13016,#13017);
#13019=PLANE('24926',#13018);
#13020=ORIENTED_EDGE('43277',*,*,#13007,.T.);
#13021=ORIENTED_EDGE('26859',*,*,#12725,.F.);
#13023=ORIENTED_EDGE('43278',*,*,#13022,.T.);
#13024=ORIENTED_EDGE('26851',*,*,#7892,.F.);
#13025=EDGE_LOOP('24926',(#13020,#13021,#13023,#13024));
#13026=FACE_OUTER_BOUND('24926',#13025,.F.);
#13027=ADVANCED_FACE('24926',(#13026),#13019,.F.);
#13028=CARTESIAN_POINT('',(1.2325E1,4.25E-1,-4.325E0));
#13029=DIRECTION('',(7.071067811861E-1,0.E0,7.071067811870E-1));
#13030=DIRECTION('',(7.071067811870E-1,0.E0,-7.071067811861E-1));
#13031=AXIS2_PLACEMENT_3D('',#13028,#13029,#13030);
#13032=PLANE('24924',#13031);
#13033=ORIENTED_EDGE('43278',*,*,#13022,.F.);
#13034=ORIENTED_EDGE('26860',*,*,#12723,.F.);
#13036=ORIENTED_EDGE('27371',*,*,#13035,.F.);
#13038=ORIENTED_EDGE('43268',*,*,#13037,.F.);
#13040=ORIENTED_EDGE('43273',*,*,#13039,.F.);
#13042=ORIENTED_EDGE('43267',*,*,#13041,.F.);
#13044=ORIENTED_EDGE('27369',*,*,#13043,.F.);
#13045=ORIENTED_EDGE('26850',*,*,#7894,.F.);
#13046=EDGE_LOOP('24924',(#13033,#13034,#13036,#13038,#13040,#13042,#13044,
#13045));
#13047=FACE_OUTER_BOUND('24924',#13046,.F.);
#13048=ADVANCED_FACE('24924',(#13047),#13032,.F.);
#13049=CARTESIAN_POINT('',(1.2E1,2.275E0,-2.6E0));
#13050=DIRECTION('',(1.E0,0.E0,0.E0));
#13051=DIRECTION('',(0.E0,0.E0,1.E0));
#13052=AXIS2_PLACEMENT_3D('',#13049,#13050,#13051);
#13053=PLANE('24922',#13052);
#13054=ORIENTED_EDGE('40126',*,*,#7256,.F.);
#13056=ORIENTED_EDGE('40315',*,*,#13055,.T.);
#13057=ORIENTED_EDGE('27371',*,*,#13035,.T.);
#13058=ORIENTED_EDGE('26861',*,*,#12721,.T.);
#13059=ORIENTED_EDGE('40302',*,*,#7659,.T.);
#13060=EDGE_LOOP('24922',(#13054,#13056,#13057,#13058,#13059));
#13061=FACE_OUTER_BOUND('24922',#13060,.F.);
#13062=ADVANCED_FACE('24922',(#13061),#13053,.F.);
#13063=CARTESIAN_POINT('',(1.2725E1,2.1E0,-2.925E0));
#13064=DIRECTION('',(0.E0,1.E0,0.E0));
#13065=DIRECTION('',(-1.E0,0.E0,0.E0));
#13066=AXIS2_PLACEMENT_3D('',#13063,#13064,#13065);
#13067=PLANE('24929',#13066);
#13068=ORIENTED_EDGE('40143',*,*,#7254,.F.);
#13070=ORIENTED_EDGE('43313',*,*,#13069,.T.);
#13071=ORIENTED_EDGE('43268',*,*,#13037,.T.);
#13072=ORIENTED_EDGE('40315',*,*,#13055,.F.);
#13073=EDGE_LOOP('24929',(#13068,#13070,#13071,#13072));
#13074=FACE_OUTER_BOUND('24929',#13073,.F.);
#13075=ADVANCED_FACE('24929',(#13074),#13067,.F.);
#13076=CARTESIAN_POINT('',(1.21E1,2.5E-1,-1.2E0));
#13077=DIRECTION('',(-1.E0,0.E0,0.E0));
#13078=DIRECTION('',(0.E0,0.E0,-1.E0));
#13079=AXIS2_PLACEMENT_3D('',#13076,#13077,#13078);
#13080=PLANE('43258',#13079);
#13081=ORIENTED_EDGE('43310',*,*,#7252,.T.);
#13083=ORIENTED_EDGE('43312',*,*,#13082,.T.);
#13084=ORIENTED_EDGE('43273',*,*,#13039,.T.);
#13085=ORIENTED_EDGE('43313',*,*,#13069,.F.);
#13086=EDGE_LOOP('43258',(#13081,#13083,#13084,#13085));
#13087=FACE_OUTER_BOUND('43258',#13086,.F.);
#13088=ADVANCED_FACE('43258',(#13087),#13080,.T.);
#13089=CARTESIAN_POINT('',(1.2725E1,6.E-1,-2.925E0));
#13090=DIRECTION('',(0.E0,1.E0,0.E0));
#13091=DIRECTION('',(1.E0,0.E0,0.E0));
#13092=AXIS2_PLACEMENT_3D('',#13089,#13090,#13091);
#13093=PLANE('24923',#13092);
#13094=ORIENTED_EDGE('40127',*,*,#7250,.F.);
#13096=ORIENTED_EDGE('40314',*,*,#13095,.F.);
#13097=ORIENTED_EDGE('43267',*,*,#13041,.T.);
#13098=ORIENTED_EDGE('43312',*,*,#13082,.F.);
#13099=EDGE_LOOP('24923',(#13094,#13096,#13097,#13098));
#13100=FACE_OUTER_BOUND('24923',#13099,.F.);
#13101=ADVANCED_FACE('24923',(#13100),#13093,.T.);
#13102=CARTESIAN_POINT('',(1.2E1,4.25E-1,-2.6E0));
#13103=DIRECTION('',(1.E0,0.E0,0.E0));
#13104=DIRECTION('',(0.E0,0.E0,1.E0));
#13105=AXIS2_PLACEMENT_3D('',#13102,#13103,#13104);
#13106=PLANE('24921',#13105);
#13107=ORIENTED_EDGE('40125',*,*,#7248,.T.);
#13108=ORIENTED_EDGE('40308',*,*,#7896,.T.);
#13109=ORIENTED_EDGE('27369',*,*,#13043,.T.);
#13110=ORIENTED_EDGE('40314',*,*,#13095,.T.);
#13111=EDGE_LOOP('24921',(#13107,#13108,#13109,#13110));
#13112=FACE_OUTER_BOUND('24921',#13111,.F.);
#13113=ADVANCED_FACE('24921',(#13112),#13106,.F.);
#13114=CARTESIAN_POINT('',(1.38E1,2.575E0,-1.7E0));
#13115=DIRECTION('',(0.E0,0.E0,-1.E0));
#13116=DIRECTION('',(0.E0,-1.E0,0.E0));
#13117=AXIS2_PLACEMENT_3D('',#13114,#13115,#13116);
#13118=PLANE('43032',#13117);
#13119=ORIENTED_EDGE('43495',*,*,#12781,.T.);
#13120=ORIENTED_EDGE('43509',*,*,#12817,.T.);
#13121=ORIENTED_EDGE('43078',*,*,#12708,.T.);
#13122=ORIENTED_EDGE('43508',*,*,#12747,.F.);
#13123=EDGE_LOOP('43032',(#13119,#13120,#13121,#13122));
#13124=FACE_OUTER_BOUND('43032',#13123,.F.);
#13125=ADVANCED_FACE('43032',(#13124),#13118,.F.);
#13126=CARTESIAN_POINT('',(1.43E1,2.575E0,-2.4E0));
#13127=DIRECTION('',(1.E0,0.E0,0.E0));
#13128=DIRECTION('',(0.E0,1.E0,0.E0));
#13129=AXIS2_PLACEMENT_3D('',#13126,#13127,#13128);
#13130=PLANE('24913',#13129);
#13131=ORIENTED_EDGE('26590',*,*,#6855,.F.);
#13132=ORIENTED_EDGE('27360',*,*,#6878,.F.);
#13133=ORIENTED_EDGE('27012',*,*,#6921,.F.);
#13134=ORIENTED_EDGE('26864',*,*,#12716,.F.);
#13135=EDGE_LOOP('24913',(#13131,#13132,#13133,#13134));
#13136=FACE_OUTER_BOUND('24913',#13135,.F.);
#13137=ADVANCED_FACE('24913',(#13136),#13130,.F.);
#13138=CARTESIAN_POINT('',(1.42375E1,2.2E0,-5.E-1));
#13139=DIRECTION('',(0.E0,1.E0,0.E0));
#13140=DIRECTION('',(0.E0,0.E0,-1.E0));
#13141=AXIS2_PLACEMENT_3D('',#13138,#13139,#13140);
#13142=PLANE('24635',#13141);
#13143=ORIENTED_EDGE('48173',*,*,#11405,.F.);
#13144=ORIENTED_EDGE('48180',*,*,#12680,.F.);
#13145=ORIENTED_EDGE('27113',*,*,#12694,.F.);
#13146=ORIENTED_EDGE('27010',*,*,#6915,.F.);
#13147=ORIENTED_EDGE('48176',*,*,#11473,.F.);
#13148=EDGE_LOOP('24635',(#13143,#13144,#13145,#13146,#13147));
#13149=FACE_OUTER_BOUND('24635',#13148,.F.);
#13150=ADVANCED_FACE('24635',(#13149),#13142,.F.);
#13151=CARTESIAN_POINT('',(1.38E1,1.025E0,-2.875E0));
#13152=DIRECTION('',(1.E0,0.E0,0.E0));
#13153=DIRECTION('',(0.E0,0.E0,1.E0));
#13154=AXIS2_PLACEMENT_3D('',#13151,#13152,#13153);
#13155=PLANE('43648',#13154);
#13156=ORIENTED_EDGE('43658',*,*,#11299,.F.);
#13157=ORIENTED_EDGE('43665',*,*,#8585,.T.);
#13159=ORIENTED_EDGE('48246',*,*,#13158,.T.);
#13161=ORIENTED_EDGE('43664',*,*,#13160,.F.);
#13162=EDGE_LOOP('43648',(#13156,#13157,#13159,#13161));
#13163=FACE_OUTER_BOUND('43648',#13162,.F.);
#13164=ADVANCED_FACE('43648',(#13163),#13155,.F.);
#13165=CARTESIAN_POINT('',(1.2E1,1.3E0,0.E0));
#13166=DIRECTION('',(0.E0,-1.E0,0.E0));
#13167=DIRECTION('',(1.E0,0.E0,0.E0));
#13168=AXIS2_PLACEMENT_3D('',#13165,#13166,#13167);
#13169=PLANE('48238',#13168);
#13170=ORIENTED_EDGE('48874',*,*,#11125,.F.);
#13171=ORIENTED_EDGE('48252',*,*,#11220,.T.);
#13172=ORIENTED_EDGE('48240',*,*,#11234,.T.);
#13173=ORIENTED_EDGE('48253',*,*,#11253,.T.);
#13174=ORIENTED_EDGE('48244',*,*,#11282,.T.);
#13176=ORIENTED_EDGE('48245',*,*,#13175,.F.);
#13177=ORIENTED_EDGE('48246',*,*,#13158,.F.);
#13178=ORIENTED_EDGE('48875',*,*,#8583,.F.);
#13180=ORIENTED_EDGE('48276',*,*,#13179,.T.);
#13182=ORIENTED_EDGE('48275',*,*,#13181,.T.);
#13183=ORIENTED_EDGE('48274',*,*,#11014,.F.);
#13184=ORIENTED_EDGE('48279',*,*,#11061,.F.);
#13185=ORIENTED_EDGE('48273',*,*,#11081,.F.);
#13186=ORIENTED_EDGE('48278',*,*,#11096,.F.);
#13187=EDGE_LOOP('48238',(#13170,#13171,#13172,#13173,#13174,#13176,#13177,
#13178,#13180,#13182,#13183,#13184,#13185,#13186));
#13188=FACE_OUTER_BOUND('48238',#13187,.F.);
#13189=ADVANCED_FACE('48238',(#13188),#13169,.F.);
#13190=CARTESIAN_POINT('',(1.389373329919E1,1.025E0,-2.218412044417E0));
#13191=DIRECTION('',(9.848077530121E-1,0.E0,-1.736481776675E-1));
#13192=DIRECTION('',(1.736481776675E-1,0.E0,9.848077530121E-1));
#13193=AXIS2_PLACEMENT_3D('',#13190,#13191,#13192);
#13194=PLANE('43647',#13193);
#13195=ORIENTED_EDGE('43657',*,*,#11301,.F.);
#13196=ORIENTED_EDGE('43664',*,*,#13160,.T.);
#13197=ORIENTED_EDGE('48245',*,*,#13175,.T.);
#13198=ORIENTED_EDGE('43663',*,*,#11280,.T.);
#13199=EDGE_LOOP('43647',(#13195,#13196,#13197,#13198));
#13200=FACE_OUTER_BOUND('43647',#13199,.F.);
#13201=ADVANCED_FACE('43647',(#13200),#13194,.F.);
#13202=CARTESIAN_POINT('',(2.08E1,1.025E0,-2.875E0));
#13203=DIRECTION('',(1.E0,0.E0,0.E0));
#13204=DIRECTION('',(0.E0,0.E0,1.E0));
#13205=AXIS2_PLACEMENT_3D('',#13202,#13203,#13204);
#13206=PLANE('48266',#13205);
#13207=ORIENTED_EDGE('48269',*,*,#10996,.T.);
#13209=ORIENTED_EDGE('48271',*,*,#13208,.T.);
#13210=ORIENTED_EDGE('48276',*,*,#13179,.F.);
#13211=ORIENTED_EDGE('48272',*,*,#8581,.F.);
#13212=EDGE_LOOP('48266',(#13207,#13209,#13210,#13211));
#13213=FACE_OUTER_BOUND('48266',#13212,.F.);
#13214=ADVANCED_FACE('48266',(#13213),#13206,.T.);
#13215=CARTESIAN_POINT('',(2.070626670081E1,1.025E0,-2.218412044417E0));
#13216=DIRECTION('',(9.848077530121E-1,0.E0,1.736481776675E-1));
#13217=DIRECTION('',(-1.736481776675E-1,0.E0,9.848077530121E-1));
#13218=AXIS2_PLACEMENT_3D('',#13215,#13216,#13217);
#13219=PLANE('48265',#13218);
#13220=ORIENTED_EDGE('48268',*,*,#10994,.T.);
#13221=ORIENTED_EDGE('48270',*,*,#11016,.F.);
#13222=ORIENTED_EDGE('48275',*,*,#13181,.F.);
#13223=ORIENTED_EDGE('48271',*,*,#13208,.F.);
#13224=EDGE_LOOP('48265',(#13220,#13221,#13222,#13223));
#13225=FACE_OUTER_BOUND('48265',#13224,.F.);
#13226=ADVANCED_FACE('48265',(#13225),#13219,.T.);
#13227=CARTESIAN_POINT('',(2.1325E1,2.3E0,-6.000000000001E-1));
#13228=DIRECTION('',(0.E0,-1.E0,0.E0));
#13229=DIRECTION('',(-1.E0,0.E0,0.E0));
#13230=AXIS2_PLACEMENT_3D('',#13227,#13228,#13229);
#13231=PLANE('37107',#13230);
#13232=ORIENTED_EDGE('40027',*,*,#7697,.F.);
#13234=ORIENTED_EDGE('40412',*,*,#13233,.F.);
#13235=ORIENTED_EDGE('37162',*,*,#11128,.T.);
#13236=ORIENTED_EDGE('37161',*,*,#11099,.T.);
#13237=ORIENTED_EDGE('37160',*,*,#11084,.F.);
#13238=ORIENTED_EDGE('37159',*,*,#11069,.T.);
#13240=ORIENTED_EDGE('40413',*,*,#13239,.T.);
#13241=EDGE_LOOP('37107',(#13232,#13234,#13235,#13236,#13237,#13238,#13240));
#13242=FACE_OUTER_BOUND('37107',#13241,.F.);
#13243=ADVANCED_FACE('37107',(#13242),#13231,.F.);
#13244=CARTESIAN_POINT('',(2.17E1,2.25E0,-6.E-1));
#13245=DIRECTION('',(1.E0,0.E0,0.E0));
#13246=DIRECTION('',(0.E0,0.E0,-1.E0));
#13247=AXIS2_PLACEMENT_3D('',#13244,#13245,#13246);
#13248=PLANE('37106',#13247);
#13249=ORIENTED_EDGE('40026',*,*,#7695,.F.);
#13251=ORIENTED_EDGE('40411',*,*,#13250,.T.);
#13252=ORIENTED_EDGE('37158',*,*,#11130,.T.);
#13253=ORIENTED_EDGE('40412',*,*,#13233,.T.);
#13254=EDGE_LOOP('37106',(#13249,#13251,#13252,#13253));
#13255=FACE_OUTER_BOUND('37106',#13254,.F.);
#13256=ADVANCED_FACE('37106',(#13255),#13248,.T.);
#13257=CARTESIAN_POINT('',(2.235E1,2.2E0,-6.000000000001E-1));
#13258=DIRECTION('',(0.E0,-1.E0,0.E0));
#13259=DIRECTION('',(0.E0,0.E0,-1.E0));
#13260=AXIS2_PLACEMENT_3D('',#13257,#13258,#13259);
#13261=PLANE('37105',#13260);
#13262=ORIENTED_EDGE('40025',*,*,#7693,.F.);
#13263=ORIENTED_EDGE('40425',*,*,#7298,.F.);
#13265=ORIENTED_EDGE('37154',*,*,#13264,.T.);
#13266=ORIENTED_EDGE('37157',*,*,#11132,.F.);
#13267=ORIENTED_EDGE('40411',*,*,#13250,.F.);
#13268=EDGE_LOOP('37105',(#13262,#13263,#13265,#13266,#13267));
#13269=FACE_OUTER_BOUND('37105',#13268,.F.);
#13270=ADVANCED_FACE('37105',(#13269),#13261,.F.);
#13271=CARTESIAN_POINT('',(2.3E1,2.E0,4.353875514987E-2));
#13272=DIRECTION('',(0.E0,0.E0,1.E0));
#13273=DIRECTION('',(1.E0,0.E0,0.E0));
#13274=AXIS2_PLACEMENT_3D('',#13271,#13272,#13273);
#13275=CYLINDRICAL_SURFACE('37104',#13274,2.E-1);
#13276=ORIENTED_EDGE('37149',*,*,#7296,.T.);
#13278=ORIENTED_EDGE('37156',*,*,#13277,.F.);
#13279=ORIENTED_EDGE('37155',*,*,#11134,.F.);
#13280=ORIENTED_EDGE('37154',*,*,#13264,.F.);
#13281=EDGE_LOOP('37104',(#13276,#13278,#13279,#13280));
#13282=FACE_OUTER_BOUND('37104',#13281,.F.);
#13283=ADVANCED_FACE('37104',(#13282),#13275,.T.);
#13284=CARTESIAN_POINT('',(2.32E1,1.175E0,-6.000000000001E-1));
#13285=DIRECTION('',(1.E0,0.E0,0.E0));
#13286=DIRECTION('',(0.E0,0.E0,-1.E0));
#13287=AXIS2_PLACEMENT_3D('',#13284,#13285,#13286);
#13288=PLANE('37125',#13287);
#13289=ORIENTED_EDGE('37156',*,*,#13277,.T.);
#13290=ORIENTED_EDGE('37153',*,*,#7294,.T.);
#13292=ORIENTED_EDGE('37181',*,*,#13291,.T.);
#13293=ORIENTED_EDGE('37177',*,*,#11136,.T.);
#13294=EDGE_LOOP('37125',(#13289,#13290,#13292,#13293));
#13295=FACE_OUTER_BOUND('37125',#13294,.F.);
#13296=ADVANCED_FACE('37125',(#13295),#13288,.T.);
#13297=CARTESIAN_POINT('',(2.3E1,3.5E-1,-1.243538755150E0));
#13298=DIRECTION('',(0.E0,0.E0,-1.E0));
#13299=DIRECTION('',(1.E0,0.E0,0.E0));
#13300=AXIS2_PLACEMENT_3D('',#13297,#13298,#13299);
#13301=CYLINDRICAL_SURFACE('37124',#13300,2.E-1);
#13302=ORIENTED_EDGE('37176',*,*,#11138,.F.);
#13303=ORIENTED_EDGE('37181',*,*,#13291,.F.);
#13304=ORIENTED_EDGE('37152',*,*,#7292,.T.);
#13306=ORIENTED_EDGE('37180',*,*,#13305,.F.);
#13307=EDGE_LOOP('37124',(#13302,#13303,#13304,#13306));
#13308=FACE_OUTER_BOUND('37124',#13307,.F.);
#13309=ADVANCED_FACE('37124',(#13308),#13301,.T.);
#13310=CARTESIAN_POINT('',(2.235E1,1.5E-1,-6.000000000001E-1));
#13311=DIRECTION('',(0.E0,-1.E0,0.E0));
#13312=DIRECTION('',(-1.E0,0.E0,0.E0));
#13313=AXIS2_PLACEMENT_3D('',#13310,#13311,#13312);
#13314=PLANE('37123',#13313);
#13315=ORIENTED_EDGE('37180',*,*,#13305,.T.);
#13316=ORIENTED_EDGE('37151',*,*,#7290,.T.);
#13318=ORIENTED_EDGE('37179',*,*,#13317,.F.);
#13319=ORIENTED_EDGE('37175',*,*,#11140,.T.);
#13320=EDGE_LOOP('37123',(#13315,#13316,#13318,#13319));
#13321=FACE_OUTER_BOUND('37123',#13320,.F.);
#13322=ADVANCED_FACE('37123',(#13321),#13314,.T.);
#13323=CARTESIAN_POINT('',(2.17E1,1.E-1,-6.000000000001E-1));
#13324=DIRECTION('',(1.E0,0.E0,0.E0));
#13325=DIRECTION('',(0.E0,0.E0,1.E0));
#13326=AXIS2_PLACEMENT_3D('',#13323,#13324,#13325);
#13327=PLANE('37122',#13326);
#13328=ORIENTED_EDGE('42070',*,*,#7825,.T.);
#13329=ORIENTED_EDGE('42076',*,*,#11142,.T.);
#13330=ORIENTED_EDGE('37179',*,*,#13317,.T.);
#13331=ORIENTED_EDGE('42074',*,*,#7288,.T.);
#13332=EDGE_LOOP('37122',(#13328,#13329,#13330,#13331));
#13333=FACE_OUTER_BOUND('37122',#13332,.F.);
#13334=ADVANCED_FACE('37122',(#13333),#13327,.T.);
#13335=CARTESIAN_POINT('',(2.113608024860E1,5.E-3,-1.6E0));
#13336=DIRECTION('',(0.E0,-1.E0,0.E0));
#13337=DIRECTION('',(1.E0,0.E0,0.E0));
#13338=AXIS2_PLACEMENT_3D('',#13335,#13336,#13337);
#13339=CYLINDRICAL_SURFACE('37108',#13338,5.E-1);
#13340=ORIENTED_EDGE('40028',*,*,#7699,.F.);
#13341=ORIENTED_EDGE('40413',*,*,#13239,.F.);
#13342=ORIENTED_EDGE('42075',*,*,#11067,.T.);
#13343=ORIENTED_EDGE('42072',*,*,#7828,.T.);
#13344=ORIENTED_EDGE('42406',*,*,#7284,.F.);
#13345=EDGE_LOOP('37108',(#13340,#13341,#13342,#13343,#13344));
#13346=FACE_OUTER_BOUND('37108',#13345,.F.);
#13347=ADVANCED_FACE('37108',(#13346),#13339,.F.);
#13348=CARTESIAN_POINT('',(1.98E1,1.46E0,-4.999999999997E0));
#13349=DIRECTION('',(0.E0,0.E0,-1.E0));
#13350=DIRECTION('',(0.E0,1.E0,0.E0));
#13351=AXIS2_PLACEMENT_3D('',#13348,#13349,#13350);
#13352=PLANE('38003',#13351);
#13353=ORIENTED_EDGE('38043',*,*,#8833,.F.);
#13354=ORIENTED_EDGE('38055',*,*,#8884,.F.);
#13355=ORIENTED_EDGE('38057',*,*,#7406,.T.);
#13357=ORIENTED_EDGE('38056',*,*,#13356,.T.);
#13358=EDGE_LOOP('38003',(#13353,#13354,#13355,#13357));
#13359=FACE_OUTER_BOUND('38003',#13358,.F.);
#13360=ADVANCED_FACE('38003',(#13359),#13352,.F.);
#13361=CARTESIAN_POINT('',(1.98E1,1.01E0,-3.224999999997E0));
#13362=DIRECTION('',(0.E0,-1.E0,0.E0));
#13363=DIRECTION('',(0.E0,0.E0,-1.E0));
#13364=AXIS2_PLACEMENT_3D('',#13361,#13362,#13363);
#13365=PLANE('38004',#13364);
#13366=ORIENTED_EDGE('39690',*,*,#7462,.F.);
#13367=ORIENTED_EDGE('39699',*,*,#8835,.F.);
#13368=ORIENTED_EDGE('38056',*,*,#13356,.F.);
#13369=ORIENTED_EDGE('39708',*,*,#7404,.T.);
#13370=EDGE_LOOP('38004',(#13366,#13367,#13368,#13369));
#13371=FACE_OUTER_BOUND('38004',#13370,.F.);
#13372=ADVANCED_FACE('38004',(#13371),#13365,.F.);
#13373=CARTESIAN_POINT('',(1.98E1,1.01E0,-3.224999999997E0));
#13374=DIRECTION('',(0.E0,-1.E0,0.E0));
#13375=DIRECTION('',(0.E0,0.E0,-1.E0));
#13376=AXIS2_PLACEMENT_3D('',#13373,#13374,#13375);
#13377=PLANE('38004',#13376);
#13378=ORIENTED_EDGE('40516',*,*,#8869,.F.);
#13379=ORIENTED_EDGE('39675',*,*,#7114,.T.);
#13380=ORIENTED_EDGE('40517',*,*,#7420,.T.);
#13382=ORIENTED_EDGE('42226',*,*,#13381,.F.);
#13384=ORIENTED_EDGE('42225',*,*,#13383,.F.);
#13386=ORIENTED_EDGE('42224',*,*,#13385,.T.);
#13387=EDGE_LOOP('38004',(#13378,#13379,#13380,#13382,#13384,#13386));
#13388=FACE_OUTER_BOUND('38004',#13387,.F.);
#13389=ADVANCED_FACE('38004',(#13388),#13377,.F.);
#13390=CARTESIAN_POINT('',(1.9925E1,1.7E0,-3.674999999998E0));
#13391=DIRECTION('',(1.E0,0.E0,0.E0));
#13392=DIRECTION('',(0.E0,-1.E0,0.E0));
#13393=AXIS2_PLACEMENT_3D('',#13390,#13391,#13392);
#13394=PLANE('37103',#13393);
#13395=ORIENTED_EDGE('42226',*,*,#13381,.T.);
#13396=ORIENTED_EDGE('42375',*,*,#8572,.F.);
#13398=ORIENTED_EDGE('37487',*,*,#13397,.T.);
#13400=ORIENTED_EDGE('42399',*,*,#13399,.T.);
#13401=EDGE_LOOP('37103',(#13395,#13396,#13398,#13400));
#13402=FACE_OUTER_BOUND('37103',#13401,.F.);
#13403=ADVANCED_FACE('37103',(#13402),#13394,.F.);
#13404=CARTESIAN_POINT('',(1.98E1,1.06E0,-3.224999999997E0));
#13405=DIRECTION('',(0.E0,-1.E0,0.E0));
#13406=DIRECTION('',(0.E0,0.E0,-1.E0));
#13407=AXIS2_PLACEMENT_3D('',#13404,#13405,#13406);
#13408=PLANE('37101',#13407);
#13409=ORIENTED_EDGE('37333',*,*,#8570,.F.);
#13411=ORIENTED_EDGE('37485',*,*,#13410,.T.);
#13413=ORIENTED_EDGE('37135',*,*,#13412,.F.);
#13414=ORIENTED_EDGE('37487',*,*,#13397,.F.);
#13415=EDGE_LOOP('37101',(#13409,#13411,#13413,#13414));
#13416=FACE_OUTER_BOUND('37101',#13415,.F.);
#13417=ADVANCED_FACE('37101',(#13416),#13408,.T.);
#13418=CARTESIAN_POINT('',(1.9675E1,1.7E0,-3.674999999998E0));
#13419=DIRECTION('',(1.E0,0.E0,0.E0));
#13420=DIRECTION('',(0.E0,-1.E0,0.E0));
#13421=AXIS2_PLACEMENT_3D('',#13418,#13419,#13420);
#13422=PLANE('37100',#13421);
#13423=ORIENTED_EDGE('42224',*,*,#13385,.F.);
#13425=ORIENTED_EDGE('42398',*,*,#13424,.F.);
#13426=ORIENTED_EDGE('37485',*,*,#13410,.F.);
#13427=ORIENTED_EDGE('42374',*,*,#8568,.T.);
#13428=EDGE_LOOP('37100',(#13423,#13425,#13426,#13427));
#13429=FACE_OUTER_BOUND('37100',#13428,.F.);
#13430=ADVANCED_FACE('37100',(#13429),#13422,.T.);
#13431=CARTESIAN_POINT('',(1.98E1,8.55E-1,-1.449999999997E0));
#13432=DIRECTION('',(0.E0,0.E0,-1.E0));
#13433=DIRECTION('',(0.E0,1.E0,0.E0));
#13434=AXIS2_PLACEMENT_3D('',#13431,#13432,#13433);
#13435=PLANE('37102',#13434);
#13436=ORIENTED_EDGE('42225',*,*,#13383,.T.);
#13437=ORIENTED_EDGE('42399',*,*,#13399,.F.);
#13438=ORIENTED_EDGE('37135',*,*,#13412,.T.);
#13439=ORIENTED_EDGE('42398',*,*,#13424,.T.);
#13440=EDGE_LOOP('37102',(#13436,#13437,#13438,#13439));
#13441=FACE_OUTER_BOUND('37102',#13440,.F.);
#13442=ADVANCED_FACE('37102',(#13441),#13435,.T.);
#13443=CARTESIAN_POINT('',(1.98E1,6.E-1,-3.624999999997E0));
#13444=DIRECTION('',(0.E0,-1.E0,0.E0));
#13445=DIRECTION('',(0.E0,0.E0,1.E0));
#13446=AXIS2_PLACEMENT_3D('',#13443,#13444,#13445);
#13447=PLANE('38006',#13446);
#13448=ORIENTED_EDGE('39689',*,*,#7465,.F.);
#13449=ORIENTED_EDGE('39711',*,*,#7400,.T.);
#13451=ORIENTED_EDGE('38059',*,*,#13450,.T.);
#13452=ORIENTED_EDGE('39702',*,*,#8838,.F.);
#13453=EDGE_LOOP('38006',(#13448,#13449,#13451,#13452));
#13454=FACE_OUTER_BOUND('38006',#13453,.F.);
#13455=ADVANCED_FACE('38006',(#13454),#13447,.T.);
#13456=CARTESIAN_POINT('',(1.98E1,1.45E0,-5.799999999997E0));
#13457=DIRECTION('',(0.E0,0.E0,-1.E0));
#13458=DIRECTION('',(0.E0,-1.E0,0.E0));
#13459=AXIS2_PLACEMENT_3D('',#13456,#13457,#13458);
#13460=PLANE('38007',#13459);
#13461=ORIENTED_EDGE('38044',*,*,#8840,.F.);
#13462=ORIENTED_EDGE('38059',*,*,#13450,.F.);
#13463=ORIENTED_EDGE('38060',*,*,#7398,.T.);
#13465=ORIENTED_EDGE('38047',*,*,#13464,.F.);
#13466=EDGE_LOOP('38007',(#13461,#13462,#13463,#13465));
#13467=FACE_OUTER_BOUND('38007',#13466,.F.);
#13468=ADVANCED_FACE('38007',(#13467),#13460,.T.);
#13469=CARTESIAN_POINT('',(1.98E1,2.35E0,-6.149999999999E0));
#13470=DIRECTION('',(0.E0,-9.899494936612E-1,-1.414213562367E-1));
#13471=DIRECTION('',(0.E0,-1.414213562367E-1,9.899494936612E-1));
#13472=AXIS2_PLACEMENT_3D('',#13469,#13470,#13471);
#13473=PLANE('37995',#13472);
#13474=ORIENTED_EDGE('38039',*,*,#8842,.T.);
#13475=ORIENTED_EDGE('38047',*,*,#13464,.T.);
#13476=ORIENTED_EDGE('38046',*,*,#7396,.F.);
#13478=ORIENTED_EDGE('38045',*,*,#13477,.T.);
#13479=EDGE_LOOP('37995',(#13474,#13475,#13476,#13478));
#13480=FACE_OUTER_BOUND('37995',#13479,.F.);
#13481=ADVANCED_FACE('37995',(#13480),#13473,.T.);
#13482=CARTESIAN_POINT('',(1.98E1,2.55E0,-6.5E0));
#13483=DIRECTION('',(0.E0,0.E0,-1.E0));
#13484=DIRECTION('',(0.E0,-1.E0,0.E0));
#13485=AXIS2_PLACEMENT_3D('',#13482,#13483,#13484);
#13486=PLANE('37996',#13485);
#13487=ORIENTED_EDGE('38040',*,*,#8844,.F.);
#13488=ORIENTED_EDGE('38045',*,*,#13477,.F.);
#13489=ORIENTED_EDGE('38049',*,*,#7394,.T.);
#13491=ORIENTED_EDGE('38048',*,*,#13490,.T.);
#13492=EDGE_LOOP('37996',(#13487,#13488,#13489,#13491));
#13493=FACE_OUTER_BOUND('37996',#13492,.F.);
#13494=ADVANCED_FACE('37996',(#13493),#13486,.T.);
#13495=CARTESIAN_POINT('',(1.98E1,2.625E0,-5.974999999999E0));
#13496=DIRECTION('',(0.E0,-9.899494936612E-1,-1.414213562369E-1));
#13497=DIRECTION('',(0.E0,1.414213562369E-1,-9.899494936612E-1));
#13498=AXIS2_PLACEMENT_3D('',#13495,#13496,#13497);
#13499=PLANE('37997',#13498);
#13500=ORIENTED_EDGE('38041',*,*,#8846,.T.);
#13501=ORIENTED_EDGE('38048',*,*,#13490,.F.);
#13502=ORIENTED_EDGE('38051',*,*,#7392,.F.);
#13504=ORIENTED_EDGE('38050',*,*,#13503,.T.);
#13505=EDGE_LOOP('37997',(#13500,#13501,#13502,#13504));
#13506=FACE_OUTER_BOUND('37997',#13505,.F.);
#13507=ADVANCED_FACE('37997',(#13506),#13499,.F.);
#13508=CARTESIAN_POINT('',(1.98E1,2.43E0,-5.449999999997E0));
#13509=DIRECTION('',(0.E0,0.E0,-1.E0));
#13510=DIRECTION('',(0.E0,1.E0,0.E0));
#13511=AXIS2_PLACEMENT_3D('',#13508,#13509,#13510);
#13512=PLANE('37998',#13511);
#13513=ORIENTED_EDGE('38042',*,*,#8848,.F.);
#13514=ORIENTED_EDGE('38050',*,*,#13503,.F.);
#13515=ORIENTED_EDGE('38053',*,*,#7390,.T.);
#13517=ORIENTED_EDGE('38052',*,*,#13516,.T.);
#13518=EDGE_LOOP('37998',(#13513,#13514,#13515,#13517));
#13519=FACE_OUTER_BOUND('37998',#13518,.F.);
#13520=ADVANCED_FACE('37998',(#13519),#13512,.F.);
#13521=CARTESIAN_POINT('',(1.98E1,2.31E0,-3.449999999997E0));
#13522=DIRECTION('',(0.E0,-1.E0,0.E0));
#13523=DIRECTION('',(0.E0,0.E0,-1.E0));
#13524=AXIS2_PLACEMENT_3D('',#13521,#13522,#13523);
#13525=PLANE('37999',#13524);
#13526=ORIENTED_EDGE('39691',*,*,#7451,.F.);
#13527=ORIENTED_EDGE('39695',*,*,#8850,.T.);
#13528=ORIENTED_EDGE('38052',*,*,#13516,.F.);
#13529=ORIENTED_EDGE('39703',*,*,#7388,.F.);
#13530=EDGE_LOOP('37999',(#13526,#13527,#13528,#13529));
#13531=FACE_OUTER_BOUND('37999',#13530,.F.);
#13532=ADVANCED_FACE('37999',(#13531),#13525,.F.);
#13533=CARTESIAN_POINT('',(1.68E1,8.05E-1,-1.449999999997E0));
#13534=DIRECTION('',(0.E0,0.E0,1.E0));
#13535=DIRECTION('',(0.E0,1.E0,0.E0));
#13536=AXIS2_PLACEMENT_3D('',#13533,#13534,#13535);
#13537=PLANE('25387',#13536);
#13538=ORIENTED_EDGE('41677',*,*,#8404,.T.);
#13539=ORIENTED_EDGE('28864',*,*,#7185,.T.);
#13540=ORIENTED_EDGE('41678',*,*,#8466,.F.);
#13541=ORIENTED_EDGE('42156',*,*,#8800,.F.);
#13542=EDGE_LOOP('25387',(#13538,#13539,#13540,#13541));
#13543=FACE_OUTER_BOUND('25387',#13542,.F.);
#13544=ADVANCED_FACE('25387',(#13543),#13537,.T.);
#13545=CARTESIAN_POINT('',(2.01125E1,8.E-1,-2.425E0));
#13546=DIRECTION('',(0.E0,-1.E0,0.E0));
#13547=DIRECTION('',(-1.E0,0.E0,0.E0));
#13548=AXIS2_PLACEMENT_3D('',#13545,#13546,#13547);
#13549=PLANE('37017',#13548);
#13550=ORIENTED_EDGE('41553',*,*,#7429,.F.);
#13551=ORIENTED_EDGE('41782',*,*,#8707,.F.);
#13552=ORIENTED_EDGE('42170',*,*,#7357,.T.);
#13553=ORIENTED_EDGE('42334',*,*,#8575,.T.);
#13554=EDGE_LOOP('37017',(#13550,#13551,#13552,#13553));
#13555=FACE_OUTER_BOUND('37017',#13554,.F.);
#13556=ADVANCED_FACE('37017',(#13555),#13549,.T.);
#13557=CARTESIAN_POINT('',(1.6675E1,1.7E0,-3.674999999998E0));
#13558=DIRECTION('',(1.E0,0.E0,0.E0));
#13559=DIRECTION('',(0.E0,-1.E0,0.E0));
#13560=AXIS2_PLACEMENT_3D('',#13557,#13558,#13559);
#13561=PLANE('34698',#13560);
#13562=ORIENTED_EDGE('42155',*,*,#8512,.F.);
#13564=ORIENTED_EDGE('42310',*,*,#13563,.F.);
#13566=ORIENTED_EDGE('35506',*,*,#13565,.F.);
#13567=ORIENTED_EDGE('42285',*,*,#8618,.T.);
#13568=EDGE_LOOP('34698',(#13562,#13564,#13566,#13567));
#13569=FACE_OUTER_BOUND('34698',#13568,.F.);
#13570=ADVANCED_FACE('34698',(#13569),#13561,.T.);
#13571=CARTESIAN_POINT('',(1.68E1,8.55E-1,-1.449999999997E0));
#13572=DIRECTION('',(0.E0,0.E0,1.E0));
#13573=DIRECTION('',(0.E0,1.E0,0.E0));
#13574=AXIS2_PLACEMENT_3D('',#13571,#13572,#13573);
#13575=PLANE('34697',#13574);
#13576=ORIENTED_EDGE('42154',*,*,#8510,.F.);
#13577=ORIENTED_EDGE('42309',*,*,#8529,.F.);
#13579=ORIENTED_EDGE('34790',*,*,#13578,.F.);
#13580=ORIENTED_EDGE('42310',*,*,#13563,.T.);
#13581=EDGE_LOOP('34697',(#13576,#13577,#13579,#13580));
#13582=FACE_OUTER_BOUND('34697',#13581,.F.);
#13583=ADVANCED_FACE('34697',(#13582),#13575,.F.);
#13584=CARTESIAN_POINT('',(1.68E1,1.06E0,-3.224999999997E0));
#13585=DIRECTION('',(0.E0,1.E0,0.E0));
#13586=DIRECTION('',(0.E0,0.E0,-1.E0));
#13587=AXIS2_PLACEMENT_3D('',#13584,#13585,#13586);
#13588=PLANE('34696',#13587);
#13589=ORIENTED_EDGE('35190',*,*,#8620,.T.);
#13590=ORIENTED_EDGE('35506',*,*,#13565,.T.);
#13591=ORIENTED_EDGE('34790',*,*,#13578,.T.);
#13592=ORIENTED_EDGE('35504',*,*,#8527,.F.);
#13593=EDGE_LOOP('34696',(#13589,#13590,#13591,#13592));
#13594=FACE_OUTER_BOUND('34696',#13593,.F.);
#13595=ADVANCED_FACE('34696',(#13594),#13588,.F.);
#13596=CARTESIAN_POINT('',(1.68E1,6.E-1,-3.624999999997E0));
#13597=DIRECTION('',(0.E0,1.E0,0.E0));
#13598=DIRECTION('',(0.E0,0.E0,1.E0));
#13599=AXIS2_PLACEMENT_3D('',#13596,#13597,#13598);
#13600=PLANE('25388',#13599);
#13601=ORIENTED_EDGE('28878',*,*,#8204,.T.);
#13602=ORIENTED_EDGE('28894',*,*,#8381,.T.);
#13604=ORIENTED_EDGE('26076',*,*,#13603,.F.);
#13605=ORIENTED_EDGE('28903',*,*,#8439,.F.);
#13606=EDGE_LOOP('25388',(#13601,#13602,#13604,#13605));
#13607=FACE_OUTER_BOUND('25388',#13606,.F.);
#13608=ADVANCED_FACE('25388',(#13607),#13600,.F.);
#13609=CARTESIAN_POINT('',(1.68E1,1.45E0,-5.799999999997E0));
#13610=DIRECTION('',(0.E0,0.E0,1.E0));
#13611=DIRECTION('',(0.E0,-1.E0,0.E0));
#13612=AXIS2_PLACEMENT_3D('',#13609,#13610,#13611);
#13613=PLANE('25389',#13612);
#13614=ORIENTED_EDGE('26061',*,*,#8379,.T.);
#13616=ORIENTED_EDGE('26064',*,*,#13615,.T.);
#13617=ORIENTED_EDGE('26077',*,*,#8441,.F.);
#13618=ORIENTED_EDGE('26076',*,*,#13603,.T.);
#13619=EDGE_LOOP('25389',(#13614,#13616,#13617,#13618));
#13620=FACE_OUTER_BOUND('25389',#13619,.F.);
#13621=ADVANCED_FACE('25389',(#13620),#13613,.F.);
#13622=CARTESIAN_POINT('',(1.68E1,2.35E0,-6.149999999999E0));
#13623=DIRECTION('',(0.E0,9.899494936612E-1,1.414213562367E-1));
#13624=DIRECTION('',(0.E0,-1.414213562367E-1,9.899494936612E-1));
#13625=AXIS2_PLACEMENT_3D('',#13622,#13623,#13624);
#13626=PLANE('25377',#13625);
#13627=ORIENTED_EDGE('26056',*,*,#8377,.F.);
#13629=ORIENTED_EDGE('26062',*,*,#13628,.F.);
#13630=ORIENTED_EDGE('26063',*,*,#8443,.T.);
#13631=ORIENTED_EDGE('26064',*,*,#13615,.F.);
#13632=EDGE_LOOP('25377',(#13627,#13629,#13630,#13631));
#13633=FACE_OUTER_BOUND('25377',#13632,.F.);
#13634=ADVANCED_FACE('25377',(#13633),#13626,.F.);
#13635=CARTESIAN_POINT('',(1.68E1,2.55E0,-6.5E0));
#13636=DIRECTION('',(0.E0,0.E0,1.E0));
#13637=DIRECTION('',(0.E0,-1.E0,0.E0));
#13638=AXIS2_PLACEMENT_3D('',#13635,#13636,#13637);
#13639=PLANE('25378',#13638);
#13640=ORIENTED_EDGE('26057',*,*,#8375,.T.);
#13642=ORIENTED_EDGE('26065',*,*,#13641,.F.);
#13643=ORIENTED_EDGE('26066',*,*,#8445,.F.);
#13644=ORIENTED_EDGE('26062',*,*,#13628,.T.);
#13645=EDGE_LOOP('25378',(#13640,#13642,#13643,#13644));
#13646=FACE_OUTER_BOUND('25378',#13645,.F.);
#13647=ADVANCED_FACE('25378',(#13646),#13639,.F.);
#13648=CARTESIAN_POINT('',(1.68E1,2.625E0,-5.974999999999E0));
#13649=DIRECTION('',(0.E0,9.899494936612E-1,1.414213562369E-1));
#13650=DIRECTION('',(0.E0,1.414213562369E-1,-9.899494936612E-1));
#13651=AXIS2_PLACEMENT_3D('',#13648,#13649,#13650);
#13652=PLANE('25379',#13651);
#13653=ORIENTED_EDGE('26058',*,*,#8373,.F.);
#13655=ORIENTED_EDGE('26067',*,*,#13654,.F.);
#13656=ORIENTED_EDGE('26068',*,*,#8447,.T.);
#13657=ORIENTED_EDGE('26065',*,*,#13641,.T.);
#13658=EDGE_LOOP('25379',(#13653,#13655,#13656,#13657));
#13659=FACE_OUTER_BOUND('25379',#13658,.F.);
#13660=ADVANCED_FACE('25379',(#13659),#13652,.T.);
#13661=CARTESIAN_POINT('',(1.68E1,2.43E0,-5.449999999997E0));
#13662=DIRECTION('',(0.E0,0.E0,1.E0));
#13663=DIRECTION('',(0.E0,1.E0,0.E0));
#13664=AXIS2_PLACEMENT_3D('',#13661,#13662,#13663);
#13665=PLANE('25380',#13664);
#13666=ORIENTED_EDGE('26059',*,*,#8371,.T.);
#13667=ORIENTED_EDGE('26069',*,*,#8421,.F.);
#13668=ORIENTED_EDGE('26070',*,*,#8449,.F.);
#13669=ORIENTED_EDGE('26067',*,*,#13654,.T.);
#13670=EDGE_LOOP('25380',(#13666,#13667,#13668,#13669));
#13671=FACE_OUTER_BOUND('25380',#13670,.F.);
#13672=ADVANCED_FACE('25380',(#13671),#13665,.T.);
#13673=CARTESIAN_POINT('',(1.68E1,1.681230542820E0,-4.1E0));
#13674=DIRECTION('',(0.E0,1.E0,0.E0));
#13675=DIRECTION('',(-1.E0,0.E0,0.E0));
#13676=AXIS2_PLACEMENT_3D('',#13673,#13674,#13675);
#13677=PLANE('24674',#13676);
#13678=ORIENTED_EDGE('27173',*,*,#8190,.F.);
#13679=ORIENTED_EDGE('27176',*,*,#8247,.F.);
#13680=ORIENTED_EDGE('26200',*,*,#7075,.F.);
#13681=ORIENTED_EDGE('27170',*,*,#8309,.F.);
#13682=EDGE_LOOP('24674',(#13678,#13679,#13680,#13681));
#13683=FACE_OUTER_BOUND('24674',#13682,.F.);
#13684=ADVANCED_FACE('24674',(#13683),#13677,.T.);
#13685=CARTESIAN_POINT('',(1.88E1,2.5E-1,-9.500000000001E-1));
#13686=DIRECTION('',(1.E0,0.E0,0.E0));
#13687=DIRECTION('',(0.E0,0.E0,1.E0));
#13688=AXIS2_PLACEMENT_3D('',#13685,#13686,#13687);
#13689=PLANE('29169',#13688);
#13690=ORIENTED_EDGE('40036',*,*,#7730,.T.);
#13691=ORIENTED_EDGE('40527',*,*,#7236,.T.);
#13693=ORIENTED_EDGE('40007',*,*,#13692,.T.);
#13695=ORIENTED_EDGE('40008',*,*,#13694,.T.);
#13696=ORIENTED_EDGE('42409',*,*,#7835,.F.);
#13697=EDGE_LOOP('29169',(#13690,#13691,#13693,#13695,#13696));
#13698=FACE_OUTER_BOUND('29169',#13697,.F.);
#13699=ADVANCED_FACE('29169',(#13698),#13689,.F.);
#13700=CARTESIAN_POINT('',(1.58E1,5.E-1,-1.2E0));
#13701=DIRECTION('',(0.E0,1.E0,0.E0));
#13702=DIRECTION('',(0.E0,0.E0,1.E0));
#13703=AXIS2_PLACEMENT_3D('',#13700,#13701,#13702);
#13704=PLANE('29164',#13703);
#13705=ORIENTED_EDGE('40002',*,*,#7234,.F.);
#13707=ORIENTED_EDGE('40005',*,*,#13706,.T.);
#13709=ORIENTED_EDGE('29167',*,*,#13708,.T.);
#13710=ORIENTED_EDGE('40007',*,*,#13692,.F.);
#13711=EDGE_LOOP('29164',(#13705,#13707,#13709,#13710));
#13712=FACE_OUTER_BOUND('29164',#13711,.F.);
#13713=ADVANCED_FACE('29164',(#13712),#13704,.F.);
#13714=CARTESIAN_POINT('',(1.58E1,2.5E-1,-9.5E-1));
#13715=DIRECTION('',(1.E0,0.E0,0.E0));
#13716=DIRECTION('',(0.E0,0.E0,-1.E0));
#13717=AXIS2_PLACEMENT_3D('',#13714,#13715,#13716);
#13718=PLANE('29168',#13717);
#13719=ORIENTED_EDGE('40035',*,*,#7727,.F.);
#13720=ORIENTED_EDGE('42408',*,*,#7839,.T.);
#13722=ORIENTED_EDGE('40006',*,*,#13721,.F.);
#13723=ORIENTED_EDGE('40005',*,*,#13706,.F.);
#13724=ORIENTED_EDGE('40526',*,*,#7232,.F.);
#13725=EDGE_LOOP('29168',(#13719,#13720,#13722,#13723,#13724));
#13726=FACE_OUTER_BOUND('29168',#13725,.F.);
#13727=ADVANCED_FACE('29168',(#13726),#13718,.T.);
#13728=CARTESIAN_POINT('',(1.58E1,5.E-1,-7.E-1));
#13729=DIRECTION('',(0.E0,0.E0,1.E0));
#13730=DIRECTION('',(0.E0,-1.E0,0.E0));
#13731=AXIS2_PLACEMENT_3D('',#13728,#13729,#13730);
#13732=PLANE('29166',#13731);
#13733=ORIENTED_EDGE('40006',*,*,#13721,.T.);
#13734=ORIENTED_EDGE('42091',*,*,#7837,.T.);
#13735=ORIENTED_EDGE('40008',*,*,#13694,.F.);
#13736=ORIENTED_EDGE('29167',*,*,#13708,.F.);
#13737=EDGE_LOOP('29166',(#13733,#13734,#13735,#13736));
#13738=FACE_OUTER_BOUND('29166',#13737,.F.);
#13739=ADVANCED_FACE('29166',(#13738),#13732,.F.);
#13740=CLOSED_SHELL('',(#6627,#6650,#6741,#6756,#6847,#6870,#6885,#6956,#6975,
#6994,#7017,#7136,#7151,#7218,#7240,#7276,#7312,#7328,#7344,#7367,#7380,#7412,
#7433,#7469,#7482,#7495,#7508,#7521,#7540,#7579,#7593,#7607,#7621,#7635,#7651,
#7687,#7721,#7743,#7759,#7773,#7793,#7808,#7843,#7862,#7900,#7919,#7932,#7945,
#7958,#7971,#8008,#8021,#8034,#8047,#8060,#8073,#8110,#8123,#8136,#8149,#8162,
#8175,#8212,#8225,#8237,#8254,#8266,#8280,#8299,#8316,#8330,#8345,#8362,#8391,
#8412,#8426,#8454,#8476,#8489,#8501,#8518,#8533,#8625,#8639,#8655,#8669,#8684,
#8700,#8714,#8730,#8746,#8768,#8781,#8811,#8824,#8854,#8873,#8891,#8910,#8926,
#8940,#8955,#8977,#8989,#9003,#9026,#9038,#9051,#9073,#9088,#9100,#9114,#9126,
#9143,#9161,#9173,#9188,#9207,#9225,#9256,#9276,#9311,#9324,#9337,#9350,#9363,
#9375,#9388,#9401,#9414,#9427,#9440,#9477,#9490,#9502,#9519,#9531,#9545,#9564,
#9581,#9595,#9610,#9631,#9643,#9657,#9680,#9691,#9703,#9717,#9732,#9744,#9758,
#9770,#9786,#9798,#9811,#9832,#9843,#9854,#9866,#9880,#9892,#9904,#9921,#9950,
#9970,#9984,#10012,#10030,#10043,#10055,#10072,#10086,#10100,#10113,#10125,
#10138,#10151,#10164,#10177,#10190,#10202,#10214,#10227,#10256,#10275,#10288,
#10300,#10317,#10331,#10345,#10358,#10370,#10383,#10396,#10409,#10422,#10435,
#10448,#10460,#10472,#10484,#10496,#10508,#10520,#10535,#10549,#10564,#10602,
#10636,#10651,#10684,#10696,#10709,#10721,#10734,#10747,#10760,#10773,#10786,
#10802,#10815,#10828,#10841,#10854,#10867,#10880,#10893,#10906,#10918,#10930,
#10944,#10957,#10973,#10986,#11003,#11022,#11036,#11053,#11073,#11088,#11103,
#11146,#11159,#11172,#11185,#11198,#11210,#11224,#11238,#11257,#11270,#11288,
#11305,#11318,#11335,#11349,#11362,#11384,#11397,#11411,#11437,#11454,#11466,
#11480,#11497,#11509,#11522,#11544,#11560,#11572,#11586,#11598,#11615,#11644,
#11664,#11678,#11706,#11726,#11739,#11751,#11768,#11782,#11796,#11809,#11821,
#11834,#11847,#11860,#11873,#11886,#11898,#11910,#11922,#11934,#11947,#11977,
#11996,#12015,#12034,#12049,#12062,#12077,#12090,#12105,#12119,#12134,#12153,
#12165,#12179,#12200,#12211,#12224,#12239,#12253,#12265,#12281,#12296,#12308,
#12320,#12341,#12353,#12364,#12375,#12404,#12424,#12437,#12450,#12463,#12476,
#12489,#12502,#12514,#12527,#12544,#12556,#12570,#12584,#12597,#12609,#12621,
#12633,#12645,#12657,#12669,#12684,#12700,#12739,#12773,#12788,#12821,#12834,
#12847,#12860,#12873,#12886,#12899,#12912,#12925,#12937,#12950,#12962,#12975,
#12988,#13001,#13014,#13027,#13048,#13062,#13075,#13088,#13101,#13113,#13125,
#13137,#13150,#13164,#13189,#13201,#13214,#13226,#13243,#13256,#13270,#13283,
#13296,#13309,#13322,#13334,#13347,#13360,#13372,#13389,#13403,#13417,#13430,
#13442,#13455,#13468,#13481,#13494,#13507,#13520,#13532,#13544,#13556,#13570,
#13583,#13595,#13608,#13621,#13634,#13647,#13660,#13672,#13684,#13699,#13713,
#13727,#13739));
#13741=MANIFOLD_SOLID_BREP('',#13740);
#13742=(LENGTH_UNIT()NAMED_UNIT(*)SI_UNIT(.MILLI.,.METRE.));
#13743=DIMENSIONAL_EXPONENTS(0.E0,0.E0,0.E0,0.E0,0.E0,0.E0,0.E0);
#13744=(NAMED_UNIT(*)PLANE_ANGLE_UNIT()SI_UNIT($,.RADIAN.));
#13745=PLANE_ANGLE_MEASURE_WITH_UNIT(PLANE_ANGLE_MEASURE(1.745329251994E-2),
#13744);
#13746=(CONVERSION_BASED_UNIT('DEGREE',#13745)NAMED_UNIT(#13743)PLANE_ANGLE_UNIT());
#13747=(NAMED_UNIT(*)SI_UNIT($,.STERADIAN.)SOLID_ANGLE_UNIT());
#13748=UNCERTAINTY_MEASURE_WITH_UNIT(LENGTH_MEASURE(3.838674393014E-3),#13742,
'closure',
'Maximum model space distance between geometric entities at asserted connectivities');
#13749=(GEOMETRIC_REPRESENTATION_CONTEXT(3)GLOBAL_UNCERTAINTY_ASSIGNED_CONTEXT((
#13748))GLOBAL_UNIT_ASSIGNED_CONTEXT((#13742,#13746,#13747))REPRESENTATION_CONTEXT('ID1','3'));
#13751=APPLICATION_CONTEXT(
'CONFIGURATION CONTROLLED 3D DESIGNS OF MECHANICAL PARTS AND ASSEMBLIES');
#13752=APPLICATION_PROTOCOL_DEFINITION('international standard',
'config_control_design',1994,#13751);
#13753=DESIGN_CONTEXT('',#13751,'design');
#13754=MECHANICAL_CONTEXT('',#13751,'mechanical');
#13755=PRODUCT('SFW_R-1ST_LF','SFW_R-1ST_LF','NOT SPECIFIED',(#13754));
#13756=PRODUCT_DEFINITION_FORMATION_WITH_SPECIFIED_SOURCE('','LAST_VERSION',
#13755,.MADE.);
#13760=PRODUCT_CATEGORY('part','');
#13761=PRODUCT_RELATED_PRODUCT_CATEGORY('detail','',(#13755));
#13762=PRODUCT_CATEGORY_RELATIONSHIP('','',#13760,#13761);
#13763=SECURITY_CLASSIFICATION_LEVEL('unclassified');
#13764=SECURITY_CLASSIFICATION('','',#13763);
#13765=CC_DESIGN_SECURITY_CLASSIFICATION(#13764,(#13756));
#13766=APPROVAL_STATUS('approved');
#13767=APPROVAL(#13766,'');
#13768=CC_DESIGN_APPROVAL(#13767,(#13764,#13756,#13757));
#13769=CALENDAR_DATE(109,9,6);
#13770=COORDINATED_UNIVERSAL_TIME_OFFSET(8,0,.AHEAD.);
#13771=LOCAL_TIME(13,1,5.1E1,#13770);
#13772=DATE_AND_TIME(#13769,#13771);
#13773=APPROVAL_DATE_TIME(#13772,#13767);
#13774=DATE_TIME_ROLE('creation_date');
#13775=CC_DESIGN_DATE_AND_TIME_ASSIGNMENT(#13772,#13774,(#13757));
#13776=DATE_TIME_ROLE('classification_date');
#13777=CC_DESIGN_DATE_AND_TIME_ASSIGNMENT(#13772,#13776,(#13764));
#13778=PERSON('UNSPECIFIED','UNSPECIFIED',$,$,$,$);
#13779=ORGANIZATION('UNSPECIFIED','UNSPECIFIED','UNSPECIFIED');
#13780=PERSON_AND_ORGANIZATION(#13778,#13779);
#13781=APPROVAL_ROLE('approver');
#13782=APPROVAL_PERSON_ORGANIZATION(#13780,#13767,#13781);
#13783=PERSON_AND_ORGANIZATION_ROLE('creator');
#13784=CC_DESIGN_PERSON_AND_ORGANIZATION_ASSIGNMENT(#13780,#13783,(#13756,
#13757));
#13785=PERSON_AND_ORGANIZATION_ROLE('design_supplier');
#13786=CC_DESIGN_PERSON_AND_ORGANIZATION_ASSIGNMENT(#13780,#13785,(#13756));
#13787=PERSON_AND_ORGANIZATION_ROLE('classification_officer');
#13788=CC_DESIGN_PERSON_AND_ORGANIZATION_ASSIGNMENT(#13780,#13787,(#13764));
#13789=PERSON_AND_ORGANIZATION_ROLE('design_owner');
#13790=CC_DESIGN_PERSON_AND_ORGANIZATION_ASSIGNMENT(#13780,#13789,(#13755));
#506=CIRCLE('34810',#505,2.E-1);
#511=CIRCLE('34814',#510,2.E-1);
#532=CIRCLE('37152',#531,2.E-1);
#537=CIRCLE('37149',#536,2.E-1);
#930=CIRCLE('40392',#929,5.E-1);
#947=CIRCLE('34801',#946,5.E-1);
#956=CIRCLE('42072',#955,5.E-1);
#3133=CIRCLE('37246',#3132,5.E-1);
#3170=CIRCLE('40424',#3169,5.E-1);
#3219=CIRCLE('34873',#3218,2.E-1);
#3224=CIRCLE('34823',#3223,2.E-1);
#3253=CIRCLE('37155',#3252,2.E-1);
#3258=CIRCLE('37176',#3257,2.E-1);
#3335=CIRCLE('40403',#3334,5.E-1);
#3356=CIRCLE('35013',#3355,5.E-1);
#4677=CIRCLE('48244',#4676,5.E-1);
#4702=CIRCLE('48274',#4701,5.E-1);
#4731=CIRCLE('40413',#4730,5.E-1);
#6617=EDGE_CURVE('39916',#5992,#5508,#25,.T.);
#6619=EDGE_CURVE('36917',#5508,#5509,#5,.T.);
#6621=EDGE_CURVE('39905',#5509,#5993,#917,.T.);
#6623=EDGE_CURVE('39755',#5992,#5993,#9,.T.);
#6633=EDGE_CURVE('39915',#5177,#5745,#13,.T.);
#6635=EDGE_CURVE('26855',#5265,#5177,#17,.T.);
#6637=EDGE_CURVE('26847',#5264,#5265,#21,.T.);
#6639=EDGE_CURVE('36966',#5264,#5508,#988,.T.);
#6642=EDGE_CURVE('39804',#5832,#5992,#3178,.T.);
#6644=EDGE_CURVE('38668',#5832,#5833,#29,.T.);
#6646=EDGE_CURVE('38676',#5833,#5745,#33,.T.);
#6656=EDGE_CURVE('48934',#5779,#5211,#105,.T.);
#6658=EDGE_CURVE('26391',#5211,#5209,#37,.T.);
#6660=EDGE_CURVE('26390',#5209,#5207,#1292,.T.);
#6662=EDGE_CURVE('26389',#5207,#5205,#1252,.T.);
#6664=EDGE_CURVE('26388',#5205,#5203,#1240,.T.);
#6666=EDGE_CURVE('26387',#5203,#5201,#41,.T.);
#6668=EDGE_CURVE('26386',#5199,#5201,#1224,.T.);
#6670=EDGE_CURVE('26385',#5199,#5197,#45,.T.);
#6672=EDGE_CURVE('26384',#5197,#5167,#1204,.T.);
#6674=EDGE_CURVE('26361',#5166,#5167,#49,.T.);
#6676=EDGE_CURVE('26383',#5166,#5195,#1156,.T.);
#6678=EDGE_CURVE('26382',#5195,#5193,#53,.T.);
#6680=EDGE_CURVE('26381',#5191,#5193,#1144,.T.);
#6682=EDGE_CURVE('26380',#5191,#5189,#57,.T.);
#6684=EDGE_CURVE('26379',#5189,#5187,#1124,.T.);
#6686=EDGE_CURVE('26378',#5187,#5185,#1080,.T.);
#6688=EDGE_CURVE('26377',#5185,#5183,#1068,.T.);
#6690=EDGE_CURVE('26376',#5183,#5181,#61,.T.);
#6692=EDGE_CURVE('26375',#5179,#5181,#1052,.T.);
#6694=EDGE_CURVE('26374',#5179,#5176,#65,.T.);
#6696=EDGE_CURVE('26373',#5176,#5177,#1044,.T.);
#6699=EDGE_CURVE('38456',#5744,#5745,#741,.T.);
#6701=EDGE_CURVE('38457',#5747,#5744,#69,.T.);
#6703=EDGE_CURVE('38458',#5747,#5749,#729,.T.);
#6705=EDGE_CURVE('38459',#5751,#5749,#73,.T.);
#6707=EDGE_CURVE('38460',#5753,#5751,#705,.T.);
#6709=EDGE_CURVE('38461',#5755,#5753,#661,.T.);
#6711=EDGE_CURVE('38462',#5757,#5755,#1956,.T.);
#6713=EDGE_CURVE('38463',#5759,#5757,#77,.T.);
#6715=EDGE_CURVE('38464',#5759,#5761,#1944,.T.);
#6717=EDGE_CURVE('38465',#5763,#5761,#81,.T.);
#6719=EDGE_CURVE('38466',#5734,#5763,#1920,.T.);
#6721=EDGE_CURVE('38451',#5734,#5735,#85,.T.);
#6723=EDGE_CURVE('38467',#5765,#5735,#1968,.T.);
#6725=EDGE_CURVE('38468',#5767,#5765,#89,.T.);
#6727=EDGE_CURVE('38469',#5767,#5769,#1992,.T.);
#6729=EDGE_CURVE('38470',#5771,#5769,#93,.T.);
#6731=EDGE_CURVE('38471',#5773,#5771,#2004,.T.);
#6733=EDGE_CURVE('38472',#5775,#5773,#2016,.T.);
#6735=EDGE_CURVE('38473',#5777,#5775,#2056,.T.);
#6737=EDGE_CURVE('38474',#5779,#5777,#97,.T.);
#6747=EDGE_CURVE('48933',#5219,#5787,#101,.T.);
#6749=EDGE_CURVE('26825',#5219,#5211,#1304,.T.);
#6752=EDGE_CURVE('38649',#5787,#5779,#2072,.T.);
#6762=EDGE_CURVE('43149',#6249,#6299,#109,.T.);
#6764=EDGE_CURVE('43053',#6243,#6249,#113,.T.);
#6766=EDGE_CURVE('43050',#6243,#5249,#117,.T.);
#6768=EDGE_CURVE('26776',#5247,#5249,#1056,.T.);
#6770=EDGE_CURVE('26775',#5247,#5245,#121,.T.);
#6772=EDGE_CURVE('26774',#5245,#5243,#1076,.T.);
#6774=EDGE_CURVE('26773',#5243,#5241,#1084,.T.);
#6776=EDGE_CURVE('26772',#5241,#5239,#1128,.T.);
#6778=EDGE_CURVE('26771',#5239,#5237,#125,.T.);
#6780=EDGE_CURVE('26770',#5235,#5237,#1148,.T.);
#6782=EDGE_CURVE('26769',#5235,#5233,#129,.T.);
#6784=EDGE_CURVE('26768',#5233,#5169,#1164,.T.);
#6786=EDGE_CURVE('26363',#5171,#5169,#133,.T.);
#6788=EDGE_CURVE('26767',#5171,#5231,#1212,.T.);
#6790=EDGE_CURVE('26766',#5231,#5229,#137,.T.);
#6792=EDGE_CURVE('26765',#5227,#5229,#1228,.T.);
#6794=EDGE_CURVE('26764',#5227,#5225,#141,.T.);
#6796=EDGE_CURVE('26763',#5225,#5223,#1248,.T.);
#6798=EDGE_CURVE('26762',#5223,#5221,#1256,.T.);
#6800=EDGE_CURVE('26761',#5221,#5218,#1296,.T.);
#6802=EDGE_CURVE('26760',#5218,#5219,#145,.T.);
#6805=EDGE_CURVE('38614',#5786,#5787,#149,.T.);
#6807=EDGE_CURVE('38615',#5789,#5786,#2064,.T.);
#6809=EDGE_CURVE('38616',#5791,#5789,#2020,.T.);
#6811=EDGE_CURVE('38617',#5793,#5791,#2008,.T.);
#6813=EDGE_CURVE('38618',#5795,#5793,#153,.T.);
#6815=EDGE_CURVE('38619',#5795,#5797,#1988,.T.);
#6817=EDGE_CURVE('38620',#5799,#5797,#157,.T.);
#6819=EDGE_CURVE('38621',#5739,#5799,#1976,.T.);
#6821=EDGE_CURVE('38453',#5739,#5737,#161,.T.);
#6823=EDGE_CURVE('38622',#5801,#5737,#1928,.T.);
#6825=EDGE_CURVE('38623',#5803,#5801,#165,.T.);
#6827=EDGE_CURVE('38624',#5803,#5805,#1940,.T.);
#6829=EDGE_CURVE('38625',#5807,#5805,#169,.T.);
#6831=EDGE_CURVE('38626',#5809,#5807,#1964,.T.);
#6833=EDGE_CURVE('38627',#5811,#5809,#665,.T.);
#6835=EDGE_CURVE('38628',#5813,#5811,#709,.T.);
#6837=EDGE_CURVE('38629',#5815,#5813,#173,.T.);
#6839=EDGE_CURVE('38630',#5815,#5817,#725,.T.);
#6841=EDGE_CURVE('43108',#6293,#5817,#177,.T.);
#6843=EDGE_CURVE('43111',#6293,#6299,#181,.T.);
#6853=EDGE_CURVE('39914',#5782,#5214,#201,.T.);
#6855=EDGE_CURVE('26590',#5214,#5215,#4624,.T.);
#6857=EDGE_CURVE('43049',#5215,#6241,#4348,.T.);
#6859=EDGE_CURVE('43052',#6249,#6241,#185,.T.);
#6862=EDGE_CURVE('43110',#6299,#6291,#189,.T.);
#6864=EDGE_CURVE('43107',#5783,#6291,#2864,.T.);
#6866=EDGE_CURVE('38544',#5782,#5783,#3076,.T.);
#6876=EDGE_CURVE('39913',#5315,#5883,#193,.T.);
#6878=EDGE_CURVE('27360',#5315,#5214,#197,.T.);
#6881=EDGE_CURVE('38929',#5883,#5782,#205,.T.);
#6891=EDGE_CURVE('48939',#5871,#5303,#257,.T.);
#6893=EDGE_CURVE('27003',#5302,#5303,#1344,.T.);
#6895=EDGE_CURVE('27004',#5302,#5305,#4096,.T.);
#6897=EDGE_CURVE('27005',#5305,#5307,#1384,.T.);
#6899=EDGE_CURVE('27006',#5307,#5309,#4060,.T.);
#6901=EDGE_CURVE('27007',#5311,#5309,#3936,.T.);
#6903=EDGE_CURVE('27008',#5311,#5160,#4036,.T.);
#6905=EDGE_CURVE('26357',#5160,#5161,#209,.T.);
#6907=EDGE_CURVE('27009',#5161,#5296,#4012,.T.);
#6909=EDGE_CURVE('26886',#5296,#5297,#213,.T.);
#6911=EDGE_CURVE('26895',#5297,#5290,#217,.T.);
#6913=EDGE_CURVE('26882',#5290,#5291,#221,.T.);
#6915=EDGE_CURVE('27010',#5291,#5313,#4648,.T.);
#6917=EDGE_CURVE('27011',#5313,#5283,#4316,.T.);
#6919=EDGE_CURVE('26863',#5283,#5285,#225,.T.);
#6921=EDGE_CURVE('27012',#5285,#5315,#4628,.T.);
#6924=EDGE_CURVE('38771',#5853,#5883,#3084,.T.);
#6926=EDGE_CURVE('38684',#5851,#5853,#229,.T.);
#6928=EDGE_CURVE('38770',#5881,#5851,#2828,.T.);
#6930=EDGE_CURVE('38769',#5859,#5881,#2804,.T.);
#6932=EDGE_CURVE('38702',#5858,#5859,#233,.T.);
#6934=EDGE_CURVE('38715',#5865,#5858,#237,.T.);
#6936=EDGE_CURVE('38706',#5864,#5865,#241,.T.);
#6938=EDGE_CURVE('38768',#5729,#5864,#2208,.T.);
#6940=EDGE_CURVE('38447',#5728,#5729,#245,.T.);
#6942=EDGE_CURVE('38767',#5879,#5728,#2352,.T.);
#6944=EDGE_CURVE('38766',#5879,#5877,#2252,.T.);
#6946=EDGE_CURVE('38765',#5875,#5877,#2340,.T.);
#6948=EDGE_CURVE('38764',#5873,#5875,#2144,.T.);
#6950=EDGE_CURVE('38763',#5870,#5873,#2320,.T.);
#6952=EDGE_CURVE('38762',#5870,#5871,#2112,.T.);
#6962=EDGE_CURVE('48938',#6402,#6532,#249,.T.);
#6964=EDGE_CURVE('48099',#6402,#6407,#253,.T.);
#6966=EDGE_CURVE('48111',#5303,#6407,#1348,.T.);
#6969=EDGE_CURVE('48780',#5871,#6537,#2108,.T.);
#6971=EDGE_CURVE('48768',#6532,#6537,#261,.T.);
#6981=EDGE_CURVE('48937',#6417,#6547,#265,.T.);
#6983=EDGE_CURVE('48109',#6403,#6417,#1332,.T.);
#6985=EDGE_CURVE('48097',#6402,#6403,#269,.T.);
#6988=EDGE_CURVE('48766',#6532,#6533,#273,.T.);
#6990=EDGE_CURVE('48778',#6533,#6547,#2100,.T.);
#7000=EDGE_CURVE('48932',#5145,#5713,#277,.T.);
#7002=EDGE_CURVE('48117',#6395,#5145,#1316,.T.);
#7004=EDGE_CURVE('48095',#6394,#6395,#281,.T.);
#7006=EDGE_CURVE('48116',#6417,#6394,#1336,.T.);
#7009=EDGE_CURVE('48785',#6547,#6524,#2096,.T.);
#7011=EDGE_CURVE('48764',#6524,#6525,#285,.T.);
#7013=EDGE_CURVE('48786',#6525,#5713,#2088,.T.);
#7023=EDGE_CURVE('48936',#5905,#5337,#393,.T.);
#7025=EDGE_CURVE('28866',#5336,#5337,#289,.T.);
#7027=EDGE_CURVE('28867',#5336,#5339,#293,.T.);
#7029=EDGE_CURVE('28868',#5339,#5341,#297,.T.);
#7031=EDGE_CURVE('28964',#5341,#5369,#4248,.T.);
#7033=EDGE_CURVE('28917',#5368,#5369,#301,.T.);
#7035=EDGE_CURVE('28918',#5368,#5371,#305,.T.);
#7037=EDGE_CURVE('28919',#5371,#5373,#309,.T.);
#7039=EDGE_CURVE('29017',#5373,#5401,#3776,.T.);
#7041=EDGE_CURVE('28968',#5400,#5401,#313,.T.);
#7043=EDGE_CURVE('28969',#5400,#5403,#317,.T.);
#7045=EDGE_CURVE('28970',#5403,#5405,#321,.T.);
#7047=EDGE_CURVE('29007',#5405,#5120,#3768,.T.);
#7049=EDGE_CURVE('26187',#5120,#5121,#1596,.T.);
#7051=EDGE_CURVE('43632',#5121,#6371,#325,.T.);
#7053=EDGE_CURVE('43621',#6370,#6371,#329,.T.);
#7055=EDGE_CURVE('43633',#6370,#5124,#333,.T.);
#7057=EDGE_CURVE('26191',#5124,#5125,#3452,.T.);
#7059=EDGE_CURVE('26192',#5125,#5127,#3528,.T.);
#7061=EDGE_CURVE('26193',#5129,#5127,#3504,.T.);
#7063=EDGE_CURVE('26194',#5129,#5131,#3492,.T.);
#7065=EDGE_CURVE('26195',#5131,#5133,#3868,.T.);
#7067=EDGE_CURVE('26196',#5133,#5135,#3896,.T.);
#7069=EDGE_CURVE('26197',#5137,#5135,#3912,.T.);
#7071=EDGE_CURVE('26198',#5137,#5139,#3952,.T.);
#7073=EDGE_CURVE('26199',#5139,#5141,#1356,.T.);
#7075=EDGE_CURVE('26200',#5141,#5143,#4987,.T.);
#7077=EDGE_CURVE('26201',#5145,#5143,#1320,.T.);
#7080=EDGE_CURVE('38380',#5713,#5711,#2084,.T.);
#7082=EDGE_CURVE('38379',#5709,#5711,#2368,.T.);
#7084=EDGE_CURVE('38378',#5707,#5709,#2124,.T.);
#7086=EDGE_CURVE('38377',#5705,#5707,#2156,.T.);
#7088=EDGE_CURVE('38376',#5705,#5703,#2224,.T.);
#7090=EDGE_CURVE('38375',#5701,#5703,#2264,.T.);
#7092=EDGE_CURVE('38374',#5699,#5701,#1796,.T.);
#7094=EDGE_CURVE('38373',#5697,#5699,#1720,.T.);
#7096=EDGE_CURVE('38372',#5697,#5695,#1732,.T.);
#7098=EDGE_CURVE('38371',#5693,#5695,#1760,.T.);
#7100=EDGE_CURVE('38370',#5692,#5693,#1660,.T.);
#7102=EDGE_CURVE('48354',#6508,#5692,#337,.T.);
#7104=EDGE_CURVE('48347',#6508,#6509,#341,.T.);
#7106=EDGE_CURVE('48353',#5689,#6509,#345,.T.);
#7108=EDGE_CURVE('38366',#5688,#5689,#561,.T.);
#7110=EDGE_CURVE('39713',#5973,#5688,#589,.T.);
#7112=EDGE_CURVE('39676',#5971,#5973,#349,.T.);
#7114=EDGE_CURVE('39675',#5968,#5971,#353,.T.);
#7116=EDGE_CURVE('39674',#5968,#5969,#357,.T.);
#7118=EDGE_CURVE('39723',#5941,#5969,#2760,.T.);
#7120=EDGE_CURVE('39625',#5939,#5941,#361,.T.);
#7122=EDGE_CURVE('39624',#5936,#5939,#365,.T.);
#7124=EDGE_CURVE('39623',#5936,#5937,#369,.T.);
#7126=EDGE_CURVE('39670',#5909,#5937,#2600,.T.);
#7128=EDGE_CURVE('39574',#5907,#5909,#373,.T.);
#7130=EDGE_CURVE('39573',#5904,#5907,#377,.T.);
#7132=EDGE_CURVE('39572',#5904,#5905,#381,.T.);
#7142=EDGE_CURVE('48935',#5328,#5896,#385,.T.);
#7144=EDGE_CURVE('28872',#5328,#5337,#389,.T.);
#7147=EDGE_CURVE('39578',#5896,#5905,#397,.T.);
#7157=EDGE_CURVE('40037',#6047,#6045,#401,.T.);
#7159=EDGE_CURVE('40520',#6041,#6045,#405,.T.);
#7161=EDGE_CURVE('40038',#6041,#6049,#409,.T.);
#7163=EDGE_CURVE('40306',#5287,#6049,#1600,.T.);
#7165=EDGE_CURVE('29006',#5287,#5397,#3760,.T.);
#7167=EDGE_CURVE('28967',#5397,#5395,#413,.T.);
#7169=EDGE_CURVE('28966',#5393,#5395,#417,.T.);
#7171=EDGE_CURVE('28965',#5392,#5393,#421,.T.);
#7173=EDGE_CURVE('29016',#5392,#5365,#3784,.T.);
#7175=EDGE_CURVE('28916',#5365,#5363,#425,.T.);
#7177=EDGE_CURVE('28915',#5361,#5363,#429,.T.);
#7179=EDGE_CURVE('28914',#5360,#5361,#433,.T.);
#7181=EDGE_CURVE('28963',#5360,#5333,#4256,.T.);
#7183=EDGE_CURVE('28865',#5333,#5331,#437,.T.);
#7185=EDGE_CURVE('28864',#5329,#5331,#441,.T.);
#7187=EDGE_CURVE('28863',#5328,#5329,#445,.T.);
#7190=EDGE_CURVE('39569',#5896,#5897,#449,.T.);
#7192=EDGE_CURVE('39570',#5897,#5899,#453,.T.);
#7194=EDGE_CURVE('39571',#5901,#5899,#457,.T.);
#7196=EDGE_CURVE('39669',#5928,#5901,#2592,.T.);
#7198=EDGE_CURVE('39620',#5928,#5929,#461,.T.);
#7200=EDGE_CURVE('39621',#5929,#5931,#465,.T.);
#7202=EDGE_CURVE('39622',#5933,#5931,#469,.T.);
#7204=EDGE_CURVE('39722',#5960,#5933,#2752,.T.);
#7206=EDGE_CURVE('39671',#5960,#5961,#473,.T.);
#7208=EDGE_CURVE('39672',#5961,#5963,#477,.T.);
#7210=EDGE_CURVE('39673',#5965,#5963,#481,.T.);
#7212=EDGE_CURVE('39712',#5855,#5965,#597,.T.);
#7214=EDGE_CURVE('40435',#5855,#6047,#557,.T.);
#7225=EDGE_CURVE('40207',#6093,#6047,#553,.T.);
#7227=EDGE_CURVE('40523',#6053,#6093,#485,.T.);
#7229=EDGE_CURVE('40105',#6049,#6053,#1572,.T.);
#7232=EDGE_CURVE('40526',#6041,#5996,#489,.T.);
#7234=EDGE_CURVE('40002',#5996,#5997,#493,.T.);
#7236=EDGE_CURVE('40527',#6045,#5997,#497,.T.);
#7246=EDGE_CURVE('40098',#6011,#6051,#992,.T.);
#7248=EDGE_CURVE('40125',#6059,#6051,#4612,.T.);
#7250=EDGE_CURVE('40127',#6059,#6063,#4596,.T.);
#7252=EDGE_CURVE('43310',#6065,#6063,#4592,.T.);
#7254=EDGE_CURVE('40143',#6065,#6061,#4576,.T.);
#7256=EDGE_CURVE('40126',#6061,#6004,#4564,.T.);
#7258=EDGE_CURVE('40404',#5450,#6004,#501,.T.);
#7260=EDGE_CURVE('34810',#5450,#5451,#506,.T.);
#7262=EDGE_CURVE('34815',#5451,#5457,#3298,.T.);
#7264=EDGE_CURVE('34814',#5457,#5455,#511,.T.);
#7266=EDGE_CURVE('34813',#5455,#5453,#3282,.T.);
#7268=EDGE_CURVE('34812',#5453,#5440,#3266,.T.);
#7270=EDGE_CURVE('34800',#5443,#5440,#515,.T.);
#7272=EDGE_CURVE('42315',#6011,#5443,#519,.T.);
#7282=EDGE_CURVE('40200',#6029,#6091,#753,.T.);
#7284=EDGE_CURVE('42406',#6029,#6191,#523,.T.);
#7286=EDGE_CURVE('42071',#6191,#6188,#527,.T.);
#7288=EDGE_CURVE('42074',#5529,#6188,#4783,.T.);
#7290=EDGE_CURVE('37151',#5528,#5529,#4763,.T.);
#7292=EDGE_CURVE('37152',#5531,#5528,#532,.T.);
#7294=EDGE_CURVE('37153',#5525,#5531,#4747,.T.);
#7296=EDGE_CURVE('37149',#5524,#5525,#537,.T.);
#7298=EDGE_CURVE('40425',#5524,#6022,#541,.T.);
#7300=EDGE_CURVE('40228',#6101,#6022,#837,.T.);
#7302=EDGE_CURVE('40245',#6105,#6101,#821,.T.);
#7304=EDGE_CURVE('43311',#6105,#6103,#817,.T.);
#7306=EDGE_CURVE('40229',#6099,#6103,#801,.T.);
#7308=EDGE_CURVE('40227',#6099,#6091,#793,.T.);
#7318=EDGE_CURVE('42101',#6019,#6201,#3404,.T.);
#7320=EDGE_CURVE('42291',#5505,#6201,#3384,.T.);
#7322=EDGE_CURVE('35239',#5486,#5505,#3360,.T.);
#7324=EDGE_CURVE('42235',#6019,#5486,#545,.T.);
#7334=EDGE_CURVE('42166',#6037,#6215,#3104,.T.);
#7336=EDGE_CURVE('42321',#6037,#5560,#549,.T.);
#7338=EDGE_CURVE('37351',#5560,#5579,#3149,.T.);
#7340=EDGE_CURVE('42376',#5579,#6215,#3120,.T.);
#7352=EDGE_CURVE('38701',#5688,#5855,#593,.T.);
#7355=EDGE_CURVE('40441',#5689,#6133,#565,.T.);
#7357=EDGE_CURVE('42170',#6171,#6133,#569,.T.);
#7359=EDGE_CURVE('41596',#6171,#6097,#573,.T.);
#7361=EDGE_CURVE('40210',#6095,#6097,#577,.T.);
#7363=EDGE_CURVE('40209',#6095,#6093,#581,.T.);
#7373=EDGE_CURVE('39679',#5965,#5973,#585,.T.);
#7386=EDGE_CURVE('39692',#5987,#5989,#681,.T.);
#7388=EDGE_CURVE('39703',#5987,#5605,#601,.T.);
#7390=EDGE_CURVE('38053',#5603,#5605,#605,.T.);
#7392=EDGE_CURVE('38051',#5603,#5601,#609,.T.);
#7394=EDGE_CURVE('38049',#5597,#5601,#613,.T.);
#7396=EDGE_CURVE('38046',#5597,#5599,#617,.T.);
#7398=EDGE_CURVE('38060',#5611,#5599,#621,.T.);
#7400=EDGE_CURVE('39711',#5983,#5611,#625,.T.);
#7402=EDGE_CURVE('39693',#5985,#5983,#697,.T.);
#7404=EDGE_CURVE('39708',#5609,#5985,#629,.T.);
#7406=EDGE_CURVE('38057',#5607,#5609,#633,.T.);
#7408=EDGE_CURVE('39707',#5989,#5607,#637,.T.);
#7418=EDGE_CURVE('40300',#6128,#6129,#641,.T.);
#7420=EDGE_CURVE('40517',#5971,#6128,#645,.T.);
#7425=EDGE_CURVE('41906',#6185,#5963,#649,.T.);
#7427=EDGE_CURVE('41625',#6155,#6185,#653,.T.);
#7429=EDGE_CURVE('41553',#6155,#6129,#657,.T.);
#7440=EDGE_CURVE('38710',#5811,#5753,#713,.T.);
#7443=EDGE_CURVE('38711',#5755,#5809,#1960,.T.);
#7447=EDGE_CURVE('39721',#5867,#5977,#669,.T.);
#7449=EDGE_CURVE('39687',#5976,#5977,#673,.T.);
#7451=EDGE_CURVE('39691',#5976,#5987,#677,.T.);
#7454=EDGE_CURVE('39718',#5989,#5861,#685,.T.);
#7456=EDGE_CURVE('38712',#5867,#5861,#1752,.T.);
#7460=EDGE_CURVE('39688',#5980,#5981,#689,.T.);
#7462=EDGE_CURVE('39690',#5980,#5985,#693,.T.);
#7465=EDGE_CURVE('39689',#5983,#5981,#701,.T.);
#7476=EDGE_CURVE('38714',#5813,#5751,#721,.T.);
#7489=EDGE_CURVE('38644',#5749,#5815,#717,.T.);
#7501=EDGE_CURVE('38643',#5817,#5747,#733,.T.);
#7517=EDGE_CURVE('43113',#5744,#6293,#737,.T.);
#7530=EDGE_CURVE('43114',#6296,#5833,#745,.T.);
#7532=EDGE_CURVE('43109',#6296,#6297,#749,.T.);
#7534=EDGE_CURVE('43112',#6291,#6297,#2868,.T.);
#7547=EDGE_CURVE('40437',#6091,#5837,#797,.T.);
#7549=EDGE_CURVE('38671',#5836,#5837,#757,.T.);
#7551=EDGE_CURVE('38672',#5839,#5836,#3016,.T.);
#7553=EDGE_CURVE('38673',#5825,#5839,#3008,.T.);
#7555=EDGE_CURVE('38634',#5825,#5820,#761,.T.);
#7557=EDGE_CURVE('38667',#5829,#5820,#765,.T.);
#7559=EDGE_CURVE('38674',#5841,#5829,#2988,.T.);
#7561=EDGE_CURVE('43143',#6314,#5841,#769,.T.);
#7563=EDGE_CURVE('43130',#6314,#6315,#773,.T.);
#7565=EDGE_CURVE('43131',#6317,#6315,#777,.T.);
#7567=EDGE_CURVE('43132',#6319,#6317,#781,.T.);
#7569=EDGE_CURVE('43142',#6296,#6319,#785,.T.);
#7573=EDGE_CURVE('40436',#6032,#5832,#3174,.T.);
#7575=EDGE_CURVE('40434',#6032,#6029,#789,.T.);
#7586=EDGE_CURVE('40443',#5891,#6099,#813,.T.);
#7588=EDGE_CURVE('38931',#5837,#5891,#3028,.T.);
#7600=EDGE_CURVE('43314',#6103,#6333,#805,.T.);
#7602=EDGE_CURVE('43304',#5891,#6333,#809,.T.);
#7614=EDGE_CURVE('43315',#6105,#6335,#833,.T.);
#7616=EDGE_CURVE('43306',#6333,#6335,#3032,.T.);
#7628=EDGE_CURVE('40444',#6101,#5893,#825,.T.);
#7630=EDGE_CURVE('43305',#6335,#5893,#829,.T.);
#7642=EDGE_CURVE('40431',#5685,#6022,#841,.T.);
#7644=EDGE_CURVE('38682',#5849,#5685,#845,.T.);
#7646=EDGE_CURVE('38933',#5893,#5849,#3036,.T.);
#7657=EDGE_CURVE('40015',#6004,#6005,#849,.T.);
#7659=EDGE_CURVE('40302',#5117,#6004,#4572,.T.);
#7661=EDGE_CURVE('26157',#5117,#5115,#4352,.T.);
#7663=EDGE_CURVE('26156',#5115,#5113,#4308,.T.);
#7665=EDGE_CURVE('26155',#5113,#5110,#3428,.T.);
#7667=EDGE_CURVE('26154',#5110,#5111,#3412,.T.);
#7669=EDGE_CURVE('40301',#5111,#6019,#3388,.T.);
#7671=EDGE_CURVE('40024',#6017,#6019,#853,.T.);
#7673=EDGE_CURVE('40023',#6014,#6017,#857,.T.);
#7675=EDGE_CURVE('40021',#6014,#6015,#861,.T.);
#7677=EDGE_CURVE('40305',#6015,#6011,#996,.T.);
#7679=EDGE_CURVE('40018',#6011,#6009,#865,.T.);
#7681=EDGE_CURVE('40017',#6007,#6009,#869,.T.);
#7683=EDGE_CURVE('40016',#6005,#6007,#873,.T.);
#7693=EDGE_CURVE('40025',#6022,#6023,#877,.T.);
#7695=EDGE_CURVE('40026',#6023,#6025,#881,.T.);
#7697=EDGE_CURVE('40027',#6025,#6027,#885,.T.);
#7699=EDGE_CURVE('40028',#6027,#6029,#889,.T.);
#7702=EDGE_CURVE('40031',#6032,#6033,#893,.T.);
#7704=EDGE_CURVE('40033',#6033,#6035,#897,.T.);
#7706=EDGE_CURVE('40034',#6037,#6035,#901,.T.);
#7708=EDGE_CURVE('40430',#5679,#6037,#3100,.T.);
#7710=EDGE_CURVE('38355',#5678,#5679,#3092,.T.);
#7712=EDGE_CURVE('38356',#5681,#5678,#1680,.T.);
#7714=EDGE_CURVE('38357',#5683,#5681,#2816,.T.);
#7716=EDGE_CURVE('38358',#5685,#5683,#2860,.T.);
#7727=EDGE_CURVE('40035',#6040,#6041,#905,.T.);
#7730=EDGE_CURVE('40036',#6044,#6045,#909,.T.);
#7732=EDGE_CURVE('42097',#6044,#6199,#913,.T.);
#7734=EDGE_CURVE('42404',#5993,#6199,#3182,.T.);
#7737=EDGE_CURVE('42317',#5509,#6197,#984,.T.);
#7739=EDGE_CURVE('42096',#6197,#6040,#921,.T.);
#7750=EDGE_CURVE('40390',#6005,#5463,#925,.T.);
#7752=EDGE_CURVE('34825',#5463,#5459,#3228,.T.);
#7754=EDGE_CURVE('34822',#5450,#5459,#3302,.T.);
#7766=EDGE_CURVE('40391',#5465,#6007,#938,.T.);
#7768=EDGE_CURVE('34826',#5463,#5465,#3232,.T.);
#7780=EDGE_CURVE('40392',#5469,#6009,#930,.T.);
#7782=EDGE_CURVE('34827',#5468,#5469,#3326,.T.);
#7784=EDGE_CURVE('34828',#5468,#5471,#3318,.T.);
#7786=EDGE_CURVE('34829',#5473,#5471,#934,.T.);
#7788=EDGE_CURVE('34830',#5465,#5473,#3236,.T.);
#7801=EDGE_CURVE('34801',#5445,#5443,#947,.T.);
#7803=EDGE_CURVE('34835',#5469,#5445,#942,.T.);
#7815=EDGE_CURVE('42290',#6197,#5447,#980,.T.);
#7817=EDGE_CURVE('34802',#5445,#5447,#3330,.T.);
#7821=EDGE_CURVE('34799',#5440,#5441,#3262,.T.);
#7823=EDGE_CURVE('42090',#6189,#5441,#951,.T.);
#7825=EDGE_CURVE('42070',#6188,#6189,#4775,.T.);
#7828=EDGE_CURVE('42072',#6193,#6191,#956,.T.);
#7830=EDGE_CURVE('42073',#6193,#6195,#3198,.T.);
#7832=EDGE_CURVE('42405',#6199,#6195,#3186,.T.);
#7835=EDGE_CURVE('42409',#6044,#6001,#960,.T.);
#7837=EDGE_CURVE('42091',#5999,#6001,#964,.T.);
#7839=EDGE_CURVE('42408',#6040,#5999,#968,.T.);
#7849=EDGE_CURVE('40307',#6015,#5264,#972,.T.);
#7852=EDGE_CURVE('40402',#5483,#6014,#3343,.T.);
#7854=EDGE_CURVE('34890',#5447,#5483,#976,.T.);
#7872=EDGE_CURVE('43056',#6246,#5265,#1040,.T.);
#7874=EDGE_CURVE('43084',#6246,#6269,#1000,.T.);
#7876=EDGE_CURVE('43074',#6269,#6267,#1004,.T.);
#7878=EDGE_CURVE('43073',#6267,#6265,#1008,.T.);
#7880=EDGE_CURVE('43072',#6264,#6265,#1012,.T.);
#7882=EDGE_CURVE('43085',#6264,#5273,#1016,.T.);
#7884=EDGE_CURVE('26853',#5273,#5261,#4516,.T.);
#7886=EDGE_CURVE('26846',#5261,#5252,#1020,.T.);
#7888=EDGE_CURVE('26780',#5257,#5252,#1024,.T.);
#7890=EDGE_CURVE('26852',#5257,#5271,#4524,.T.);
#7892=EDGE_CURVE('26851',#5271,#5268,#4548,.T.);
#7894=EDGE_CURVE('26850',#5268,#5269,#1028,.T.);
#7896=EDGE_CURVE('40308',#6051,#5269,#4616,.T.);
#7906=EDGE_CURVE('43055',#5176,#6243,#1032,.T.);
#7910=EDGE_CURVE('43054',#6241,#6247,#4344,.T.);
#7912=EDGE_CURVE('43051',#6246,#6247,#1036,.T.);
#7928=EDGE_CURVE('26819',#5249,#5179,#1048,.T.);
#7940=EDGE_CURVE('26820',#5181,#5247,#1064,.T.);
#7952=EDGE_CURVE('26894',#5245,#5183,#1060,.T.);
#7965=EDGE_CURVE('26890',#5243,#5185,#1072,.T.);
#7978=EDGE_CURVE('26891',#5187,#5241,#1132,.T.);
#7984=EDGE_CURVE('29015',#5299,#5409,#1088,.T.);
#7986=EDGE_CURVE('26892',#5299,#5293,#3520,.T.);
#7988=EDGE_CURVE('29012',#5421,#5293,#1092,.T.);
#7990=EDGE_CURVE('28986',#5419,#5421,#1096,.T.);
#7992=EDGE_CURVE('28985',#5408,#5419,#1100,.T.);
#7994=EDGE_CURVE('28981',#5408,#5409,#1104,.T.);
#7998=EDGE_CURVE('28982',#5412,#5413,#1108,.T.);
#8000=EDGE_CURVE('28983',#5415,#5413,#1112,.T.);
#8002=EDGE_CURVE('28987',#5417,#5415,#1116,.T.);
#8004=EDGE_CURVE('28984',#5412,#5417,#1120,.T.);
#8015=EDGE_CURVE('26893',#5189,#5239,#1140,.T.);
#8028=EDGE_CURVE('26821',#5237,#5191,#1136,.T.);
#8042=EDGE_CURVE('26822',#5193,#5235,#1152,.T.);
#8054=EDGE_CURVE('27462',#5195,#5233,#1168,.T.);
#8067=EDGE_CURVE('26362',#5169,#5166,#1160,.T.);
#8080=EDGE_CURVE('26364',#5167,#5171,#1216,.T.);
#8086=EDGE_CURVE('28961',#5173,#5377,#3916,.T.);
#8088=EDGE_CURVE('26365',#5173,#5163,#3888,.T.);
#8090=EDGE_CURVE('28959',#5389,#5163,#1172,.T.);
#8092=EDGE_CURVE('28930',#5387,#5389,#1176,.T.);
#8094=EDGE_CURVE('28929',#5376,#5387,#1180,.T.);
#8096=EDGE_CURVE('28925',#5376,#5377,#1184,.T.);
#8100=EDGE_CURVE('28926',#5380,#5381,#1188,.T.);
#8102=EDGE_CURVE('28927',#5383,#5381,#1192,.T.);
#8104=EDGE_CURVE('28931',#5385,#5383,#1196,.T.);
#8106=EDGE_CURVE('28928',#5380,#5385,#1200,.T.);
#8117=EDGE_CURVE('27463',#5231,#5197,#1208,.T.);
#8130=EDGE_CURVE('26823',#5229,#5199,#1220,.T.);
#8144=EDGE_CURVE('26824',#5201,#5227,#1236,.T.);
#8156=EDGE_CURVE('27175',#5225,#5203,#1232,.T.);
#8169=EDGE_CURVE('27171',#5223,#5205,#1244,.T.);
#8182=EDGE_CURVE('27172',#5207,#5221,#1300,.T.);
#8188=EDGE_CURVE('28910',#5321,#5345,#1324,.T.);
#8190=EDGE_CURVE('27173',#5321,#5319,#4979,.T.);
#8192=EDGE_CURVE('28908',#5357,#5319,#1260,.T.);
#8194=EDGE_CURVE('28881',#5355,#5357,#1264,.T.);
#8196=EDGE_CURVE('28880',#5344,#5355,#1268,.T.);
#8198=EDGE_CURVE('28876',#5344,#5345,#1272,.T.);
#8202=EDGE_CURVE('28877',#5348,#5349,#1276,.T.);
#8204=EDGE_CURVE('28878',#5351,#5349,#1280,.T.);
#8206=EDGE_CURVE('28882',#5353,#5351,#1284,.T.);
#8208=EDGE_CURVE('28879',#5348,#5353,#1288,.T.);
#8219=EDGE_CURVE('27174',#5209,#5218,#1308,.T.);
#8243=EDGE_CURVE('48103',#6395,#6413,#1312,.T.);
#8247=EDGE_CURVE('27176',#5143,#5321,#4983,.T.);
#8250=EDGE_CURVE('48119',#6413,#5345,#1392,.T.);
#8260=EDGE_CURVE('48104',#6394,#6403,#1328,.T.);
#8272=EDGE_CURVE('48105',#6407,#6415,#1340,.T.);
#8274=EDGE_CURVE('48113',#6415,#5302,#4100,.T.);
#8286=EDGE_CURVE('48100',#6391,#6409,#1352,.T.);
#8288=EDGE_CURVE('48124',#6391,#6387,#4076,.T.);
#8290=EDGE_CURVE('48093',#6386,#6387,#4084,.T.);
#8292=EDGE_CURVE('48121',#6395,#6386,#4104,.T.);
#8295=EDGE_CURVE('48107',#6409,#6413,#1388,.T.);
#8306=EDGE_CURVE('48118',#5357,#6409,#1400,.T.);
#8309=EDGE_CURVE('27170',#5319,#5141,#4991,.T.);
#8312=EDGE_CURVE('48114',#5139,#6391,#1360,.T.);
#8322=EDGE_CURVE('48101',#6390,#6399,#1364,.T.);
#8324=EDGE_CURVE('48115',#6390,#5153,#1368,.T.);
#8326=EDGE_CURVE('48108',#6399,#5153,#1372,.T.);
#8336=EDGE_CURVE('48102',#6405,#6411,#1376,.T.);
#8338=EDGE_CURVE('48110',#5307,#6405,#1380,.T.);
#8341=EDGE_CURVE('48112',#5305,#6411,#4092,.T.);
#8353=EDGE_CURVE('28890',#5345,#5056,#1396,.T.);
#8355=EDGE_CURVE('26072',#5071,#5056,#1496,.T.);
#8357=EDGE_CURVE('28899',#5357,#5071,#1432,.T.);
#8369=EDGE_CURVE('28887',#5344,#5053,#1428,.T.);
#8371=EDGE_CURVE('26059',#5051,#5053,#4971,.T.);
#8373=EDGE_CURVE('26058',#5051,#5049,#1404,.T.);
#8375=EDGE_CURVE('26057',#5046,#5049,#4959,.T.);
#8377=EDGE_CURVE('26056',#5046,#5047,#1408,.T.);
#8379=EDGE_CURVE('26061',#5059,#5047,#4947,.T.);
#8381=EDGE_CURVE('28894',#5349,#5059,#4943,.T.);
#8384=EDGE_CURVE('28891',#5057,#5348,#1504,.T.);
#8386=EDGE_CURVE('26060',#5056,#5057,#1492,.T.);
#8397=EDGE_CURVE('40191',#6068,#6069,#1412,.T.);
#8399=EDGE_CURVE('40379',#5336,#6068,#1508,.T.);
#8404=EDGE_CURVE('41677',#6159,#5329,#4899,.T.);
#8406=EDGE_CURVE('41590',#6135,#6159,#1416,.T.);
#8408=EDGE_CURVE('41452',#6135,#6069,#1420,.T.);
#8419=EDGE_CURVE('28895',#5355,#5069,#1468,.T.);
#8421=EDGE_CURVE('26069',#5069,#5053,#1424,.T.);
#8434=EDGE_CURVE('26074',#5071,#5073,#1436,.T.);
#8436=EDGE_CURVE('28900',#5073,#5353,#1440,.T.);
#8439=EDGE_CURVE('28903',#5351,#5075,#1444,.T.);
#8441=EDGE_CURVE('26077',#5075,#5063,#1448,.T.);
#8443=EDGE_CURVE('26063',#5061,#5063,#1452,.T.);
#8445=EDGE_CURVE('26066',#5061,#5065,#1456,.T.);
#8447=EDGE_CURVE('26068',#5067,#5065,#1460,.T.);
#8449=EDGE_CURVE('26070',#5067,#5069,#1464,.T.);
#8460=EDGE_CURVE('40193',#6072,#6073,#1472,.T.);
#8462=EDGE_CURVE('41456',#6137,#6073,#1476,.T.);
#8464=EDGE_CURVE('41591',#6137,#6161,#1480,.T.);
#8466=EDGE_CURVE('41678',#6161,#5331,#1484,.T.);
#8469=EDGE_CURVE('28871',#5333,#5341,#4252,.T.);
#8472=EDGE_CURVE('40380',#5339,#6072,#1488,.T.);
#8483=EDGE_CURVE('26073',#5073,#5057,#1500,.T.);
#8508=EDGE_CURVE('42153',#6203,#6068,#1512,.T.);
#8510=EDGE_CURVE('42154',#6203,#6205,#1516,.T.);
#8512=EDGE_CURVE('42155',#6205,#6072,#1520,.T.);
#8525=EDGE_CURVE('42284',#5494,#6068,#1524,.T.);
#8527=EDGE_CURVE('35504',#5494,#5433,#4939,.T.);
#8529=EDGE_CURVE('42309',#5433,#6203,#4927,.T.);
#8540=EDGE_CURVE('48951',#6109,#6069,#1528,.T.);
#8542=EDGE_CURVE('40292',#6108,#6109,#2468,.T.);
#8544=EDGE_CURVE('42370',#5568,#6108,#2532,.T.);
#8546=EDGE_CURVE('37327',#5568,#5569,#2524,.T.);
#8548=EDGE_CURVE('42371',#5569,#6112,#2512,.T.);
#8550=EDGE_CURVE('40294',#6112,#6113,#2432,.T.);
#8552=EDGE_CURVE('42336',#6117,#6113,#2736,.T.);
#8554=EDGE_CURVE('40295',#6116,#6117,#2612,.T.);
#8556=EDGE_CURVE('42372',#5572,#6116,#2676,.T.);
#8558=EDGE_CURVE('37330',#5572,#5573,#2668,.T.);
#8560=EDGE_CURVE('42373',#5573,#6120,#2656,.T.);
#8562=EDGE_CURVE('40297',#6120,#6121,#1868,.T.);
#8564=EDGE_CURVE('42335',#6125,#6121,#2768,.T.);
#8566=EDGE_CURVE('40298',#6124,#6125,#1624,.T.);
#8568=EDGE_CURVE('42374',#5576,#6124,#4843,.T.);
#8570=EDGE_CURVE('37333',#5576,#5577,#4835,.T.);
#8572=EDGE_CURVE('42375',#5577,#6128,#4823,.T.);
#8575=EDGE_CURVE('42334',#6133,#6129,#4911,.T.);
#8577=EDGE_CURVE('42333',#5564,#6133,#3128,.T.);
#8579=EDGE_CURVE('37247',#5564,#5565,#3145,.T.);
#8581=EDGE_CURVE('48272',#5565,#6497,#1532,.T.);
#8583=EDGE_CURVE('48875',#6497,#6383,#4689,.T.);
#8585=EDGE_CURVE('43665',#5491,#6383,#1536,.T.);
#8587=EDGE_CURVE('35014',#5490,#5491,#3364,.T.);
#8589=EDGE_CURVE('42247',#5490,#6131,#3376,.T.);
#8591=EDGE_CURVE('42248',#6131,#6089,#3740,.T.);
#8593=EDGE_CURVE('40199',#6088,#6089,#3620,.T.);
#8595=EDGE_CURVE('42289',#5503,#6088,#3692,.T.);
#8597=EDGE_CURVE('35196',#5502,#5503,#3676,.T.);
#8599=EDGE_CURVE('42288',#5502,#6084,#3672,.T.);
#8601=EDGE_CURVE('40197',#6084,#6085,#3560,.T.);
#8603=EDGE_CURVE('42249',#6085,#6081,#4276,.T.);
#8605=EDGE_CURVE('40196',#6080,#6081,#3828,.T.);
#8607=EDGE_CURVE('42287',#5499,#6080,#4232,.T.);
#8609=EDGE_CURVE('35193',#5498,#5499,#4216,.T.);
#8611=EDGE_CURVE('42286',#5498,#6076,#4212,.T.);
#8613=EDGE_CURVE('40194',#6076,#6077,#4124,.T.);
#8615=EDGE_CURVE('42250',#6077,#6073,#4268,.T.);
#8618=EDGE_CURVE('42285',#5495,#6072,#4923,.T.);
#8620=EDGE_CURVE('35190',#5494,#5495,#4935,.T.);
#8632=EDGE_CURVE('48952',#6135,#6174,#1548,.T.);
#8634=EDGE_CURVE('48950',#6174,#6109,#2472,.T.);
#8645=EDGE_CURVE('41565',#6157,#6057,#1584,.T.);
#8647=EDGE_CURVE('41702',#6169,#6057,#1540,.T.);
#8649=EDGE_CURVE('41595',#6145,#6169,#3628,.T.);
#8651=EDGE_CURVE('41700',#6157,#6145,#3744,.T.);
#8662=EDGE_CURVE('48953',#6175,#6159,#1544,.T.);
#8664=EDGE_CURVE('41620',#6174,#6175,#2476,.T.);
#8676=EDGE_CURVE('41699',#6139,#6137,#4272,.T.);
#8678=EDGE_CURVE('41592',#6139,#6163,#4128,.T.);
#8680=EDGE_CURVE('42244',#6161,#6163,#1552,.T.);
#8690=EDGE_CURVE('41593',#6141,#6165,#3836,.T.);
#8692=EDGE_CURVE('41701',#6143,#6141,#4280,.T.);
#8694=EDGE_CURVE('41594',#6143,#6167,#3564,.T.);
#8696=EDGE_CURVE('42245',#6165,#6167,#1556,.T.);
#8707=EDGE_CURVE('41782',#6171,#6155,#4907,.T.);
#8710=EDGE_CURVE('41784',#6185,#6097,#1560,.T.);
#8720=EDGE_CURVE('41621',#6147,#6177,#2444,.T.);
#8722=EDGE_CURVE('42330',#6177,#6179,#1564,.T.);
#8724=EDGE_CURVE('41622',#6149,#6179,#2620,.T.);
#8726=EDGE_CURVE('41781',#6149,#6147,#2732,.T.);
#8736=EDGE_CURVE('41623',#6151,#6181,#1880,.T.);
#8738=EDGE_CURVE('42331',#6181,#6183,#1568,.T.);
#8740=EDGE_CURVE('41624',#6153,#6183,#1632,.T.);
#8742=EDGE_CURVE('41783',#6153,#6151,#2764,.T.);
#8753=EDGE_CURVE('40107',#6055,#6053,#1576,.T.);
#8755=EDGE_CURVE('40108',#6055,#6057,#1580,.T.);
#8758=EDGE_CURVE('42103',#6157,#6131,#1588,.T.);
#8760=EDGE_CURVE('40312',#5121,#6131,#1592,.T.);
#8763=EDGE_CURVE('26880',#5120,#5287,#3764,.T.);
#8777=EDGE_CURVE('40521',#6095,#6055,#1604,.T.);
#8791=EDGE_CURVE('42227',#6183,#6185,#1612,.T.);
#8794=EDGE_CURVE('42223',#6179,#6181,#2744,.T.);
#8797=EDGE_CURVE('42219',#6175,#6177,#2584,.T.);
#8800=EDGE_CURVE('42156',#6159,#6161,#4903,.T.);
#8803=EDGE_CURVE('42160',#6163,#6165,#4264,.T.);
#8806=EDGE_CURVE('42164',#6167,#6169,#3752,.T.);
#8817=EDGE_CURVE('41905',#6183,#5961,#1608,.T.);
#8831=EDGE_CURVE('39698',#5977,#5592,#1644,.T.);
#8833=EDGE_CURVE('38043',#5592,#5593,#4791,.T.);
#8835=EDGE_CURVE('39699',#5593,#5980,#4799,.T.);
#8838=EDGE_CURVE('39702',#5981,#5595,#4855,.T.);
#8840=EDGE_CURVE('38044',#5595,#5583,#4859,.T.);
#8842=EDGE_CURVE('38039',#5582,#5583,#1616,.T.);
#8844=EDGE_CURVE('38040',#5582,#5585,#4871,.T.);
#8846=EDGE_CURVE('38041',#5587,#5585,#1620,.T.);
#8848=EDGE_CURVE('38042',#5587,#5589,#4883,.T.);
#8850=EDGE_CURVE('39695',#5976,#5589,#4891,.T.);
#8861=EDGE_CURVE('41549',#6153,#6125,#1628,.T.);
#8866=EDGE_CURVE('39680',#5960,#5969,#2748,.T.);
#8869=EDGE_CURVE('40516',#5968,#6124,#4807,.T.);
#8879=EDGE_CURVE('48844',#6593,#6601,#1636,.T.);
#8881=EDGE_CURVE('48856',#5989,#6593,#1640,.T.);
#8884=EDGE_CURVE('38055',#5607,#5592,#4795,.T.);
#8887=EDGE_CURVE('48857',#6601,#5977,#1648,.T.);
#8897=EDGE_CURVE('48833',#6591,#6593,#1652,.T.);
#8900=EDGE_CURVE('48836',#6587,#6601,#1728,.T.);
#8902=EDGE_CURVE('48859',#6587,#6582,#1708,.T.);
#8904=EDGE_CURVE('48830',#6582,#6583,#1700,.T.);
#8906=EDGE_CURVE('48862',#6591,#6583,#1688,.T.);
#8917=EDGE_CURVE('48852',#5692,#6591,#1656,.T.);
#8920=EDGE_CURVE('38705',#5861,#5693,#1756,.T.);
#8932=EDGE_CURVE('48834',#6590,#6595,#1664,.T.);
#8934=EDGE_CURVE('48846',#5725,#6595,#2792,.T.);
#8936=EDGE_CURVE('48853',#6590,#5725,#1668,.T.);
#8946=EDGE_CURVE('48835',#6598,#6599,#1672,.T.);
#8948=EDGE_CURVE('48850',#5858,#6599,#2780,.T.);
#8951=EDGE_CURVE('48845',#6598,#5859,#2800,.T.);
#8961=EDGE_CURVE('48832',#6590,#6591,#1676,.T.);
#8964=EDGE_CURVE('38443',#5724,#5725,#2788,.T.);
#8966=EDGE_CURVE('38444',#5681,#5724,#2820,.T.);
#8969=EDGE_CURVE('48349',#6512,#5678,#1684,.T.);
#8971=EDGE_CURVE('48352',#6512,#6508,#3096,.T.);
#8985=EDGE_CURVE('48863',#6583,#6590,#1692,.T.);
#8995=EDGE_CURVE('48840',#6609,#6595,#2784,.T.);
#8997=EDGE_CURVE('48864',#6595,#6598,#1696,.T.);
#8999=EDGE_CURVE('48842',#6609,#6598,#2796,.T.);
#9012=EDGE_CURVE('48860',#6582,#6586,#1704,.T.);
#9014=EDGE_CURVE('48837',#6586,#6603,#1740,.T.);
#9016=EDGE_CURVE('48861',#6603,#6606,#1712,.T.);
#9018=EDGE_CURVE('48838',#6606,#6607,#1748,.T.);
#9020=EDGE_CURVE('48839',#6607,#6599,#2772,.T.);
#9032=EDGE_CURVE('48831',#6586,#6587,#1716,.T.);
#9044=EDGE_CURVE('48841',#6611,#6603,#1768,.T.);
#9046=EDGE_CURVE('48843',#6611,#6606,#2192,.T.);
#9058=EDGE_CURVE('48855',#6587,#5697,#1736,.T.);
#9061=EDGE_CURVE('48817',#5699,#6555,#1792,.T.);
#9063=EDGE_CURVE('48797',#6554,#6555,#1724,.T.);
#9065=EDGE_CURVE('48818',#6554,#5717,#1804,.T.);
#9067=EDGE_CURVE('38427',#5716,#5717,#1776,.T.);
#9069=EDGE_CURVE('48854',#5716,#6586,#1744,.T.);
#9082=EDGE_CURVE('38709',#5695,#5867,#1764,.T.);
#9096=EDGE_CURVE('48848',#6603,#5716,#1772,.T.);
#9107=EDGE_CURVE('48847',#5864,#6606,#2212,.T.);
#9110=EDGE_CURVE('48851',#6607,#5865,#2776,.T.);
#9135=EDGE_CURVE('48812',#5717,#6563,#1780,.T.);
#9137=EDGE_CURVE('48802',#6569,#6563,#1784,.T.);
#9139=EDGE_CURVE('48858',#6611,#6569,#2196,.T.);
#9149=EDGE_CURVE('48799',#6555,#6561,#1788,.T.);
#9153=EDGE_CURVE('38450',#5731,#5701,#2260,.T.);
#9155=EDGE_CURVE('39665',#5957,#5731,#1900,.T.);
#9157=EDGE_CURVE('48821',#5957,#6561,#1816,.T.);
#9167=EDGE_CURVE('48800',#6554,#6563,#1800,.T.);
#9179=EDGE_CURVE('48801',#6566,#6567,#1808,.T.);
#9181=EDGE_CURVE('48815',#5728,#6567,#2356,.T.);
#9184=EDGE_CURVE('48811',#6566,#5729,#2204,.T.);
#9195=EDGE_CURVE('48810',#6561,#6577,#1812,.T.);
#9197=EDGE_CURVE('48806',#6559,#6577,#2216,.T.);
#9199=EDGE_CURVE('48824',#6559,#6550,#2168,.T.);
#9201=EDGE_CURVE('48796',#6550,#6551,#2176,.T.);
#9203=EDGE_CURVE('48827',#6555,#6551,#2180,.T.);
#9215=EDGE_CURVE('39656',#5957,#5671,#1864,.T.);
#9217=EDGE_CURVE('38347',#5671,#5656,#2628,.T.);
#9219=EDGE_CURVE('39647',#5945,#5656,#1820,.T.);
#9221=EDGE_CURVE('48822',#6577,#5945,#1824,.T.);
#9231=EDGE_CURVE('39636',#5955,#5957,#1896,.T.);
#9233=EDGE_CURVE('39652',#5955,#5669,#1828,.T.);
#9235=EDGE_CURVE('38345',#5667,#5669,#1832,.T.);
#9237=EDGE_CURVE('38343',#5667,#5665,#1836,.T.);
#9239=EDGE_CURVE('38341',#5661,#5665,#1840,.T.);
#9241=EDGE_CURVE('38338',#5661,#5663,#1844,.T.);
#9243=EDGE_CURVE('38352',#5675,#5663,#1848,.T.);
#9245=EDGE_CURVE('39660',#5951,#5675,#1852,.T.);
#9247=EDGE_CURVE('39637',#5953,#5951,#1912,.T.);
#9249=EDGE_CURVE('39657',#5673,#5953,#1856,.T.);
#9251=EDGE_CURVE('38349',#5671,#5673,#1860,.T.);
#9263=EDGE_CURVE('40513',#5939,#6120,#1872,.T.);
#9266=EDGE_CURVE('39638',#5933,#5941,#2756,.T.);
#9269=EDGE_CURVE('41902',#6181,#5931,#1876,.T.);
#9272=EDGE_CURVE('41548',#6151,#6121,#1884,.T.);
#9283=EDGE_CURVE('38452',#5737,#5734,#1932,.T.);
#9286=EDGE_CURVE('38454',#5735,#5739,#1972,.T.);
#9290=EDGE_CURVE('39667',#5741,#5945,#2220,.T.);
#9292=EDGE_CURVE('39631',#5944,#5945,#1888,.T.);
#9294=EDGE_CURVE('39635',#5944,#5955,#1892,.T.);
#9298=EDGE_CURVE('38455',#5741,#5731,#2256,.T.);
#9302=EDGE_CURVE('39632',#5948,#5949,#1904,.T.);
#9304=EDGE_CURVE('39634',#5948,#5953,#1908,.T.);
#9307=EDGE_CURVE('39633',#5951,#5949,#1916,.T.);
#9318=EDGE_CURVE('38975',#5763,#5801,#1924,.T.);
#9331=EDGE_CURVE('38646',#5761,#5803,#1936,.T.);
#9343=EDGE_CURVE('38645',#5805,#5759,#1952,.T.);
#9357=EDGE_CURVE('38713',#5757,#5807,#1948,.T.);
#9384=EDGE_CURVE('38976',#5799,#5765,#1980,.T.);
#9397=EDGE_CURVE('38647',#5797,#5767,#1984,.T.);
#9409=EDGE_CURVE('38648',#5769,#5795,#1996,.T.);
#9423=EDGE_CURVE('38846',#5793,#5771,#2000,.T.);
#9436=EDGE_CURVE('38842',#5791,#5773,#2012,.T.);
#9449=EDGE_CURVE('38843',#5775,#5789,#2060,.T.);
#9453=EDGE_CURVE('39616',#5889,#5913,#2080,.T.);
#9455=EDGE_CURVE('39582',#5912,#5913,#2024,.T.);
#9457=EDGE_CURVE('39586',#5912,#5923,#2028,.T.);
#9459=EDGE_CURVE('39587',#5923,#5925,#2032,.T.);
#9461=EDGE_CURVE('39614',#5925,#5887,#2036,.T.);
#9463=EDGE_CURVE('38844',#5889,#5887,#2360,.T.);
#9467=EDGE_CURVE('39583',#5916,#5917,#2040,.T.);
#9469=EDGE_CURVE('39585',#5916,#5921,#2044,.T.);
#9471=EDGE_CURVE('39588',#5921,#5919,#2048,.T.);
#9473=EDGE_CURVE('39584',#5919,#5917,#2052,.T.);
#9486=EDGE_CURVE('38845',#5777,#5786,#2068,.T.);
#9508=EDGE_CURVE('48772',#6525,#6543,#2076,.T.);
#9510=EDGE_CURVE('48788',#6543,#5913,#2388,.T.);
#9513=EDGE_CURVE('38847',#5711,#5889,#2372,.T.);
#9525=EDGE_CURVE('48773',#6524,#6533,#2092,.T.);
#9537=EDGE_CURVE('48774',#6537,#6545,#2104,.T.);
#9541=EDGE_CURVE('48782',#6545,#5870,#2316,.T.);
#9551=EDGE_CURVE('48769',#6521,#6539,#2116,.T.);
#9553=EDGE_CURVE('48776',#6539,#6543,#2376,.T.);
#9556=EDGE_CURVE('48790',#6525,#6516,#2304,.T.);
#9558=EDGE_CURVE('48762',#6516,#6517,#2296,.T.);
#9560=EDGE_CURVE('48793',#6521,#6517,#2284,.T.);
#9571=EDGE_CURVE('48783',#5707,#6521,#2120,.T.);
#9574=EDGE_CURVE('38841',#5887,#5709,#2364,.T.);
#9577=EDGE_CURVE('48787',#5925,#6539,#2380,.T.);
#9587=EDGE_CURVE('48770',#6520,#6529,#2128,.T.);
#9589=EDGE_CURVE('48777',#6529,#5721,#2132,.T.);
#9591=EDGE_CURVE('48784',#6520,#5721,#2136,.T.);
#9601=EDGE_CURVE('48771',#6535,#6541,#2140,.T.);
#9603=EDGE_CURVE('48781',#5873,#6541,#2324,.T.);
#9606=EDGE_CURVE('48779',#5875,#6535,#2148,.T.);
#9616=EDGE_CURVE('48798',#6558,#6559,#2152,.T.);
#9618=EDGE_CURVE('48820',#6559,#5705,#2228,.T.);
#9622=EDGE_CURVE('48763',#6520,#6521,#2160,.T.);
#9625=EDGE_CURVE('38428',#5720,#5721,#2276,.T.);
#9627=EDGE_CURVE('48819',#5720,#6558,#2236,.T.);
#9638=EDGE_CURVE('48825',#6550,#6558,#2164,.T.);
#9649=EDGE_CURVE('48803',#6572,#6573,#2272,.T.);
#9651=EDGE_CURVE('48805',#6572,#6575,#2328,.T.);
#9653=EDGE_CURVE('48826',#6573,#6575,#2172,.T.);
#9664=EDGE_CURVE('48828',#6551,#6554,#2184,.T.);
#9668=EDGE_CURVE('48807',#6558,#6573,#2232,.T.);
#9671=EDGE_CURVE('48808',#6575,#6579,#2244,.T.);
#9673=EDGE_CURVE('48809',#6579,#6567,#2344,.T.);
#9676=EDGE_CURVE('48829',#6563,#6566,#2188,.T.);
#9699=EDGE_CURVE('48804',#6569,#6566,#2200,.T.);
#9726=EDGE_CURVE('38848',#5703,#5741,#2268,.T.);
#9740=EDGE_CURVE('48813',#6573,#5720,#2240,.T.);
#9751=EDGE_CURVE('48814',#5877,#6575,#2248,.T.);
#9754=EDGE_CURVE('48816',#6579,#5879,#2348,.T.);
#9780=EDGE_CURVE('48765',#6528,#6529,#2280,.T.);
#9782=EDGE_CURVE('48823',#6572,#6528,#2332,.T.);
#9794=EDGE_CURVE('48794',#6517,#6520,#2288,.T.);
#9805=EDGE_CURVE('48795',#6529,#6535,#2292,.T.);
#9807=EDGE_CURVE('48767',#6528,#6535,#2336,.T.);
#9820=EDGE_CURVE('48791',#6516,#6524,#2300,.T.);
#9823=EDGE_CURVE('48792',#6533,#6537,#2308,.T.);
#9826=EDGE_CURVE('48775',#6545,#6541,#2312,.T.);
#9912=EDGE_CURVE('39605',#5925,#5639,#2428,.T.);
#9914=EDGE_CURVE('38325',#5639,#5624,#2484,.T.);
#9916=EDGE_CURVE('39596',#5913,#5624,#2384,.T.);
#9928=EDGE_CURVE('39601',#5923,#5637,#2392,.T.);
#9930=EDGE_CURVE('38323',#5635,#5637,#2396,.T.);
#9932=EDGE_CURVE('38321',#5635,#5633,#2400,.T.);
#9934=EDGE_CURVE('38319',#5629,#5633,#2404,.T.);
#9936=EDGE_CURVE('38316',#5629,#5631,#2408,.T.);
#9938=EDGE_CURVE('38330',#5643,#5631,#2412,.T.);
#9940=EDGE_CURVE('39609',#5919,#5643,#2416,.T.);
#9943=EDGE_CURVE('39606',#5641,#5921,#2420,.T.);
#9945=EDGE_CURVE('38327',#5639,#5641,#2424,.T.);
#9957=EDGE_CURVE('40509',#5907,#6112,#2436,.T.);
#9960=EDGE_CURVE('39577',#5901,#5909,#2596,.T.);
#9963=EDGE_CURVE('41898',#6177,#5899,#2440,.T.);
#9966=EDGE_CURVE('41543',#6147,#6113,#2448,.T.);
#9977=EDGE_CURVE('39593',#5912,#5621,#2452,.T.);
#9979=EDGE_CURVE('38322',#5637,#5621,#2456,.T.);
#9992=EDGE_CURVE('38313',#5624,#5625,#2480,.T.);
#9994=EDGE_CURVE('39597',#5625,#5916,#2488,.T.);
#9997=EDGE_CURVE('39600',#5917,#5627,#2544,.T.);
#9999=EDGE_CURVE('38314',#5627,#5615,#2548,.T.);
#10001=EDGE_CURVE('38309',#5614,#5615,#2460,.T.);
#10003=EDGE_CURVE('38310',#5614,#5617,#2560,.T.);
#10005=EDGE_CURVE('38311',#5619,#5617,#2464,.T.);
#10007=EDGE_CURVE('38312',#5619,#5621,#2572,.T.);
#10021=EDGE_CURVE('41897',#6175,#5897,#2580,.T.);
#10026=EDGE_CURVE('40508',#5904,#6108,#2496,.T.);
#10039=EDGE_CURVE('38326',#5641,#5625,#2492,.T.);
#10064=EDGE_CURVE('42218',#6219,#6112,#2500,.T.);
#10066=EDGE_CURVE('42217',#6217,#6219,#2504,.T.);
#10068=EDGE_CURVE('42216',#6217,#6108,#2508,.T.);
#10080=EDGE_CURVE('37471',#5569,#5516,#2516,.T.);
#10082=EDGE_CURVE('42395',#5516,#6219,#2520,.T.);
#10093=EDGE_CURVE('37469',#5568,#5517,#2528,.T.);
#10095=EDGE_CURVE('37147',#5516,#5517,#2536,.T.);
#10107=EDGE_CURVE('42394',#5517,#6217,#2540,.T.);
#10133=EDGE_CURVE('38329',#5643,#5627,#2552,.T.);
#10147=EDGE_CURVE('38317',#5615,#5631,#2556,.T.);
#10160=EDGE_CURVE('38315',#5629,#5614,#2564,.T.);
#10173=EDGE_CURVE('38318',#5633,#5617,#2568,.T.);
#10186=EDGE_CURVE('38320',#5635,#5619,#2576,.T.);
#10220=EDGE_CURVE('39639',#5928,#5937,#2588,.T.);
#10235=EDGE_CURVE('38335',#5656,#5657,#2624,.T.);
#10237=EDGE_CURVE('39648',#5657,#5948,#2632,.T.);
#10240=EDGE_CURVE('39651',#5949,#5659,#2688,.T.);
#10242=EDGE_CURVE('38336',#5659,#5647,#2692,.T.);
#10244=EDGE_CURVE('38331',#5646,#5647,#2604,.T.);
#10246=EDGE_CURVE('38332',#5646,#5649,#2704,.T.);
#10248=EDGE_CURVE('38333',#5651,#5649,#2608,.T.);
#10250=EDGE_CURVE('38334',#5651,#5653,#2716,.T.);
#10252=EDGE_CURVE('39644',#5944,#5653,#2724,.T.);
#10263=EDGE_CURVE('41544',#6149,#6117,#2616,.T.);
#10266=EDGE_CURVE('41901',#6179,#5929,#2740,.T.);
#10271=EDGE_CURVE('40512',#5936,#6116,#2640,.T.);
#10284=EDGE_CURVE('38348',#5673,#5657,#2636,.T.);
#10309=EDGE_CURVE('42222',#6223,#6120,#2644,.T.);
#10311=EDGE_CURVE('42221',#6221,#6223,#2648,.T.);
#10313=EDGE_CURVE('42220',#6221,#6116,#2652,.T.);
#10325=EDGE_CURVE('37479',#5573,#5520,#2660,.T.);
#10327=EDGE_CURVE('42397',#5520,#6223,#2664,.T.);
#10338=EDGE_CURVE('37477',#5572,#5521,#2672,.T.);
#10340=EDGE_CURVE('37148',#5520,#5521,#2680,.T.);
#10352=EDGE_CURVE('42396',#5521,#6221,#2684,.T.);
#10378=EDGE_CURVE('38351',#5675,#5659,#2696,.T.);
#10392=EDGE_CURVE('38339',#5647,#5663,#2700,.T.);
#10405=EDGE_CURVE('38337',#5661,#5646,#2708,.T.);
#10418=EDGE_CURVE('38340',#5665,#5649,#2712,.T.);
#10431=EDGE_CURVE('38342',#5667,#5651,#2720,.T.);
#10444=EDGE_CURVE('38344',#5669,#5653,#2728,.T.);
#10527=EDGE_CURVE('48849',#5885,#6609,#2812,.T.);
#10529=EDGE_CURVE('38773',#5724,#5885,#2824,.T.);
#10544=EDGE_CURVE('38814',#5881,#5885,#2808,.T.);
#10560=EDGE_CURVE('38683',#5851,#5683,#2832,.T.);
#10570=EDGE_CURVE('43135',#6321,#6325,#2836,.T.);
#10572=EDGE_CURVE('43140',#5843,#6321,#2840,.T.);
#10574=EDGE_CURVE('38678',#5843,#5827,#2844,.T.);
#10576=EDGE_CURVE('38665',#5821,#5827,#2848,.T.);
#10578=EDGE_CURVE('38632',#5821,#5823,#2852,.T.);
#10580=EDGE_CURVE('38679',#5845,#5823,#3000,.T.);
#10582=EDGE_CURVE('38680',#5847,#5845,#3024,.T.);
#10584=EDGE_CURVE('38681',#5849,#5847,#2856,.T.);
#10590=EDGE_CURVE('38685',#5783,#5853,#3080,.T.);
#10594=EDGE_CURVE('43141',#6323,#6297,#2872,.T.);
#10596=EDGE_CURVE('43137',#6323,#6327,#2876,.T.);
#10598=EDGE_CURVE('43136',#6327,#6325,#2880,.T.);
#10608=EDGE_CURVE('43522',#6365,#6367,#2884,.T.);
#10610=EDGE_CURVE('43524',#6285,#6367,#2888,.T.);
#10612=EDGE_CURVE('43102',#6283,#6285,#2892,.T.);
#10614=EDGE_CURVE('43101',#6281,#6283,#2896,.T.);
#10616=EDGE_CURVE('43100',#6280,#6281,#2900,.T.);
#10618=EDGE_CURVE('43106',#6289,#6280,#2904,.T.);
#10620=EDGE_CURVE('43105',#6288,#6289,#2908,.T.);
#10622=EDGE_CURVE('43516',#6357,#6288,#2912,.T.);
#10624=EDGE_CURVE('43514',#6357,#6359,#2916,.T.);
#10626=EDGE_CURVE('43518',#6315,#6359,#2920,.T.);
#10629=EDGE_CURVE('43133',#6314,#6321,#2976,.T.);
#10632=EDGE_CURVE('43526',#6365,#6325,#2924,.T.);
#10642=EDGE_CURVE('43520',#6362,#6363,#2928,.T.);
#10644=EDGE_CURVE('43523',#6367,#6362,#3072,.T.);
#10647=EDGE_CURVE('43521',#6365,#6363,#2972,.T.);
#10658=EDGE_CURVE('43527',#6363,#6327,#2932,.T.);
#10661=EDGE_CURVE('43134',#6319,#6323,#2980,.T.);
#10664=EDGE_CURVE('43519',#6317,#6354,#2936,.T.);
#10666=EDGE_CURVE('43512',#6354,#6355,#2940,.T.);
#10668=EDGE_CURVE('43517',#6355,#6310,#2944,.T.);
#10670=EDGE_CURVE('43120',#6310,#6311,#2948,.T.);
#10672=EDGE_CURVE('43121',#6311,#6302,#2952,.T.);
#10674=EDGE_CURVE('43115',#6302,#6303,#2956,.T.);
#10676=EDGE_CURVE('43116',#6303,#6305,#2960,.T.);
#10678=EDGE_CURVE('43117',#6305,#6307,#2964,.T.);
#10680=EDGE_CURVE('43525',#6307,#6362,#2968,.T.);
#10704=EDGE_CURVE('38677',#5843,#5841,#2984,.T.);
#10729=EDGE_CURVE('38666',#5829,#5827,#2992,.T.);
#10740=EDGE_CURVE('38631',#5820,#5821,#2996,.T.);
#10755=EDGE_CURVE('38633',#5823,#5825,#3004,.T.);
#10766=EDGE_CURVE('43308',#5839,#5845,#3012,.T.);
#10781=EDGE_CURVE('43309',#5847,#5836,#3020,.T.);
#10808=EDGE_CURVE('43515',#6359,#6354,#3040,.T.);
#10824=EDGE_CURVE('43513',#6357,#6355,#3044,.T.);
#10836=EDGE_CURVE('43128',#6288,#6310,#3048,.T.);
#10848=EDGE_CURVE('43127',#6289,#6311,#3052,.T.);
#10861=EDGE_CURVE('43126',#6280,#6302,#3056,.T.);
#10874=EDGE_CURVE('43125',#6281,#6303,#3060,.T.);
#10887=EDGE_CURVE('43124',#6283,#6305,#3064,.T.);
#10900=EDGE_CURVE('43123',#6285,#6307,#3068,.T.);
#10936=EDGE_CURVE('48348',#6512,#6513,#3088,.T.);
#10940=EDGE_CURVE('48350',#5679,#6513,#3116,.T.);
#10951=EDGE_CURVE('48351',#6513,#6509,#3112,.T.);
#10965=EDGE_CURVE('42167',#6215,#6133,#3108,.T.);
#10981=EDGE_CURVE('37357',#5564,#5579,#3124,.T.);
#10992=EDGE_CURVE('37246',#5560,#5561,#3133,.T.);
#10994=EDGE_CURVE('48268',#6491,#5561,#3137,.T.);
#10996=EDGE_CURVE('48269',#5565,#6491,#3141,.T.);
#11010=EDGE_CURVE('40424',#5556,#6035,#3170,.T.);
#11012=EDGE_CURVE('48277',#5556,#6503,#3153,.T.);
#11014=EDGE_CURVE('48274',#6503,#6493,#4702,.T.);
#11016=EDGE_CURVE('48270',#6493,#5561,#3157,.T.);
#11029=EDGE_CURVE('40423',#5557,#6033,#3161,.T.);
#11031=EDGE_CURVE('37185',#5556,#5557,#3165,.T.);
#11048=EDGE_CURVE('42077',#6195,#5557,#3190,.T.);
#11059=EDGE_CURVE('48282',#5542,#6501,#3194,.T.);
#11061=EDGE_CURVE('48279',#6501,#6503,#4706,.T.);
#11067=EDGE_CURVE('42075',#5543,#6193,#4787,.T.);
#11069=EDGE_CURVE('37159',#5542,#5543,#3202,.T.);
#11079=EDGE_CURVE('48281',#5545,#6500,#3206,.T.);
#11081=EDGE_CURVE('48273',#6500,#6501,#4710,.T.);
#11084=EDGE_CURVE('37160',#5542,#5545,#3210,.T.);
#11094=EDGE_CURVE('48280',#5547,#6505,#3214,.T.);
#11096=EDGE_CURVE('48278',#6505,#6500,#4714,.T.);
#11099=EDGE_CURVE('37161',#5547,#5545,#4726,.T.);
#11110=EDGE_CURVE('34871',#5441,#5475,#3270,.T.);
#11112=EDGE_CURVE('34872',#5475,#5477,#3274,.T.);
#11114=EDGE_CURVE('34873',#5479,#5477,#3219,.T.);
#11116=EDGE_CURVE('34874',#5479,#5461,#3294,.T.);
#11118=EDGE_CURVE('34823',#5459,#5461,#3224,.T.);
#11123=EDGE_CURVE('48258',#5473,#6489,#3310,.T.);
#11125=EDGE_CURVE('48874',#6489,#6505,#4660,.T.);
#11128=EDGE_CURVE('37162',#5539,#5547,#3240,.T.);
#11130=EDGE_CURVE('37158',#5537,#5539,#3244,.T.);
#11132=EDGE_CURVE('37157',#5537,#5533,#3248,.T.);
#11134=EDGE_CURVE('37155',#5533,#5535,#3253,.T.);
#11136=EDGE_CURVE('37177',#5553,#5535,#4751,.T.);
#11138=EDGE_CURVE('37176',#5553,#5551,#3258,.T.);
#11140=EDGE_CURVE('37175',#5550,#5551,#4771,.T.);
#11142=EDGE_CURVE('42076',#6189,#5550,#4779,.T.);
#11154=EDGE_CURVE('34883',#5475,#5453,#3278,.T.);
#11165=EDGE_CURVE('34884',#5477,#5455,#3286,.T.);
#11181=EDGE_CURVE('34885',#5457,#5479,#3290,.T.);
#11191=EDGE_CURVE('34824',#5461,#5451,#3306,.T.);
#11218=EDGE_CURVE('48259',#5471,#6484,#3314,.T.);
#11220=EDGE_CURVE('48252',#6489,#6484,#4664,.T.);
#11232=EDGE_CURVE('48260',#5468,#6485,#3322,.T.);
#11234=EDGE_CURVE('48240',#6484,#6485,#4668,.T.);
#11249=EDGE_CURVE('34889',#5482,#5483,#3339,.T.);
#11251=EDGE_CURVE('48250',#5482,#6487,#3351,.T.);
#11253=EDGE_CURVE('48253',#6485,#6487,#4672,.T.);
#11264=EDGE_CURVE('40403',#5482,#6017,#3335,.T.);
#11278=EDGE_CURVE('35013',#5486,#5487,#3356,.T.);
#11280=EDGE_CURVE('43663',#6379,#5487,#3347,.T.);
#11282=EDGE_CURVE('48244',#6487,#6379,#4677,.T.);
#11296=EDGE_CURVE('35250',#5490,#5505,#3380,.T.);
#11299=EDGE_CURVE('43658',#5491,#6377,#3368,.T.);
#11301=EDGE_CURVE('43657',#6377,#5487,#3372,.T.);
#11311=EDGE_CURVE('42099',#6131,#6201,#3400,.T.);
#11325=EDGE_CURVE('43626',#5111,#6375,#3392,.T.);
#11327=EDGE_CURVE('43630',#6375,#6371,#3396,.T.);
#11341=EDGE_CURVE('43622',#6374,#6375,#3408,.T.);
#11345=EDGE_CURVE('43624',#6374,#5110,#3424,.T.);
#11356=EDGE_CURVE('43631',#6374,#6370,#3416,.T.);
#11368=EDGE_CURVE('48163',#6460,#6461,#3420,.T.);
#11370=EDGE_CURVE('48183',#5124,#6461,#3456,.T.);
#11376=EDGE_CURVE('26349',#5113,#5156,#4324,.T.);
#11378=EDGE_CURVE('26348',#5156,#5157,#4304,.T.);
#11380=EDGE_CURVE('48184',#6460,#5157,#3464,.T.);
#11391=EDGE_CURVE('48194',#6453,#6460,#3432,.T.);
#11393=EDGE_CURVE('48193',#6461,#6453,#3436,.T.);
#11403=EDGE_CURVE('48171',#6479,#6465,#4296,.T.);
#11405=EDGE_CURVE('48173',#6479,#6468,#4636,.T.);
#11407=EDGE_CURVE('48195',#6465,#6468,#3440,.T.);
#11417=EDGE_CURVE('48165',#6460,#6465,#3460,.T.);
#11420=EDGE_CURVE('48166',#6468,#6469,#3468,.T.);
#11422=EDGE_CURVE('48170',#6477,#6469,#4284,.T.);
#11424=EDGE_CURVE('48169',#6476,#6477,#3516,.T.);
#11426=EDGE_CURVE('48192',#6473,#6476,#3480,.T.);
#11428=EDGE_CURVE('48168',#6456,#6473,#3508,.T.);
#11430=EDGE_CURVE('48191',#6452,#6456,#3476,.T.);
#11432=EDGE_CURVE('48161',#6452,#6453,#3444,.T.);
#11443=EDGE_CURVE('48164',#6461,#6463,#3448,.T.);
#11445=EDGE_CURVE('48187',#5421,#6463,#3548,.T.);
#11448=EDGE_CURVE('26885',#5293,#5125,#3532,.T.);
#11462=EDGE_CURVE('48177',#5157,#6465,#4300,.T.);
#11473=EDGE_CURVE('48176',#6468,#5291,#4652,.T.);
#11476=EDGE_CURVE('48181',#5290,#6469,#4288,.T.);
#11489=EDGE_CURVE('48190',#6457,#6452,#3472,.T.);
#11491=EDGE_CURVE('48167',#6457,#6471,#3496,.T.);
#11493=EDGE_CURVE('48175',#6463,#6471,#3536,.T.);
#11503=EDGE_CURVE('48162',#6456,#6457,#3484,.T.);
#11515=EDGE_CURVE('48172',#6481,#6473,#3984,.T.);
#11518=EDGE_CURVE('48174',#6481,#6476,#4004,.T.);
#11529=EDGE_CURVE('48185',#5148,#6456,#3512,.T.);
#11531=EDGE_CURVE('26317',#5148,#5149,#3996,.T.);
#11533=EDGE_CURVE('48149',#6424,#5149,#3880,.T.);
#11535=EDGE_CURVE('48128',#6424,#6425,#3488,.T.);
#11537=EDGE_CURVE('48148',#5131,#6425,#3872,.T.);
#11540=EDGE_CURVE('48186',#6457,#5129,#3500,.T.);
#11553=EDGE_CURVE('26889',#5127,#5299,#3524,.T.);
#11556=EDGE_CURVE('48188',#6471,#5409,#3540,.T.);
#11567=EDGE_CURVE('48179',#6473,#5148,#4000,.T.);
#11579=EDGE_CURVE('48182',#6477,#5297,#4292,.T.);
#11582=EDGE_CURVE('48178',#5296,#6476,#4008,.T.);
#11606=EDGE_CURVE('28992',#5409,#5024,#3544,.T.);
#11608=EDGE_CURVE('25786',#5039,#5024,#3644,.T.);
#11610=EDGE_CURVE('29001',#5421,#5039,#3580,.T.);
#11622=EDGE_CURVE('28989',#5408,#5021,#3576,.T.);
#11624=EDGE_CURVE('25773',#5019,#5021,#3732,.T.);
#11626=EDGE_CURVE('25772',#5019,#5017,#3552,.T.);
#11628=EDGE_CURVE('25771',#5014,#5017,#3720,.T.);
#11630=EDGE_CURVE('25770',#5014,#5015,#3556,.T.);
#11632=EDGE_CURVE('25775',#5027,#5015,#3708,.T.);
#11634=EDGE_CURVE('28996',#5413,#5027,#3704,.T.);
#11637=EDGE_CURVE('28993',#5025,#5412,#3652,.T.);
#11639=EDGE_CURVE('25774',#5024,#5025,#3640,.T.);
#11651=EDGE_CURVE('40387',#5400,#6084,#3656,.T.);
#11654=EDGE_CURVE('28974',#5392,#5401,#3772,.T.);
#11657=EDGE_CURVE('41685',#6167,#5393,#3748,.T.);
#11660=EDGE_CURVE('41462',#6143,#6085,#3568,.T.);
#11671=EDGE_CURVE('28997',#5419,#5037,#3616,.T.);
#11673=EDGE_CURVE('25783',#5037,#5021,#3572,.T.);
#11686=EDGE_CURVE('25788',#5039,#5041,#3584,.T.);
#11688=EDGE_CURVE('29002',#5041,#5417,#3588,.T.);
#11691=EDGE_CURVE('29005',#5415,#5043,#3592,.T.);
#11693=EDGE_CURVE('25791',#5043,#5031,#3596,.T.);
#11695=EDGE_CURVE('25777',#5029,#5031,#3600,.T.);
#11697=EDGE_CURVE('25780',#5029,#5033,#3604,.T.);
#11699=EDGE_CURVE('25782',#5035,#5033,#3608,.T.);
#11701=EDGE_CURVE('25784',#5035,#5037,#3612,.T.);
#11713=EDGE_CURVE('41466',#6145,#6089,#3624,.T.);
#11716=EDGE_CURVE('41686',#6169,#5395,#3632,.T.);
#11719=EDGE_CURVE('28973',#5397,#5405,#3756,.T.);
#11722=EDGE_CURVE('40388',#5403,#6088,#3636,.T.);
#11733=EDGE_CURVE('25787',#5041,#5025,#3648,.T.);
#11758=EDGE_CURVE('42161',#6211,#6084,#3660,.T.);
#11760=EDGE_CURVE('42162',#6211,#6213,#3664,.T.);
#11762=EDGE_CURVE('42163',#6213,#6088,#3668,.T.);
#11776=EDGE_CURVE('35520',#5502,#5429,#3680,.T.);
#11778=EDGE_CURVE('42313',#5429,#6211,#3696,.T.);
#11789=EDGE_CURVE('35522',#5503,#5428,#3688,.T.);
#11791=EDGE_CURVE('34777',#5428,#5429,#3700,.T.);
#11803=EDGE_CURVE('42314',#5428,#6213,#3684,.T.);
#11829=EDGE_CURVE('25790',#5043,#5027,#3716,.T.);
#11841=EDGE_CURVE('25778',#5015,#5031,#3712,.T.);
#11854=EDGE_CURVE('25776',#5029,#5014,#3724,.T.);
#11867=EDGE_CURVE('25779',#5033,#5017,#3728,.T.);
#11880=EDGE_CURVE('25781',#5035,#5019,#3736,.T.);
#11942=EDGE_CURVE('28932',#5365,#5373,#3780,.T.);
#11954=EDGE_CURVE('28950',#5389,#5103,#3788,.T.);
#11956=EDGE_CURVE('26096',#5103,#5105,#3792,.T.);
#11958=EDGE_CURVE('28951',#5105,#5385,#3796,.T.);
#11961=EDGE_CURVE('28954',#5383,#5107,#3800,.T.);
#11963=EDGE_CURVE('26099',#5107,#5095,#3804,.T.);
#11965=EDGE_CURVE('26085',#5093,#5095,#3808,.T.);
#11967=EDGE_CURVE('26088',#5093,#5097,#3812,.T.);
#11969=EDGE_CURVE('26090',#5099,#5097,#3816,.T.);
#11971=EDGE_CURVE('26092',#5099,#5101,#3820,.T.);
#11973=EDGE_CURVE('28946',#5387,#5101,#3824,.T.);
#11984=EDGE_CURVE('41461',#6141,#6081,#3832,.T.);
#11987=EDGE_CURVE('41682',#6165,#5363,#3840,.T.);
#11992=EDGE_CURVE('40384',#5371,#6080,#3844,.T.);
#12002=EDGE_CURVE('48141',#6431,#6447,#3848,.T.);
#12004=EDGE_CURVE('48153',#6447,#5377,#3852,.T.);
#12006=EDGE_CURVE('28941',#5377,#5088,#3856,.T.);
#12008=EDGE_CURVE('26094',#5103,#5088,#4208,.T.);
#12011=EDGE_CURVE('48152',#5389,#6431,#3860,.T.);
#12021=EDGE_CURVE('48130',#6425,#6431,#3864,.T.);
#12023=EDGE_CURVE('48158',#6425,#6421,#3976,.T.);
#12025=EDGE_CURVE('48127',#6420,#6421,#3968,.T.);
#12027=EDGE_CURVE('48155',#6429,#6420,#3956,.T.);
#12029=EDGE_CURVE('48137',#6429,#6447,#3904,.T.);
#12043=EDGE_CURVE('26360',#5163,#5133,#3900,.T.);
#12055=EDGE_CURVE('48131',#6424,#6433,#3876,.T.);
#12058=EDGE_CURVE('48143',#5149,#6433,#3992,.T.);
#12068=EDGE_CURVE('48132',#6436,#6437,#3884,.T.);
#12070=EDGE_CURVE('48142',#6436,#5161,#4016,.T.);
#12073=EDGE_CURVE('48146',#5160,#6437,#4032,.T.);
#12084=EDGE_CURVE('27177',#5135,#5173,#3892,.T.);
#12097=EDGE_CURVE('48151',#6429,#5137,#3908,.T.);
#12111=EDGE_CURVE('48138',#6428,#6443,#3920,.T.);
#12113=EDGE_CURVE('48144',#6443,#5152,#3924,.T.);
#12115=EDGE_CURVE('48150',#5152,#6428,#3928,.T.);
#12125=EDGE_CURVE('48139',#6445,#6449,#3932,.T.);
#12127=EDGE_CURVE('48147',#6449,#5311,#4040,.T.);
#12130=EDGE_CURVE('48145',#5309,#6445,#3940,.T.);
#12140=EDGE_CURVE('48129',#6428,#6429,#3944,.T.);
#12143=EDGE_CURVE('26318',#5152,#5153,#4052,.T.);
#12146=EDGE_CURVE('48094',#6390,#6391,#3948,.T.);
#12161=EDGE_CURVE('48156',#6420,#6428,#3960,.T.);
#12171=EDGE_CURVE('48134',#6442,#6443,#4044,.T.);
#12173=EDGE_CURVE('48157',#6443,#6445,#3964,.T.);
#12175=EDGE_CURVE('48136',#6442,#6445,#4056,.T.);
#12186=EDGE_CURVE('48160',#6433,#6436,#3980,.T.);
#12189=EDGE_CURVE('48140',#6449,#6437,#4028,.T.);
#12196=EDGE_CURVE('48159',#6421,#6424,#3972,.T.);
#12217=EDGE_CURVE('48133',#6439,#6433,#3988,.T.);
#12219=EDGE_CURVE('48135',#6439,#6436,#4020,.T.);
#12231=EDGE_CURVE('48189',#6481,#6439,#4024,.T.);
#12272=EDGE_CURVE('48154',#6442,#6398,#4068,.T.);
#12274=EDGE_CURVE('48096',#6398,#6399,#4048,.T.);
#12291=EDGE_CURVE('48098',#6398,#6405,#4064,.T.);
#12303=EDGE_CURVE('48125',#6387,#6390,#4072,.T.);
#12316=EDGE_CURVE('48126',#6399,#6405,#4080,.T.);
#12329=EDGE_CURVE('48106',#6415,#6411,#4088,.T.);
#12332=EDGE_CURVE('48123',#6403,#6407,#4112,.T.);
#12335=EDGE_CURVE('48122',#6386,#6394,#4108,.T.);
#12382=EDGE_CURVE('28938',#5376,#5085,#4140,.T.);
#12384=EDGE_CURVE('26081',#5083,#5085,#4144,.T.);
#12386=EDGE_CURVE('26080',#5083,#5081,#4116,.T.);
#12388=EDGE_CURVE('26079',#5078,#5081,#4156,.T.);
#12390=EDGE_CURVE('26078',#5078,#5079,#4120,.T.);
#12392=EDGE_CURVE('26083',#5091,#5079,#4164,.T.);
#12394=EDGE_CURVE('28945',#5381,#5091,#4176,.T.);
#12397=EDGE_CURVE('28942',#5089,#5380,#4184,.T.);
#12399=EDGE_CURVE('26082',#5088,#5089,#4204,.T.);
#12411=EDGE_CURVE('40383',#5368,#6076,#4188,.T.);
#12414=EDGE_CURVE('28933',#5360,#5369,#4244,.T.);
#12417=EDGE_CURVE('41681',#6163,#5361,#4260,.T.);
#12420=EDGE_CURVE('41457',#6139,#6077,#4132,.T.);
#12432=EDGE_CURVE('26091',#5101,#5085,#4136,.T.);
#12446=EDGE_CURVE('26089',#5099,#5083,#4148,.T.);
#12459=EDGE_CURVE('26087',#5097,#5081,#4152,.T.);
#12472=EDGE_CURVE('26084',#5093,#5078,#4160,.T.);
#12485=EDGE_CURVE('26086',#5079,#5095,#4168,.T.);
#12498=EDGE_CURVE('26098',#5107,#5091,#4172,.T.);
#12522=EDGE_CURVE('26095',#5105,#5089,#4180,.T.);
#12534=EDGE_CURVE('42157',#6207,#6076,#4192,.T.);
#12536=EDGE_CURVE('42158',#6207,#6209,#4196,.T.);
#12538=EDGE_CURVE('42159',#6209,#6080,#4200,.T.);
#12564=EDGE_CURVE('35512',#5498,#5437,#4220,.T.);
#12566=EDGE_CURVE('42311',#5437,#6207,#4236,.T.);
#12577=EDGE_CURVE('35514',#5499,#5436,#4228,.T.);
#12579=EDGE_CURVE('34791',#5436,#5437,#4240,.T.);
#12591=EDGE_CURVE('42312',#5436,#6209,#4224,.T.);
#12678=EDGE_CURVE('27026',#5156,#5317,#4320,.T.);
#12680=EDGE_CURVE('48180',#5317,#6479,#4640,.T.);
#12691=EDGE_CURVE('26862',#5283,#5115,#4312,.T.);
#12694=EDGE_CURVE('27113',#5313,#5317,#4644,.T.);
#12706=EDGE_CURVE('43077',#6271,#6275,#4328,.T.);
#12708=EDGE_CURVE('43078',#6277,#6275,#4332,.T.);
#12710=EDGE_CURVE('43079',#6273,#6277,#4336,.T.);
#12712=EDGE_CURVE('43083',#6273,#6247,#4340,.T.);
#12716=EDGE_CURVE('26864',#5215,#5285,#4632,.T.);
#12721=EDGE_CURVE('26861',#5281,#5117,#4568,.T.);
#12723=EDGE_CURVE('26860',#5281,#5279,#4356,.T.);
#12725=EDGE_CURVE('26859',#5279,#5277,#4540,.T.);
#12727=EDGE_CURVE('26858',#5277,#5255,#4532,.T.);
#12729=EDGE_CURVE('26778',#5253,#5255,#4360,.T.);
#12731=EDGE_CURVE('26844',#5253,#5259,#4364,.T.);
#12733=EDGE_CURVE('26857',#5275,#5259,#4368,.T.);
#12735=EDGE_CURVE('43082',#5275,#6271,#4372,.T.);
#12745=EDGE_CURVE('43496',#6349,#6351,#4376,.T.);
#12747=EDGE_CURVE('43508',#6349,#6275,#4380,.T.);
#12750=EDGE_CURVE('43075',#6264,#6271,#4500,.T.);
#12753=EDGE_CURVE('43492',#6265,#6343,#4384,.T.);
#12755=EDGE_CURVE('43480',#6341,#6343,#4388,.T.);
#12757=EDGE_CURVE('43490',#6341,#6238,#4392,.T.);
#12759=EDGE_CURVE('43046',#6238,#6239,#4396,.T.);
#12761=EDGE_CURVE('43047',#6239,#6230,#4400,.T.);
#12763=EDGE_CURVE('43041',#6230,#6231,#4404,.T.);
#12765=EDGE_CURVE('43042',#6231,#6233,#4408,.T.);
#12767=EDGE_CURVE('43043',#6233,#6235,#4412,.T.);
#12769=EDGE_CURVE('43506',#6235,#6351,#4416,.T.);
#12779=EDGE_CURVE('43494',#6346,#6347,#4420,.T.);
#12781=EDGE_CURVE('43495',#6349,#6347,#4620,.T.);
#12784=EDGE_CURVE('43497',#6351,#6346,#4464,.T.);
#12795=EDGE_CURVE('43507',#6257,#6346,#4424,.T.);
#12797=EDGE_CURVE('43059',#6255,#6257,#4428,.T.);
#12799=EDGE_CURVE('43058',#6253,#6255,#4432,.T.);
#12801=EDGE_CURVE('43057',#6252,#6253,#4436,.T.);
#12803=EDGE_CURVE('43063',#6261,#6252,#4440,.T.);
#12805=EDGE_CURVE('43062',#6260,#6261,#4444,.T.);
#12807=EDGE_CURVE('43491',#6339,#6260,#4448,.T.);
#12809=EDGE_CURVE('43478',#6338,#6339,#4452,.T.);
#12811=EDGE_CURVE('43493',#6267,#6338,#4456,.T.);
#12814=EDGE_CURVE('43076',#6269,#6273,#4504,.T.);
#12817=EDGE_CURVE('43509',#6347,#6277,#4460,.T.);
#12829=EDGE_CURVE('43065',#6235,#6257,#4468,.T.);
#12841=EDGE_CURVE('43066',#6233,#6255,#4472,.T.);
#12854=EDGE_CURVE('43067',#6231,#6253,#4476,.T.);
#12867=EDGE_CURVE('43068',#6230,#6252,#4480,.T.);
#12880=EDGE_CURVE('43069',#6239,#6261,#4484,.T.);
#12893=EDGE_CURVE('43070',#6238,#6260,#4492,.T.);
#12905=EDGE_CURVE('43479',#6341,#6339,#4488,.T.);
#12921=EDGE_CURVE('43481',#6343,#6338,#4496,.T.);
#12945=EDGE_CURVE('26856',#5275,#5273,#4508,.T.);
#12970=EDGE_CURVE('26845',#5261,#5259,#4512,.T.);
#12981=EDGE_CURVE('26777',#5252,#5253,#4520,.T.);
#12996=EDGE_CURVE('26779',#5255,#5257,#4528,.T.);
#13007=EDGE_CURVE('43277',#5271,#5277,#4536,.T.);
#13022=EDGE_CURVE('43278',#5279,#5268,#4544,.T.);
#13035=EDGE_CURVE('27371',#5325,#5281,#4552,.T.);
#13037=EDGE_CURVE('43268',#6331,#5325,#4584,.T.);
#13039=EDGE_CURVE('43273',#6329,#6331,#4556,.T.);
#13041=EDGE_CURVE('43267',#5323,#6329,#4604,.T.);
#13043=EDGE_CURVE('27369',#5269,#5323,#4560,.T.);
#13055=EDGE_CURVE('40315',#6061,#5325,#4588,.T.);
#13069=EDGE_CURVE('43313',#6065,#6331,#4580,.T.);
#13082=EDGE_CURVE('43312',#6063,#6329,#4608,.T.);
#13095=EDGE_CURVE('40314',#5323,#6059,#4600,.T.);
#13158=EDGE_CURVE('48246',#6383,#6381,#4685,.T.);
#13160=EDGE_CURVE('43664',#6377,#6381,#4656,.T.);
#13175=EDGE_CURVE('48245',#6381,#6379,#4681,.T.);
#13179=EDGE_CURVE('48276',#6497,#6495,#4693,.T.);
#13181=EDGE_CURVE('48275',#6495,#6493,#4697,.T.);
#13208=EDGE_CURVE('48271',#6491,#6495,#4718,.T.);
#13233=EDGE_CURVE('40412',#5539,#6025,#4722,.T.);
#13239=EDGE_CURVE('40413',#5543,#6027,#4731,.T.);
#13250=EDGE_CURVE('40411',#6023,#5537,#4735,.T.);
#13264=EDGE_CURVE('37154',#5524,#5533,#4743,.T.);
#13277=EDGE_CURVE('37156',#5535,#5525,#4739,.T.);
#13291=EDGE_CURVE('37181',#5531,#5553,#4755,.T.);
#13305=EDGE_CURVE('37180',#5551,#5528,#4759,.T.);
#13317=EDGE_CURVE('37179',#5550,#5529,#4767,.T.);
#13356=EDGE_CURVE('38056',#5609,#5593,#4803,.T.);
#13381=EDGE_CURVE('42226',#6227,#6128,#4811,.T.);
#13383=EDGE_CURVE('42225',#6225,#6227,#4815,.T.);
#13385=EDGE_CURVE('42224',#6225,#6124,#4819,.T.);
#13397=EDGE_CURVE('37487',#5577,#5512,#4827,.T.);
#13399=EDGE_CURVE('42399',#5512,#6227,#4831,.T.);
#13410=EDGE_CURVE('37485',#5576,#5513,#4839,.T.);
#13412=EDGE_CURVE('37135',#5512,#5513,#4847,.T.);
#13424=EDGE_CURVE('42398',#5513,#6225,#4851,.T.);
#13450=EDGE_CURVE('38059',#5611,#5595,#4863,.T.);
#13464=EDGE_CURVE('38047',#5583,#5599,#4867,.T.);
#13477=EDGE_CURVE('38045',#5597,#5582,#4875,.T.);
#13490=EDGE_CURVE('38048',#5601,#5585,#4879,.T.);
#13503=EDGE_CURVE('38050',#5603,#5587,#4887,.T.);
#13516=EDGE_CURVE('38052',#5605,#5589,#4895,.T.);
#13563=EDGE_CURVE('42310',#5432,#6205,#4915,.T.);
#13565=EDGE_CURVE('35506',#5495,#5432,#4919,.T.);
#13578=EDGE_CURVE('34790',#5432,#5433,#4931,.T.);
#13603=EDGE_CURVE('26076',#5075,#5059,#4955,.T.);
#13615=EDGE_CURVE('26064',#5047,#5063,#4951,.T.);
#13628=EDGE_CURVE('26062',#5061,#5046,#4963,.T.);
#13641=EDGE_CURVE('26065',#5065,#5049,#4967,.T.);
#13654=EDGE_CURVE('26067',#5067,#5051,#4975,.T.);
#13692=EDGE_CURVE('40007',#5997,#5425,#4995,.T.);
#13694=EDGE_CURVE('40008',#5425,#6001,#4999,.T.);
#13706=EDGE_CURVE('40005',#5996,#5424,#5007,.T.);
#13708=EDGE_CURVE('29167',#5424,#5425,#5011,.T.);
#13721=EDGE_CURVE('40006',#5424,#5999,#5003,.T.);
#13750=ADVANCED_BREP_SHAPE_REPRESENTATION('',(#13741),#13749);
#13757=PRODUCT_DEFINITION('design','',#13756,#13753);
#13758=PRODUCT_DEFINITION_SHAPE('','SHAPE FOR SFW_R-1ST_LF.',#13757);
#13759=SHAPE_DEFINITION_REPRESENTATION(#13758,#13750);
ENDSEC;
END-ISO-10303-21;

