ISO-10303-21;
HEADER;
FILE_DESCRIPTION(('KiCad electronic assembly'),'2;1');
FILE_NAME('fin.step','2026-08-14T19:01:09',('Pcbnew'),('Kicad'),
  'Open CASCADE STEP processor 7.9','KiCad to STEP converter','Unknown'
  );
FILE_SCHEMA(('AUTOMOTIVE_DESIGN { 1 0 10303 214 1 1 1 1 }'));
ENDSEC;
DATA;
#1 = APPLICATION_PROTOCOL_DEFINITION('international standard',
  'automotive_design',2000,#2);
#2 = APPLICATION_CONTEXT(
  'core data for automotive mechanical design processes');
#3 = SHAPE_DEFINITION_REPRESENTATION(#4,#10);
#4 = PRODUCT_DEFINITION_SHAPE('','',#5);
#5 = PRODUCT_DEFINITION('design','',#6,#9);
#6 = PRODUCT_DEFINITION_FORMATION('','',#7);
#7 = PRODUCT('fin 1','fin 1','',(#8));
#8 = PRODUCT_CONTEXT('',#2,'mechanical');
#9 = PRODUCT_DEFINITION_CONTEXT('part definition',#2,'design');
#10 = SHAPE_REPRESENTATION('',(#11,#15,#19,#23,#27),#31);
#11 = AXIS2_PLACEMENT_3D('',#12,#13,#14);
#12 = CARTESIAN_POINT('',(0.,0.,0.));
#13 = DIRECTION('',(0.,0.,1.));
#14 = DIRECTION('',(1.,0.,-0.));
#15 = AXIS2_PLACEMENT_3D('',#16,#17,#18);
#16 = CARTESIAN_POINT('',(134.45,-148.5,1.595));
#17 = DIRECTION('',(0.,0.,1.));
#18 = DIRECTION('',(1.,0.,0.));
#19 = AXIS2_PLACEMENT_3D('',#20,#21,#22);
#20 = CARTESIAN_POINT('',(85.5,-145.,1.595));
#21 = DIRECTION('',(0.,0.,1.));
#22 = DIRECTION('',(1.,0.,0.));
#23 = AXIS2_PLACEMENT_3D('',#24,#25,#26);
#24 = CARTESIAN_POINT('',(118.,-144.5,-8.5E-02));
#25 = DIRECTION('',(1.499759782662E-32,1.224646799147E-16,-1.));
#26 = DIRECTION('',(-1.,1.224646799147E-16,0.));
#27 = AXIS2_PLACEMENT_3D('',#28,#29,#30);
#28 = CARTESIAN_POINT('',(0.,0.,0.));
#29 = DIRECTION('',(0.,0.,1.));
#30 = DIRECTION('',(1.,0.,-0.));
#31 = ( GEOMETRIC_REPRESENTATION_CONTEXT(3) 
GLOBAL_UNCERTAINTY_ASSIGNED_CONTEXT((#35)) GLOBAL_UNIT_ASSIGNED_CONTEXT(
(#32,#33,#34)) REPRESENTATION_CONTEXT('Context #1',
  '3D Context with UNIT and UNCERTAINTY') );
#32 = ( LENGTH_UNIT() NAMED_UNIT(*) SI_UNIT(.MILLI.,.METRE.) );
#33 = ( NAMED_UNIT(*) PLANE_ANGLE_UNIT() SI_UNIT($,.RADIAN.) );
#34 = ( NAMED_UNIT(*) SI_UNIT($,.STERADIAN.) SOLID_ANGLE_UNIT() );
#35 = UNCERTAINTY_MEASURE_WITH_UNIT(LENGTH_MEASURE(2.E-06),#32,
  'distance_accuracy_value','confusion accuracy');
#36 = PRODUCT_RELATED_PRODUCT_CATEGORY('part',$,(#7));
#37 = SHAPE_DEFINITION_REPRESENTATION(#38,#44);
#38 = PRODUCT_DEFINITION_SHAPE('','',#39);
#39 = PRODUCT_DEFINITION('design','',#40,#43);
#40 = PRODUCT_DEFINITION_FORMATION('','',#41);
#41 = PRODUCT('DBZ0003A','DBZ0003A','',(#42));
#42 = PRODUCT_CONTEXT('',#2,'mechanical');
#43 = PRODUCT_DEFINITION_CONTEXT('part definition',#2,'design');
#44 = SHAPE_REPRESENTATION('',(#11,#45),#49);
#45 = AXIS2_PLACEMENT_3D('',#46,#47,#48);
#46 = CARTESIAN_POINT('',(0.,0.,0.));
#47 = DIRECTION('',(0.,0.,1.));
#48 = DIRECTION('',(1.,0.,-0.));
#49 = ( GEOMETRIC_REPRESENTATION_CONTEXT(3) 
GLOBAL_UNCERTAINTY_ASSIGNED_CONTEXT((#53)) GLOBAL_UNIT_ASSIGNED_CONTEXT(
(#50,#51,#52)) REPRESENTATION_CONTEXT('Context #1',
  '3D Context with UNIT and UNCERTAINTY') );
#50 = ( LENGTH_UNIT() NAMED_UNIT(*) SI_UNIT(.MILLI.,.METRE.) );
#51 = ( NAMED_UNIT(*) PLANE_ANGLE_UNIT() SI_UNIT($,.RADIAN.) );
#52 = ( NAMED_UNIT(*) SI_UNIT($,.STERADIAN.) SOLID_ANGLE_UNIT() );
#53 = UNCERTAINTY_MEASURE_WITH_UNIT(LENGTH_MEASURE(1.E-07),#50,
  'distance_accuracy_value','confusion accuracy');
#54 = CONTEXT_DEPENDENT_SHAPE_REPRESENTATION(#55,#57);
#55 = ( REPRESENTATION_RELATIONSHIP('','',#44,#10) 
REPRESENTATION_RELATIONSHIP_WITH_TRANSFORMATION(#56) 
SHAPE_REPRESENTATION_RELATIONSHIP() );
#56 = ITEM_DEFINED_TRANSFORMATION('','',#11,#15);
#57 = PRODUCT_DEFINITION_SHAPE('Placement','Placement of an item',#58);
#58 = NEXT_ASSEMBLY_USAGE_OCCURRENCE('8','U4','',#5,#39,$);
#59 = PRODUCT_RELATED_PRODUCT_CATEGORY('part',$,(#41));
#60 = SHAPE_DEFINITION_REPRESENTATION(#61,#67);
#61 = PRODUCT_DEFINITION_SHAPE('','',#62);
#62 = PRODUCT_DEFINITION('design','',#63,#66);
#63 = PRODUCT_DEFINITION_FORMATION('','',#64);
#64 = PRODUCT('DBZ0003A_ASM','DBZ0003A_ASM','',(#65));
#65 = PRODUCT_CONTEXT('',#2,'mechanical');
#66 = PRODUCT_DEFINITION_CONTEXT('part definition',#2,'design');
#67 = SHAPE_REPRESENTATION('',(#11,#68,#72,#76,#80,#84,#88),#92);
#68 = AXIS2_PLACEMENT_3D('',#69,#70,#71);
#69 = CARTESIAN_POINT('',(0.,0.,0.455));
#70 = DIRECTION('',(-1.,0.,0.));
#71 = DIRECTION('',(0.,-1.,0.));
#72 = AXIS2_PLACEMENT_3D('',#73,#74,#75);
#73 = CARTESIAN_POINT('',(-0.760234093676,-0.95,0.25));
#74 = DIRECTION('',(-1.,0.,0.));
#75 = DIRECTION('',(0.,-1.,0.));
#76 = AXIS2_PLACEMENT_3D('',#77,#78,#79);
#77 = CARTESIAN_POINT('',(-0.760234093676,0.95,0.25));
#78 = DIRECTION('',(-1.,0.,0.));
#79 = DIRECTION('',(0.,-1.,0.));
#80 = AXIS2_PLACEMENT_3D('',#81,#82,#83);
#81 = CARTESIAN_POINT('',(0.760234093676,0.,0.25));
#82 = DIRECTION('',(1.,0.,0.));
#83 = DIRECTION('',(0.,1.,0.));
#84 = AXIS2_PLACEMENT_3D('',#85,#86,#87);
#85 = CARTESIAN_POINT('',(0.,0.,1.005));
#86 = DIRECTION('',(-1.,0.,0.));
#87 = DIRECTION('',(0.,-1.,0.));
#88 = AXIS2_PLACEMENT_3D('',#89,#90,#91);
#89 = CARTESIAN_POINT('',(-0.65,0.,0.315));
#90 = DIRECTION('',(-1.,0.,0.));
#91 = DIRECTION('',(0.,-1.,0.));
#92 = ( GEOMETRIC_REPRESENTATION_CONTEXT(3) 
GLOBAL_UNCERTAINTY_ASSIGNED_CONTEXT((#96)) GLOBAL_UNIT_ASSIGNED_CONTEXT(
(#93,#94,#95)) REPRESENTATION_CONTEXT('Context #1',
  '3D Context with UNIT and UNCERTAINTY') );
#93 = ( LENGTH_UNIT() NAMED_UNIT(*) SI_UNIT(.MILLI.,.METRE.) );
#94 = ( NAMED_UNIT(*) PLANE_ANGLE_UNIT() SI_UNIT($,.RADIAN.) );
#95 = ( NAMED_UNIT(*) SI_UNIT($,.STERADIAN.) SOLID_ANGLE_UNIT() );
#96 = UNCERTAINTY_MEASURE_WITH_UNIT(LENGTH_MEASURE(1.E-07),#93,
  'distance_accuracy_value','confusion accuracy');
#97 = CONTEXT_DEPENDENT_SHAPE_REPRESENTATION(#98,#100);
#98 = ( REPRESENTATION_RELATIONSHIP('','',#67,#44) 
REPRESENTATION_RELATIONSHIP_WITH_TRANSFORMATION(#99) 
SHAPE_REPRESENTATION_RELATIONSHIP() );
#99 = ITEM_DEFINED_TRANSFORMATION('','',#11,#45);
#100 = PRODUCT_DEFINITION_SHAPE('Placement','Placement of an item',#101
  );
#101 = NEXT_ASSEMBLY_USAGE_OCCURRENCE('7','=>[0:1:1:3]','',#39,#62,$);
#102 = PRODUCT_RELATED_PRODUCT_CATEGORY('part',$,(#64));
#103 = SHAPE_DEFINITION_REPRESENTATION(#104,#110);
#104 = PRODUCT_DEFINITION_SHAPE('','',#105);
#105 = PRODUCT_DEFINITION('design','',#106,#109);
#106 = PRODUCT_DEFINITION_FORMATION('','',#107);
#107 = PRODUCT('BODY-SOT','BODY-SOT','',(#108));
#108 = PRODUCT_CONTEXT('',#2,'mechanical');
#109 = PRODUCT_DEFINITION_CONTEXT('part definition',#2,'design');
#110 = ADVANCED_BREP_SHAPE_REPRESENTATION('',(#11,#111),#615);
#111 = MANIFOLD_SOLID_BREP('',#112);
#112 = CLOSED_SHELL('',(#113,#153,#184,#215,#246,#286,#317,#346,#365,
    #389,#413,#435,#447,#478,#502,#533,#557,#574,#586,#603));
#113 = ADVANCED_FACE('',(#114),#148,.T.);
#114 = FACE_BOUND('',#115,.F.);
#115 = EDGE_LOOP('',(#116,#126,#134,#142));
#116 = ORIENTED_EDGE('',*,*,#117,.F.);
#117 = EDGE_CURVE('',#118,#120,#122,.T.);
#118 = VERTEX_POINT('',#119);
#119 = CARTESIAN_POINT('',(-1.392468491503,0.55,-0.55302016061));
#120 = VERTEX_POINT('',#121);
#121 = CARTESIAN_POINT('',(-1.392468491503,0.55,0.55302016061));
#122 = LINE('',#123,#124);
#123 = CARTESIAN_POINT('',(-1.392468491503,0.55,-0.55302016061));
#124 = VECTOR('',#125,1.);
#125 = DIRECTION('',(0.,0.,1.));
#126 = ORIENTED_EDGE('',*,*,#127,.F.);
#127 = EDGE_CURVE('',#128,#118,#130,.T.);
#128 = VERTEX_POINT('',#129);
#129 = CARTESIAN_POINT('',(1.392468491503,0.55,-0.55302016061));
#130 = LINE('',#131,#132);
#131 = CARTESIAN_POINT('',(1.392468491503,0.55,-0.55302016061));
#132 = VECTOR('',#133,1.);
#133 = DIRECTION('',(-1.,0.,0.));
#134 = ORIENTED_EDGE('',*,*,#135,.F.);
#135 = EDGE_CURVE('',#136,#128,#138,.T.);
#136 = VERTEX_POINT('',#137);
#137 = CARTESIAN_POINT('',(1.392468491503,0.55,0.55302016061));
#138 = LINE('',#139,#140);
#139 = CARTESIAN_POINT('',(1.392468491503,0.55,0.55302016061));
#140 = VECTOR('',#141,1.);
#141 = DIRECTION('',(0.,0.,-1.));
#142 = ORIENTED_EDGE('',*,*,#143,.F.);
#143 = EDGE_CURVE('',#120,#136,#144,.T.);
#144 = LINE('',#145,#146);
#145 = CARTESIAN_POINT('',(-1.392468491503,0.55,0.55302016061));
#146 = VECTOR('',#147,1.);
#147 = DIRECTION('',(1.,0.,0.));
#148 = PLANE('',#149);
#149 = AXIS2_PLACEMENT_3D('',#150,#151,#152);
#150 = CARTESIAN_POINT('',(0.,0.55,0.));
#151 = DIRECTION('',(0.,1.,0.));
#152 = DIRECTION('',(1.,0.,0.));
#153 = ADVANCED_FACE('',(#154),#179,.T.);
#154 = FACE_BOUND('',#155,.F.);
#155 = EDGE_LOOP('',(#156,#166,#172,#173));
#156 = ORIENTED_EDGE('',*,*,#157,.T.);
#157 = EDGE_CURVE('',#158,#160,#162,.T.);
#158 = VERTEX_POINT('',#159);
#159 = CARTESIAN_POINT('',(-1.46,0.,0.65));
#160 = VERTEX_POINT('',#161);
#161 = CARTESIAN_POINT('',(-1.46,0.,-0.65));
#162 = LINE('',#163,#164);
#163 = CARTESIAN_POINT('',(-1.46,0.,0.65));
#164 = VECTOR('',#165,1.);
#165 = DIRECTION('',(0.,0.,-1.));
#166 = ORIENTED_EDGE('',*,*,#167,.T.);
#167 = EDGE_CURVE('',#160,#118,#168,.T.);
#168 = LINE('',#169,#170);
#169 = CARTESIAN_POINT('',(-1.46,0.,-0.65));
#170 = VECTOR('',#171,1.);
#171 = DIRECTION('',(0.120044758076,0.977686096634,0.1723924375));
#172 = ORIENTED_EDGE('',*,*,#117,.T.);
#173 = ORIENTED_EDGE('',*,*,#174,.F.);
#174 = EDGE_CURVE('',#158,#120,#175,.T.);
#175 = LINE('',#176,#177);
#176 = CARTESIAN_POINT('',(-1.46,0.,0.65));
#177 = VECTOR('',#178,1.);
#178 = DIRECTION('',(0.120044758076,0.977686096634,-0.1723924375));
#179 = PLANE('',#180);
#180 = AXIS2_PLACEMENT_3D('',#181,#182,#183);
#181 = CARTESIAN_POINT('',(-1.46,0.,-0.65));
#182 = DIRECTION('',(-0.992546151641,0.121869343405,0.));
#183 = DIRECTION('',(0.,0.,1.));
#184 = ADVANCED_FACE('',(#185),#210,.T.);
#185 = FACE_BOUND('',#186,.F.);
#186 = EDGE_LOOP('',(#187,#188,#196,#204));
#187 = ORIENTED_EDGE('',*,*,#157,.F.);
#188 = ORIENTED_EDGE('',*,*,#189,.T.);
#189 = EDGE_CURVE('',#158,#190,#192,.T.);
#190 = VERTEX_POINT('',#191);
#191 = CARTESIAN_POINT('',(-1.46,-0.14,0.65));
#192 = LINE('',#193,#194);
#193 = CARTESIAN_POINT('',(-1.46,0.,0.65));
#194 = VECTOR('',#195,1.);
#195 = DIRECTION('',(0.,-1.,0.));
#196 = ORIENTED_EDGE('',*,*,#197,.T.);
#197 = EDGE_CURVE('',#190,#198,#200,.T.);
#198 = VERTEX_POINT('',#199);
#199 = CARTESIAN_POINT('',(-1.46,-0.14,-0.65));
#200 = LINE('',#201,#202);
#201 = CARTESIAN_POINT('',(-1.46,-0.14,0.65));
#202 = VECTOR('',#203,1.);
#203 = DIRECTION('',(0.,0.,-1.));
#204 = ORIENTED_EDGE('',*,*,#205,.F.);
#205 = EDGE_CURVE('',#160,#198,#206,.T.);
#206 = LINE('',#207,#208);
#207 = CARTESIAN_POINT('',(-1.46,0.,-0.65));
#208 = VECTOR('',#209,1.);
#209 = DIRECTION('',(0.,-1.,0.));
#210 = PLANE('',#211);
#211 = AXIS2_PLACEMENT_3D('',#212,#213,#214);
#212 = CARTESIAN_POINT('',(-1.46,0.,-0.65));
#213 = DIRECTION('',(-1.,0.,0.));
#214 = DIRECTION('',(0.,0.,1.));
#215 = ADVANCED_FACE('',(#216),#241,.T.);
#216 = FACE_BOUND('',#217,.F.);
#217 = EDGE_LOOP('',(#218,#228,#234,#235));
#218 = ORIENTED_EDGE('',*,*,#219,.F.);
#219 = EDGE_CURVE('',#220,#222,#224,.T.);
#220 = VERTEX_POINT('',#221);
#221 = CARTESIAN_POINT('',(-0.125,-0.14,0.65));
#222 = VERTEX_POINT('',#223);
#223 = CARTESIAN_POINT('',(-0.125,0.,0.65));
#224 = LINE('',#225,#226);
#225 = CARTESIAN_POINT('',(-0.125,-0.14,0.65));
#226 = VECTOR('',#227,1.);
#227 = DIRECTION('',(0.,1.,0.));
#228 = ORIENTED_EDGE('',*,*,#229,.T.);
#229 = EDGE_CURVE('',#220,#190,#230,.T.);
#230 = LINE('',#231,#232);
#231 = CARTESIAN_POINT('',(-0.125,-0.14,0.65));
#232 = VECTOR('',#233,1.);
#233 = DIRECTION('',(-1.,0.,0.));
#234 = ORIENTED_EDGE('',*,*,#189,.F.);
#235 = ORIENTED_EDGE('',*,*,#236,.T.);
#236 = EDGE_CURVE('',#158,#222,#237,.T.);
#237 = LINE('',#238,#239);
#238 = CARTESIAN_POINT('',(-1.46,0.,0.65));
#239 = VECTOR('',#240,1.);
#240 = DIRECTION('',(1.,0.,0.));
#241 = PLANE('',#242);
#242 = AXIS2_PLACEMENT_3D('',#243,#244,#245);
#243 = CARTESIAN_POINT('',(-1.46,0.,0.65));
#244 = DIRECTION('',(0.,0.,1.));
#245 = DIRECTION('',(1.,0.,-0.));
#246 = ADVANCED_FACE('',(#247),#281,.T.);
#247 = FACE_BOUND('',#248,.F.);
#248 = EDGE_LOOP('',(#249,#259,#267,#275));
#249 = ORIENTED_EDGE('',*,*,#250,.T.);
#250 = EDGE_CURVE('',#251,#253,#255,.T.);
#251 = VERTEX_POINT('',#252);
#252 = CARTESIAN_POINT('',(0.125,-0.14,0.65));
#253 = VERTEX_POINT('',#254);
#254 = CARTESIAN_POINT('',(0.125,0.,0.65));
#255 = LINE('',#256,#257);
#256 = CARTESIAN_POINT('',(0.125,-0.14,0.65));
#257 = VECTOR('',#258,1.);
#258 = DIRECTION('',(0.,1.,0.));
#259 = ORIENTED_EDGE('',*,*,#260,.T.);
#260 = EDGE_CURVE('',#253,#261,#263,.T.);
#261 = VERTEX_POINT('',#262);
#262 = CARTESIAN_POINT('',(1.46,0.,0.65));
#263 = LINE('',#264,#265);
#264 = CARTESIAN_POINT('',(0.125,0.,0.65));
#265 = VECTOR('',#266,1.);
#266 = DIRECTION('',(1.,0.,0.));
#267 = ORIENTED_EDGE('',*,*,#268,.T.);
#268 = EDGE_CURVE('',#261,#269,#271,.T.);
#269 = VERTEX_POINT('',#270);
#270 = CARTESIAN_POINT('',(1.46,-0.14,0.65));
#271 = LINE('',#272,#273);
#272 = CARTESIAN_POINT('',(1.46,0.,0.65));
#273 = VECTOR('',#274,1.);
#274 = DIRECTION('',(0.,-1.,0.));
#275 = ORIENTED_EDGE('',*,*,#276,.T.);
#276 = EDGE_CURVE('',#269,#251,#277,.T.);
#277 = LINE('',#278,#279);
#278 = CARTESIAN_POINT('',(1.46,-0.14,0.65));
#279 = VECTOR('',#280,1.);
#280 = DIRECTION('',(-1.,0.,0.));
#281 = PLANE('',#282);
#282 = AXIS2_PLACEMENT_3D('',#283,#284,#285);
#283 = CARTESIAN_POINT('',(-1.46,0.,0.65));
#284 = DIRECTION('',(0.,0.,1.));
#285 = DIRECTION('',(1.,0.,-0.));
#286 = ADVANCED_FACE('',(#287),#312,.F.);
#287 = FACE_BOUND('',#288,.F.);
#288 = EDGE_LOOP('',(#289,#290,#298,#306));
#289 = ORIENTED_EDGE('',*,*,#219,.T.);
#290 = ORIENTED_EDGE('',*,*,#291,.F.);
#291 = EDGE_CURVE('',#292,#222,#294,.T.);
#292 = VERTEX_POINT('',#293);
#293 = CARTESIAN_POINT('',(-0.125,0.,0.45));
#294 = LINE('',#295,#296);
#295 = CARTESIAN_POINT('',(-0.125,0.,0.45));
#296 = VECTOR('',#297,1.);
#297 = DIRECTION('',(0.,0.,1.));
#298 = ORIENTED_EDGE('',*,*,#299,.F.);
#299 = EDGE_CURVE('',#300,#292,#302,.T.);
#300 = VERTEX_POINT('',#301);
#301 = CARTESIAN_POINT('',(-0.125,-0.14,0.45));
#302 = LINE('',#303,#304);
#303 = CARTESIAN_POINT('',(-0.125,-0.14,0.45));
#304 = VECTOR('',#305,1.);
#305 = DIRECTION('',(0.,1.,0.));
#306 = ORIENTED_EDGE('',*,*,#307,.T.);
#307 = EDGE_CURVE('',#300,#220,#308,.T.);
#308 = LINE('',#309,#310);
#309 = CARTESIAN_POINT('',(-0.125,-0.14,0.45));
#310 = VECTOR('',#311,1.);
#311 = DIRECTION('',(0.,0.,1.));
#312 = PLANE('',#313);
#313 = AXIS2_PLACEMENT_3D('',#314,#315,#316);
#314 = CARTESIAN_POINT('',(-0.125,-0.14,0.45));
#315 = DIRECTION('',(-1.,0.,0.));
#316 = DIRECTION('',(0.,0.,1.));
#317 = ADVANCED_FACE('',(#318),#341,.F.);
#318 = FACE_BOUND('',#319,.F.);
#319 = EDGE_LOOP('',(#320,#326,#334,#340));
#320 = ORIENTED_EDGE('',*,*,#321,.T.);
#321 = EDGE_CURVE('',#222,#253,#322,.T.);
#322 = LINE('',#323,#324);
#323 = CARTESIAN_POINT('',(-0.125,0.,0.65));
#324 = VECTOR('',#325,1.);
#325 = DIRECTION('',(1.,0.,0.));
#326 = ORIENTED_EDGE('',*,*,#327,.T.);
#327 = EDGE_CURVE('',#253,#328,#330,.T.);
#328 = VERTEX_POINT('',#329);
#329 = CARTESIAN_POINT('',(0.125,0.,0.45));
#330 = LINE('',#331,#332);
#331 = CARTESIAN_POINT('',(0.125,0.,0.65));
#332 = VECTOR('',#333,1.);
#333 = DIRECTION('',(0.,0.,-1.));
#334 = ORIENTED_EDGE('',*,*,#335,.T.);
#335 = EDGE_CURVE('',#328,#292,#336,.T.);
#336 = LINE('',#337,#338);
#337 = CARTESIAN_POINT('',(0.125,0.,0.45));
#338 = VECTOR('',#339,1.);
#339 = DIRECTION('',(-1.,0.,0.));
#340 = ORIENTED_EDGE('',*,*,#291,.T.);
#341 = PLANE('',#342);
#342 = AXIS2_PLACEMENT_3D('',#343,#344,#345);
#343 = CARTESIAN_POINT('',(0.,0.,0.65));
#344 = DIRECTION('',(0.,1.,0.));
#345 = DIRECTION('',(1.,0.,0.));
#346 = ADVANCED_FACE('',(#347),#360,.T.);
#347 = FACE_BOUND('',#348,.F.);
#348 = EDGE_LOOP('',(#349,#350,#351,#352,#353,#359));
#349 = ORIENTED_EDGE('',*,*,#321,.F.);
#350 = ORIENTED_EDGE('',*,*,#236,.F.);
#351 = ORIENTED_EDGE('',*,*,#174,.T.);
#352 = ORIENTED_EDGE('',*,*,#143,.T.);
#353 = ORIENTED_EDGE('',*,*,#354,.F.);
#354 = EDGE_CURVE('',#261,#136,#355,.T.);
#355 = LINE('',#356,#357);
#356 = CARTESIAN_POINT('',(1.46,0.,0.65));
#357 = VECTOR('',#358,1.);
#358 = DIRECTION('',(-0.120044758076,0.977686096634,-0.1723924375));
#359 = ORIENTED_EDGE('',*,*,#260,.F.);
#360 = PLANE('',#361);
#361 = AXIS2_PLACEMENT_3D('',#362,#363,#364);
#362 = CARTESIAN_POINT('',(-1.46,0.,0.65));
#363 = DIRECTION('',(0.,0.173648177667,0.984807753012));
#364 = DIRECTION('',(1.,0.,-0.));
#365 = ADVANCED_FACE('',(#366),#384,.T.);
#366 = FACE_BOUND('',#367,.F.);
#367 = EDGE_LOOP('',(#368,#376,#377,#378));
#368 = ORIENTED_EDGE('',*,*,#369,.F.);
#369 = EDGE_CURVE('',#261,#370,#372,.T.);
#370 = VERTEX_POINT('',#371);
#371 = CARTESIAN_POINT('',(1.46,0.,-0.65));
#372 = LINE('',#373,#374);
#373 = CARTESIAN_POINT('',(1.46,0.,0.65));
#374 = VECTOR('',#375,1.);
#375 = DIRECTION('',(0.,0.,-1.));
#376 = ORIENTED_EDGE('',*,*,#354,.T.);
#377 = ORIENTED_EDGE('',*,*,#135,.T.);
#378 = ORIENTED_EDGE('',*,*,#379,.F.);
#379 = EDGE_CURVE('',#370,#128,#380,.T.);
#380 = LINE('',#381,#382);
#381 = CARTESIAN_POINT('',(1.46,0.,-0.65));
#382 = VECTOR('',#383,1.);
#383 = DIRECTION('',(-0.120044758076,0.977686096634,0.1723924375));
#384 = PLANE('',#385);
#385 = AXIS2_PLACEMENT_3D('',#386,#387,#388);
#386 = CARTESIAN_POINT('',(1.46,0.,0.65));
#387 = DIRECTION('',(0.992546151641,0.121869343405,0.));
#388 = DIRECTION('',(0.,0.,-1.));
#389 = ADVANCED_FACE('',(#390),#408,.T.);
#390 = FACE_BOUND('',#391,.F.);
#391 = EDGE_LOOP('',(#392,#393,#401,#407));
#392 = ORIENTED_EDGE('',*,*,#369,.T.);
#393 = ORIENTED_EDGE('',*,*,#394,.T.);
#394 = EDGE_CURVE('',#370,#395,#397,.T.);
#395 = VERTEX_POINT('',#396);
#396 = CARTESIAN_POINT('',(1.46,-0.14,-0.65));
#397 = LINE('',#398,#399);
#398 = CARTESIAN_POINT('',(1.46,0.,-0.65));
#399 = VECTOR('',#400,1.);
#400 = DIRECTION('',(0.,-1.,0.));
#401 = ORIENTED_EDGE('',*,*,#402,.F.);
#402 = EDGE_CURVE('',#269,#395,#403,.T.);
#403 = LINE('',#404,#405);
#404 = CARTESIAN_POINT('',(1.46,-0.14,0.65));
#405 = VECTOR('',#406,1.);
#406 = DIRECTION('',(0.,0.,-1.));
#407 = ORIENTED_EDGE('',*,*,#268,.F.);
#408 = PLANE('',#409);
#409 = AXIS2_PLACEMENT_3D('',#410,#411,#412);
#410 = CARTESIAN_POINT('',(1.46,0.,0.65));
#411 = DIRECTION('',(1.,0.,0.));
#412 = DIRECTION('',(0.,0.,-1.));
#413 = ADVANCED_FACE('',(#414),#430,.T.);
#414 = FACE_BOUND('',#415,.F.);
#415 = EDGE_LOOP('',(#416,#422,#423,#429));
#416 = ORIENTED_EDGE('',*,*,#417,.F.);
#417 = EDGE_CURVE('',#160,#370,#418,.T.);
#418 = LINE('',#419,#420);
#419 = CARTESIAN_POINT('',(-1.46,0.,-0.65));
#420 = VECTOR('',#421,1.);
#421 = DIRECTION('',(1.,0.,0.));
#422 = ORIENTED_EDGE('',*,*,#205,.T.);
#423 = ORIENTED_EDGE('',*,*,#424,.F.);
#424 = EDGE_CURVE('',#395,#198,#425,.T.);
#425 = LINE('',#426,#427);
#426 = CARTESIAN_POINT('',(1.46,-0.14,-0.65));
#427 = VECTOR('',#428,1.);
#428 = DIRECTION('',(-1.,0.,0.));
#429 = ORIENTED_EDGE('',*,*,#394,.F.);
#430 = PLANE('',#431);
#431 = AXIS2_PLACEMENT_3D('',#432,#433,#434);
#432 = CARTESIAN_POINT('',(1.46,0.,-0.65));
#433 = DIRECTION('',(0.,0.,-1.));
#434 = DIRECTION('',(-1.,0.,0.));
#435 = ADVANCED_FACE('',(#436),#442,.T.);
#436 = FACE_BOUND('',#437,.F.);
#437 = EDGE_LOOP('',(#438,#439,#440,#441));
#438 = ORIENTED_EDGE('',*,*,#417,.T.);
#439 = ORIENTED_EDGE('',*,*,#379,.T.);
#440 = ORIENTED_EDGE('',*,*,#127,.T.);
#441 = ORIENTED_EDGE('',*,*,#167,.F.);
#442 = PLANE('',#443);
#443 = AXIS2_PLACEMENT_3D('',#444,#445,#446);
#444 = CARTESIAN_POINT('',(1.46,0.,-0.65));
#445 = DIRECTION('',(0.,0.173648177667,-0.984807753012));
#446 = DIRECTION('',(-1.,0.,0.));
#447 = ADVANCED_FACE('',(#448),#473,.T.);
#448 = FACE_BOUND('',#449,.F.);
#449 = EDGE_LOOP('',(#450,#451,#459,#467));
#450 = ORIENTED_EDGE('',*,*,#424,.T.);
#451 = ORIENTED_EDGE('',*,*,#452,.T.);
#452 = EDGE_CURVE('',#198,#453,#455,.T.);
#453 = VERTEX_POINT('',#454);
#454 = CARTESIAN_POINT('',(-1.428076014165,-0.4,-0.604154985016));
#455 = LINE('',#456,#457);
#456 = CARTESIAN_POINT('',(-1.46,-0.14,-0.65));
#457 = VECTOR('',#458,1.);
#458 = DIRECTION('',(0.120044758076,-0.977686096634,0.1723924375));
#459 = ORIENTED_EDGE('',*,*,#460,.T.);
#460 = EDGE_CURVE('',#453,#461,#463,.T.);
#461 = VERTEX_POINT('',#462);
#462 = CARTESIAN_POINT('',(1.428076014165,-0.4,-0.604154985016));
#463 = LINE('',#464,#465);
#464 = CARTESIAN_POINT('',(-1.428076014165,-0.4,-0.604154985016));
#465 = VECTOR('',#466,1.);
#466 = DIRECTION('',(1.,0.,0.));
#467 = ORIENTED_EDGE('',*,*,#468,.F.);
#468 = EDGE_CURVE('',#395,#461,#469,.T.);
#469 = LINE('',#470,#471);
#470 = CARTESIAN_POINT('',(1.46,-0.14,-0.65));
#471 = VECTOR('',#472,1.);
#472 = DIRECTION('',(-0.120044758076,-0.977686096634,0.1723924375));
#473 = PLANE('',#474);
#474 = AXIS2_PLACEMENT_3D('',#475,#476,#477);
#475 = CARTESIAN_POINT('',(-1.46,-0.14,-0.65));
#476 = DIRECTION('',(0.,-0.173648177667,-0.984807753012));
#477 = DIRECTION('',(1.,0.,0.));
#478 = ADVANCED_FACE('',(#479),#497,.T.);
#479 = FACE_BOUND('',#480,.F.);
#480 = EDGE_LOOP('',(#481,#482,#490,#496));
#481 = ORIENTED_EDGE('',*,*,#197,.F.);
#482 = ORIENTED_EDGE('',*,*,#483,.T.);
#483 = EDGE_CURVE('',#190,#484,#486,.T.);
#484 = VERTEX_POINT('',#485);
#485 = CARTESIAN_POINT('',(-1.428076014165,-0.4,0.604154985016));
#486 = LINE('',#487,#488);
#487 = CARTESIAN_POINT('',(-1.46,-0.14,0.65));
#488 = VECTOR('',#489,1.);
#489 = DIRECTION('',(0.120044758076,-0.977686096634,-0.1723924375));
#490 = ORIENTED_EDGE('',*,*,#491,.T.);
#491 = EDGE_CURVE('',#484,#453,#492,.T.);
#492 = LINE('',#493,#494);
#493 = CARTESIAN_POINT('',(-1.428076014165,-0.4,0.604154985016));
#494 = VECTOR('',#495,1.);
#495 = DIRECTION('',(0.,0.,-1.));
#496 = ORIENTED_EDGE('',*,*,#452,.F.);
#497 = PLANE('',#498);
#498 = AXIS2_PLACEMENT_3D('',#499,#500,#501);
#499 = CARTESIAN_POINT('',(-1.46,-0.14,0.65));
#500 = DIRECTION('',(-0.992546151641,-0.121869343405,0.));
#501 = DIRECTION('',(-0.,0.,-1.));
#502 = ADVANCED_FACE('',(#503),#528,.T.);
#503 = FACE_BOUND('',#504,.F.);
#504 = EDGE_LOOP('',(#505,#511,#512,#520,#526,#527));
#505 = ORIENTED_EDGE('',*,*,#506,.T.);
#506 = EDGE_CURVE('',#220,#251,#507,.T.);
#507 = LINE('',#508,#509);
#508 = CARTESIAN_POINT('',(-0.125,-0.14,0.65));
#509 = VECTOR('',#510,1.);
#510 = DIRECTION('',(1.,0.,0.));
#511 = ORIENTED_EDGE('',*,*,#276,.F.);
#512 = ORIENTED_EDGE('',*,*,#513,.T.);
#513 = EDGE_CURVE('',#269,#514,#516,.T.);
#514 = VERTEX_POINT('',#515);
#515 = CARTESIAN_POINT('',(1.428076014165,-0.4,0.604154985016));
#516 = LINE('',#517,#518);
#517 = CARTESIAN_POINT('',(1.46,-0.14,0.65));
#518 = VECTOR('',#519,1.);
#519 = DIRECTION('',(-0.120044758076,-0.977686096634,-0.1723924375));
#520 = ORIENTED_EDGE('',*,*,#521,.T.);
#521 = EDGE_CURVE('',#514,#484,#522,.T.);
#522 = LINE('',#523,#524);
#523 = CARTESIAN_POINT('',(1.428076014165,-0.4,0.604154985016));
#524 = VECTOR('',#525,1.);
#525 = DIRECTION('',(-1.,0.,0.));
#526 = ORIENTED_EDGE('',*,*,#483,.F.);
#527 = ORIENTED_EDGE('',*,*,#229,.F.);
#528 = PLANE('',#529);
#529 = AXIS2_PLACEMENT_3D('',#530,#531,#532);
#530 = CARTESIAN_POINT('',(1.46,-0.14,0.65));
#531 = DIRECTION('',(0.,-0.173648177667,0.984807753012));
#532 = DIRECTION('',(-1.,0.,0.));
#533 = ADVANCED_FACE('',(#534),#552,.T.);
#534 = FACE_BOUND('',#535,.F.);
#535 = EDGE_LOOP('',(#536,#537,#538,#546));
#536 = ORIENTED_EDGE('',*,*,#506,.F.);
#537 = ORIENTED_EDGE('',*,*,#307,.F.);
#538 = ORIENTED_EDGE('',*,*,#539,.F.);
#539 = EDGE_CURVE('',#540,#300,#542,.T.);
#540 = VERTEX_POINT('',#541);
#541 = CARTESIAN_POINT('',(0.125,-0.14,0.45));
#542 = LINE('',#543,#544);
#543 = CARTESIAN_POINT('',(0.125,-0.14,0.45));
#544 = VECTOR('',#545,1.);
#545 = DIRECTION('',(-1.,0.,0.));
#546 = ORIENTED_EDGE('',*,*,#547,.F.);
#547 = EDGE_CURVE('',#251,#540,#548,.T.);
#548 = LINE('',#549,#550);
#549 = CARTESIAN_POINT('',(0.125,-0.14,0.65));
#550 = VECTOR('',#551,1.);
#551 = DIRECTION('',(0.,0.,-1.));
#552 = PLANE('',#553);
#553 = AXIS2_PLACEMENT_3D('',#554,#555,#556);
#554 = CARTESIAN_POINT('',(0.,-0.14,0.65));
#555 = DIRECTION('',(0.,1.,0.));
#556 = DIRECTION('',(1.,0.,0.));
#557 = ADVANCED_FACE('',(#558),#569,.F.);
#558 = FACE_BOUND('',#559,.F.);
#559 = EDGE_LOOP('',(#560,#561,#562,#563));
#560 = ORIENTED_EDGE('',*,*,#539,.T.);
#561 = ORIENTED_EDGE('',*,*,#299,.T.);
#562 = ORIENTED_EDGE('',*,*,#335,.F.);
#563 = ORIENTED_EDGE('',*,*,#564,.F.);
#564 = EDGE_CURVE('',#540,#328,#565,.T.);
#565 = LINE('',#566,#567);
#566 = CARTESIAN_POINT('',(0.125,-0.14,0.45));
#567 = VECTOR('',#568,1.);
#568 = DIRECTION('',(0.,1.,0.));
#569 = PLANE('',#570);
#570 = AXIS2_PLACEMENT_3D('',#571,#572,#573);
#571 = CARTESIAN_POINT('',(0.125,-0.14,0.45));
#572 = DIRECTION('',(0.,0.,-1.));
#573 = DIRECTION('',(-1.,0.,0.));
#574 = ADVANCED_FACE('',(#575),#581,.F.);
#575 = FACE_BOUND('',#576,.F.);
#576 = EDGE_LOOP('',(#577,#578,#579,#580));
#577 = ORIENTED_EDGE('',*,*,#250,.F.);
#578 = ORIENTED_EDGE('',*,*,#547,.T.);
#579 = ORIENTED_EDGE('',*,*,#564,.T.);
#580 = ORIENTED_EDGE('',*,*,#327,.F.);
#581 = PLANE('',#582);
#582 = AXIS2_PLACEMENT_3D('',#583,#584,#585);
#583 = CARTESIAN_POINT('',(0.125,-0.14,0.65));
#584 = DIRECTION('',(1.,0.,0.));
#585 = DIRECTION('',(0.,0.,-1.));
#586 = ADVANCED_FACE('',(#587),#598,.T.);
#587 = FACE_BOUND('',#588,.F.);
#588 = EDGE_LOOP('',(#589,#590,#591,#597));
#589 = ORIENTED_EDGE('',*,*,#402,.T.);
#590 = ORIENTED_EDGE('',*,*,#468,.T.);
#591 = ORIENTED_EDGE('',*,*,#592,.T.);
#592 = EDGE_CURVE('',#461,#514,#593,.T.);
#593 = LINE('',#594,#595);
#594 = CARTESIAN_POINT('',(1.428076014165,-0.4,-0.604154985016));
#595 = VECTOR('',#596,1.);
#596 = DIRECTION('',(0.,0.,1.));
#597 = ORIENTED_EDGE('',*,*,#513,.F.);
#598 = PLANE('',#599);
#599 = AXIS2_PLACEMENT_3D('',#600,#601,#602);
#600 = CARTESIAN_POINT('',(1.46,-0.14,-0.65));
#601 = DIRECTION('',(0.992546151641,-0.121869343405,0.));
#602 = DIRECTION('',(0.,0.,1.));
#603 = ADVANCED_FACE('',(#604),#610,.T.);
#604 = FACE_BOUND('',#605,.F.);
#605 = EDGE_LOOP('',(#606,#607,#608,#609));
#606 = ORIENTED_EDGE('',*,*,#592,.F.);
#607 = ORIENTED_EDGE('',*,*,#460,.F.);
#608 = ORIENTED_EDGE('',*,*,#491,.F.);
#609 = ORIENTED_EDGE('',*,*,#521,.F.);
#610 = PLANE('',#611);
#611 = AXIS2_PLACEMENT_3D('',#612,#613,#614);
#612 = CARTESIAN_POINT('',(0.,-0.4,0.));
#613 = DIRECTION('',(0.,-1.,0.));
#614 = DIRECTION('',(-1.,0.,0.));
#615 = ( GEOMETRIC_REPRESENTATION_CONTEXT(3) 
GLOBAL_UNCERTAINTY_ASSIGNED_CONTEXT((#619)) GLOBAL_UNIT_ASSIGNED_CONTEXT
((#616,#617,#618)) REPRESENTATION_CONTEXT('Context #1',
  '3D Context with UNIT and UNCERTAINTY') );
#616 = ( LENGTH_UNIT() NAMED_UNIT(*) SI_UNIT(.MILLI.,.METRE.) );
#617 = ( NAMED_UNIT(*) PLANE_ANGLE_UNIT() SI_UNIT($,.RADIAN.) );
#618 = ( NAMED_UNIT(*) SI_UNIT($,.STERADIAN.) SOLID_ANGLE_UNIT() );
#619 = UNCERTAINTY_MEASURE_WITH_UNIT(LENGTH_MEASURE(1.E-07),#616,
  'distance_accuracy_value','confusion accuracy');
#620 = CONTEXT_DEPENDENT_SHAPE_REPRESENTATION(#621,#623);
#621 = ( REPRESENTATION_RELATIONSHIP('','',#110,#67) 
REPRESENTATION_RELATIONSHIP_WITH_TRANSFORMATION(#622) 
SHAPE_REPRESENTATION_RELATIONSHIP() );
#622 = ITEM_DEFINED_TRANSFORMATION('','',#11,#68);
#623 = PRODUCT_DEFINITION_SHAPE('Placement','Placement of an item',#624
  );
#624 = NEXT_ASSEMBLY_USAGE_OCCURRENCE('1','D','',#62,#105,$);
#625 = PRODUCT_RELATED_PRODUCT_CATEGORY('part',$,(#107));
#626 = SHAPE_DEFINITION_REPRESENTATION(#627,#633);
#627 = PRODUCT_DEFINITION_SHAPE('','',#628);
#628 = PRODUCT_DEFINITION('design','',#629,#632);
#629 = PRODUCT_DEFINITION_FORMATION('','',#630);
#630 = PRODUCT('LEAD-SOT','LEAD-SOT','',(#631));
#631 = PRODUCT_CONTEXT('',#2,'mechanical');
#632 = PRODUCT_DEFINITION_CONTEXT('part definition',#2,'design');
#633 = ADVANCED_BREP_SHAPE_REPRESENTATION('',(#11,#634),#1056);
#634 = MANIFOLD_SOLID_BREP('',#635);
#635 = CLOSED_SHELL('',(#636,#744,#776,#800,#824,#848,#873,#897,#922,
    #946,#970,#994,#1019,#1036));
#636 = ADVANCED_FACE('',(#637),#739,.F.);
#637 = FACE_BOUND('',#638,.F.);
#638 = EDGE_LOOP('',(#639,#650,#658,#667,#675,#683,#691,#700,#708,#717,
    #725,#733));
#639 = ORIENTED_EDGE('',*,*,#640,.F.);
#640 = EDGE_CURVE('',#641,#643,#645,.T.);
#641 = VERTEX_POINT('',#642);
#642 = CARTESIAN_POINT('',(-0.2,-3.028985547835E-02,1.587424060425E-03)
  );
#643 = VERTEX_POINT('',#644);
#644 = CARTESIAN_POINT('',(-0.2,-0.228787755222,0.196650766873));
#645 = CIRCLE('',#646,0.21);
#646 = AXIS2_PLACEMENT_3D('',#647,#648,#649);
#647 = CARTESIAN_POINT('',(-0.2,-1.929930466733E-02,0.211299626359));
#648 = DIRECTION('',(-1.,0.,0.));
#649 = DIRECTION('',(-0.,-5.233595624294E-02,-0.998629534755));
#650 = ORIENTED_EDGE('',*,*,#651,.F.);
#651 = EDGE_CURVE('',#652,#641,#654,.T.);
#652 = VERTEX_POINT('',#653);
#653 = CARTESIAN_POINT('',(-0.2,-1.336483062994E-03,7.00421093809E-05));
#654 = LINE('',#655,#656);
#655 = CARTESIAN_POINT('',(-0.2,-1.336483062994E-03,7.00421093809E-05));
#656 = VECTOR('',#657,1.);
#657 = DIRECTION('',(0.,-0.998629534755,5.233595624294E-02));
#658 = ORIENTED_EDGE('',*,*,#659,.F.);
#659 = EDGE_CURVE('',#660,#652,#662,.T.);
#660 = VERTEX_POINT('',#661);
#661 = CARTESIAN_POINT('',(-0.2,6.5E-02,-6.983402532344E-02));
#662 = CIRCLE('',#663,7.E-02);
#663 = AXIS2_PLACEMENT_3D('',#664,#665,#666);
#664 = CARTESIAN_POINT('',(-0.2,-5.E-03,-6.983402532344E-02));
#665 = DIRECTION('',(1.,0.,0.));
#666 = DIRECTION('',(-0.,1.,0.));
#667 = ORIENTED_EDGE('',*,*,#668,.T.);
#668 = EDGE_CURVE('',#660,#669,#671,.T.);
#669 = VERTEX_POINT('',#670);
#670 = CARTESIAN_POINT('',(-0.2,6.5E-02,-0.110234093676));
#671 = LINE('',#672,#673);
#672 = CARTESIAN_POINT('',(-0.2,6.5E-02,-6.983402532344E-02));
#673 = VECTOR('',#674,1.);
#674 = DIRECTION('',(0.,0.,-1.));
#675 = ORIENTED_EDGE('',*,*,#676,.T.);
#676 = EDGE_CURVE('',#669,#677,#679,.T.);
#677 = VERTEX_POINT('',#678);
#678 = CARTESIAN_POINT('',(-0.2,0.205,-0.110234093676));
#679 = LINE('',#680,#681);
#680 = CARTESIAN_POINT('',(-0.2,6.5E-02,-0.110234093676));
#681 = VECTOR('',#682,1.);
#682 = DIRECTION('',(0.,1.,0.));
#683 = ORIENTED_EDGE('',*,*,#684,.T.);
#684 = EDGE_CURVE('',#677,#685,#687,.T.);
#685 = VERTEX_POINT('',#686);
#686 = CARTESIAN_POINT('',(-0.2,0.205,-6.983402532344E-02));
#687 = LINE('',#688,#689);
#688 = CARTESIAN_POINT('',(-0.2,0.205,-0.110234093676));
#689 = VECTOR('',#690,1.);
#690 = DIRECTION('',(0.,0.,1.));
#691 = ORIENTED_EDGE('',*,*,#692,.F.);
#692 = EDGE_CURVE('',#693,#685,#695,.T.);
#693 = VERTEX_POINT('',#694);
#694 = CARTESIAN_POINT('',(-0.2,5.990550811018E-03,0.139878176975));
#695 = CIRCLE('',#696,0.21);
#696 = AXIS2_PLACEMENT_3D('',#697,#698,#699);
#697 = CARTESIAN_POINT('',(-0.2,-5.E-03,-6.983402532344E-02));
#698 = DIRECTION('',(-1.,0.,0.));
#699 = DIRECTION('',(0.,5.233595624294E-02,0.998629534755));
#700 = ORIENTED_EDGE('',*,*,#701,.F.);
#701 = EDGE_CURVE('',#702,#693,#704,.T.);
#702 = VERTEX_POINT('',#703);
#703 = CARTESIAN_POINT('',(-0.2,-2.296282160434E-02,0.141395558926));
#704 = LINE('',#705,#706);
#705 = CARTESIAN_POINT('',(-0.2,-2.296282160434E-02,0.141395558926));
#706 = VECTOR('',#707,1.);
#707 = DIRECTION('',(0.,0.998629534755,-5.233595624294E-02));
#708 = ORIENTED_EDGE('',*,*,#709,.F.);
#709 = EDGE_CURVE('',#710,#702,#712,.T.);
#710 = VERTEX_POINT('',#711);
#711 = CARTESIAN_POINT('',(-0.2,-8.912878818552E-02,0.206416673197));
#712 = CIRCLE('',#713,7.E-02);
#713 = AXIS2_PLACEMENT_3D('',#714,#715,#716);
#714 = CARTESIAN_POINT('',(-0.2,-1.929930466733E-02,0.211299626359));
#715 = DIRECTION('',(1.,0.,0.));
#716 = DIRECTION('',(0.,-0.99756405026,-6.975647374413E-02));
#717 = ORIENTED_EDGE('',*,*,#718,.T.);
#718 = EDGE_CURVE('',#710,#719,#721,.T.);
#719 = VERTEX_POINT('',#720);
#720 = CARTESIAN_POINT('',(-0.2,-0.110341032964,0.509765906324));
#721 = LINE('',#722,#723);
#722 = CARTESIAN_POINT('',(-0.2,-8.912878818552E-02,0.206416673197));
#723 = VECTOR('',#724,1.);
#724 = DIRECTION('',(0.,-6.975647374413E-02,0.99756405026));
#725 = ORIENTED_EDGE('',*,*,#726,.T.);
#726 = EDGE_CURVE('',#719,#727,#729,.T.);
#727 = VERTEX_POINT('',#728);
#728 = CARTESIAN_POINT('',(-0.2,-0.25,0.5));
#729 = LINE('',#730,#731);
#730 = CARTESIAN_POINT('',(-0.2,-0.110341032964,0.509765906324));
#731 = VECTOR('',#732,1.);
#732 = DIRECTION('',(0.,-0.99756405026,-6.975647374412E-02));
#733 = ORIENTED_EDGE('',*,*,#734,.T.);
#734 = EDGE_CURVE('',#727,#643,#735,.T.);
#735 = LINE('',#736,#737);
#736 = CARTESIAN_POINT('',(-0.2,-0.25,0.5));
#737 = VECTOR('',#738,1.);
#738 = DIRECTION('',(0.,6.975647374413E-02,-0.99756405026));
#739 = PLANE('',#740);
#740 = AXIS2_PLACEMENT_3D('',#741,#742,#743);
#741 = CARTESIAN_POINT('',(-0.2,0.,0.));
#742 = DIRECTION('',(1.,0.,0.));
#743 = DIRECTION('',(0.,0.,-1.));
#744 = ADVANCED_FACE('',(#745),#771,.T.);
#745 = FACE_BOUND('',#746,.T.);
#746 = EDGE_LOOP('',(#747,#755,#764,#770));
#747 = ORIENTED_EDGE('',*,*,#748,.F.);
#748 = EDGE_CURVE('',#749,#641,#751,.T.);
#749 = VERTEX_POINT('',#750);
#750 = CARTESIAN_POINT('',(0.2,-3.028985547835E-02,1.587424060425E-03));
#751 = LINE('',#752,#753);
#752 = CARTESIAN_POINT('',(0.2,-3.028985547835E-02,1.587424060425E-03));
#753 = VECTOR('',#754,1.);
#754 = DIRECTION('',(-1.,0.,0.));
#755 = ORIENTED_EDGE('',*,*,#756,.F.);
#756 = EDGE_CURVE('',#757,#749,#759,.T.);
#757 = VERTEX_POINT('',#758);
#758 = CARTESIAN_POINT('',(0.2,-0.228787755222,0.196650766873));
#759 = CIRCLE('',#760,0.21);
#760 = AXIS2_PLACEMENT_3D('',#761,#762,#763);
#761 = CARTESIAN_POINT('',(0.2,-1.929930466733E-02,0.211299626359));
#762 = DIRECTION('',(1.,0.,0.));
#763 = DIRECTION('',(0.,-0.99756405026,-6.975647374413E-02));
#764 = ORIENTED_EDGE('',*,*,#765,.T.);
#765 = EDGE_CURVE('',#757,#643,#766,.T.);
#766 = LINE('',#767,#768);
#767 = CARTESIAN_POINT('',(0.2,-0.228787755222,0.196650766873));
#768 = VECTOR('',#769,1.);
#769 = DIRECTION('',(-1.,0.,0.));
#770 = ORIENTED_EDGE('',*,*,#640,.F.);
#771 = CYLINDRICAL_SURFACE('',#772,0.21);
#772 = AXIS2_PLACEMENT_3D('',#773,#774,#775);
#773 = CARTESIAN_POINT('',(0.72144,-1.929930466733E-02,0.211299626359));
#774 = DIRECTION('',(-1.,0.,0.));
#775 = DIRECTION('',(-0.,-5.233595624294E-02,-0.998629534755));
#776 = ADVANCED_FACE('',(#777),#795,.T.);
#777 = FACE_BOUND('',#778,.F.);
#778 = EDGE_LOOP('',(#779,#780,#781,#789));
#779 = ORIENTED_EDGE('',*,*,#765,.T.);
#780 = ORIENTED_EDGE('',*,*,#734,.F.);
#781 = ORIENTED_EDGE('',*,*,#782,.T.);
#782 = EDGE_CURVE('',#727,#783,#785,.T.);
#783 = VERTEX_POINT('',#784);
#784 = CARTESIAN_POINT('',(0.2,-0.25,0.5));
#785 = LINE('',#786,#787);
#786 = CARTESIAN_POINT('',(-0.2,-0.25,0.5));
#787 = VECTOR('',#788,1.);
#788 = DIRECTION('',(1.,0.,0.));
#789 = ORIENTED_EDGE('',*,*,#790,.T.);
#790 = EDGE_CURVE('',#783,#757,#791,.T.);
#791 = LINE('',#792,#793);
#792 = CARTESIAN_POINT('',(0.2,-0.25,0.5));
#793 = VECTOR('',#794,1.);
#794 = DIRECTION('',(0.,6.975647374413E-02,-0.99756405026));
#795 = PLANE('',#796);
#796 = AXIS2_PLACEMENT_3D('',#797,#798,#799);
#797 = CARTESIAN_POINT('',(-0.2,-0.25,0.5));
#798 = DIRECTION('',(0.,-0.99756405026,-6.975647374413E-02));
#799 = DIRECTION('',(0.,6.975647374413E-02,-0.99756405026));
#800 = ADVANCED_FACE('',(#801),#819,.T.);
#801 = FACE_BOUND('',#802,.F.);
#802 = EDGE_LOOP('',(#803,#804,#812,#818));
#803 = ORIENTED_EDGE('',*,*,#726,.F.);
#804 = ORIENTED_EDGE('',*,*,#805,.T.);
#805 = EDGE_CURVE('',#719,#806,#808,.T.);
#806 = VERTEX_POINT('',#807);
#807 = CARTESIAN_POINT('',(0.2,-0.110341032964,0.509765906324));
#808 = LINE('',#809,#810);
#809 = CARTESIAN_POINT('',(-0.2,-0.110341032964,0.509765906324));
#810 = VECTOR('',#811,1.);
#811 = DIRECTION('',(1.,0.,0.));
#812 = ORIENTED_EDGE('',*,*,#813,.T.);
#813 = EDGE_CURVE('',#806,#783,#814,.T.);
#814 = LINE('',#815,#816);
#815 = CARTESIAN_POINT('',(0.2,-0.110341032964,0.509765906324));
#816 = VECTOR('',#817,1.);
#817 = DIRECTION('',(0.,-0.99756405026,-6.975647374412E-02));
#818 = ORIENTED_EDGE('',*,*,#782,.F.);
#819 = PLANE('',#820);
#820 = AXIS2_PLACEMENT_3D('',#821,#822,#823);
#821 = CARTESIAN_POINT('',(-0.2,-0.110341032964,0.509765906324));
#822 = DIRECTION('',(0.,-6.975647374413E-02,0.99756405026));
#823 = DIRECTION('',(0.,-0.99756405026,-6.975647374413E-02));
#824 = ADVANCED_FACE('',(#825),#843,.T.);
#825 = FACE_BOUND('',#826,.F.);
#826 = EDGE_LOOP('',(#827,#835,#841,#842));
#827 = ORIENTED_EDGE('',*,*,#828,.T.);
#828 = EDGE_CURVE('',#710,#829,#831,.T.);
#829 = VERTEX_POINT('',#830);
#830 = CARTESIAN_POINT('',(0.2,-8.912878818552E-02,0.206416673197));
#831 = LINE('',#832,#833);
#832 = CARTESIAN_POINT('',(-0.2,-8.912878818552E-02,0.206416673197));
#833 = VECTOR('',#834,1.);
#834 = DIRECTION('',(1.,0.,0.));
#835 = ORIENTED_EDGE('',*,*,#836,.T.);
#836 = EDGE_CURVE('',#829,#806,#837,.T.);
#837 = LINE('',#838,#839);
#838 = CARTESIAN_POINT('',(0.2,-8.912878818552E-02,0.206416673197));
#839 = VECTOR('',#840,1.);
#840 = DIRECTION('',(0.,-6.975647374413E-02,0.99756405026));
#841 = ORIENTED_EDGE('',*,*,#805,.F.);
#842 = ORIENTED_EDGE('',*,*,#718,.F.);
#843 = PLANE('',#844);
#844 = AXIS2_PLACEMENT_3D('',#845,#846,#847);
#845 = CARTESIAN_POINT('',(-0.2,-8.480871615737E-02,0.144636764917));
#846 = DIRECTION('',(0.,0.99756405026,6.975647374413E-02));
#847 = DIRECTION('',(0.,-6.975647374413E-02,0.99756405026));
#848 = ADVANCED_FACE('',(#849),#868,.F.);
#849 = FACE_BOUND('',#850,.F.);
#850 = EDGE_LOOP('',(#851,#852,#853,#861));
#851 = ORIENTED_EDGE('',*,*,#828,.F.);
#852 = ORIENTED_EDGE('',*,*,#709,.T.);
#853 = ORIENTED_EDGE('',*,*,#854,.T.);
#854 = EDGE_CURVE('',#702,#855,#857,.T.);
#855 = VERTEX_POINT('',#856);
#856 = CARTESIAN_POINT('',(0.2,-2.296282160434E-02,0.141395558926));
#857 = LINE('',#858,#859);
#858 = CARTESIAN_POINT('',(-0.2,-2.296282160434E-02,0.141395558926));
#859 = VECTOR('',#860,1.);
#860 = DIRECTION('',(1.,0.,0.));
#861 = ORIENTED_EDGE('',*,*,#862,.T.);
#862 = EDGE_CURVE('',#855,#829,#863,.T.);
#863 = CIRCLE('',#864,7.E-02);
#864 = AXIS2_PLACEMENT_3D('',#865,#866,#867);
#865 = CARTESIAN_POINT('',(0.2,-1.929930466733E-02,0.211299626359));
#866 = DIRECTION('',(-1.,0.,0.));
#867 = DIRECTION('',(-0.,-5.233595624294E-02,-0.998629534755));
#868 = CYLINDRICAL_SURFACE('',#869,7.E-02);
#869 = AXIS2_PLACEMENT_3D('',#870,#871,#872);
#870 = CARTESIAN_POINT('',(-0.72144,-1.929930466733E-02,0.211299626359)
  );
#871 = DIRECTION('',(1.,0.,0.));
#872 = DIRECTION('',(0.,-0.99756405026,-6.975647374413E-02));
#873 = ADVANCED_FACE('',(#874),#892,.T.);
#874 = FACE_BOUND('',#875,.F.);
#875 = EDGE_LOOP('',(#876,#884,#890,#891));
#876 = ORIENTED_EDGE('',*,*,#877,.F.);
#877 = EDGE_CURVE('',#878,#693,#880,.T.);
#878 = VERTEX_POINT('',#879);
#879 = CARTESIAN_POINT('',(0.2,5.990550811018E-03,0.139878176975));
#880 = LINE('',#881,#882);
#881 = CARTESIAN_POINT('',(0.2,5.990550811018E-03,0.139878176975));
#882 = VECTOR('',#883,1.);
#883 = DIRECTION('',(-1.,0.,0.));
#884 = ORIENTED_EDGE('',*,*,#885,.T.);
#885 = EDGE_CURVE('',#878,#855,#886,.T.);
#886 = LINE('',#887,#888);
#887 = CARTESIAN_POINT('',(0.2,5.990550811018E-03,0.139878176975));
#888 = VECTOR('',#889,1.);
#889 = DIRECTION('',(0.,-0.998629534755,5.233595624294E-02));
#890 = ORIENTED_EDGE('',*,*,#854,.F.);
#891 = ORIENTED_EDGE('',*,*,#701,.T.);
#892 = PLANE('',#893);
#893 = AXIS2_PLACEMENT_3D('',#894,#895,#896);
#894 = CARTESIAN_POINT('',(-0.2,7.327033874012E-03,0.139808134866));
#895 = DIRECTION('',(0.,5.233595624294E-02,0.998629534755));
#896 = DIRECTION('',(0.,-0.998629534755,5.233595624294E-02));
#897 = ADVANCED_FACE('',(#898),#917,.T.);
#898 = FACE_BOUND('',#899,.T.);
#899 = EDGE_LOOP('',(#900,#901,#910,#916));
#900 = ORIENTED_EDGE('',*,*,#877,.F.);
#901 = ORIENTED_EDGE('',*,*,#902,.F.);
#902 = EDGE_CURVE('',#903,#878,#905,.T.);
#903 = VERTEX_POINT('',#904);
#904 = CARTESIAN_POINT('',(0.2,0.205,-6.983402532344E-02));
#905 = CIRCLE('',#906,0.21);
#906 = AXIS2_PLACEMENT_3D('',#907,#908,#909);
#907 = CARTESIAN_POINT('',(0.2,-5.E-03,-6.983402532344E-02));
#908 = DIRECTION('',(1.,0.,0.));
#909 = DIRECTION('',(-0.,1.,0.));
#910 = ORIENTED_EDGE('',*,*,#911,.T.);
#911 = EDGE_CURVE('',#903,#685,#912,.T.);
#912 = LINE('',#913,#914);
#913 = CARTESIAN_POINT('',(0.2,0.205,-6.983402532344E-02));
#914 = VECTOR('',#915,1.);
#915 = DIRECTION('',(-1.,0.,0.));
#916 = ORIENTED_EDGE('',*,*,#692,.F.);
#917 = CYLINDRICAL_SURFACE('',#918,0.21);
#918 = AXIS2_PLACEMENT_3D('',#919,#920,#921);
#919 = CARTESIAN_POINT('',(0.72144,-5.E-03,-6.983402532344E-02));
#920 = DIRECTION('',(-1.,0.,0.));
#921 = DIRECTION('',(0.,5.233595624294E-02,0.998629534755));
#922 = ADVANCED_FACE('',(#923),#941,.T.);
#923 = FACE_BOUND('',#924,.F.);
#924 = EDGE_LOOP('',(#925,#926,#927,#935));
#925 = ORIENTED_EDGE('',*,*,#911,.T.);
#926 = ORIENTED_EDGE('',*,*,#684,.F.);
#927 = ORIENTED_EDGE('',*,*,#928,.T.);
#928 = EDGE_CURVE('',#677,#929,#931,.T.);
#929 = VERTEX_POINT('',#930);
#930 = CARTESIAN_POINT('',(0.2,0.205,-0.110234093676));
#931 = LINE('',#932,#933);
#932 = CARTESIAN_POINT('',(-0.2,0.205,-0.110234093676));
#933 = VECTOR('',#934,1.);
#934 = DIRECTION('',(1.,0.,0.));
#935 = ORIENTED_EDGE('',*,*,#936,.T.);
#936 = EDGE_CURVE('',#929,#903,#937,.T.);
#937 = LINE('',#938,#939);
#938 = CARTESIAN_POINT('',(0.2,0.205,-0.110234093676));
#939 = VECTOR('',#940,1.);
#940 = DIRECTION('',(0.,0.,1.));
#941 = PLANE('',#942);
#942 = AXIS2_PLACEMENT_3D('',#943,#944,#945);
#943 = CARTESIAN_POINT('',(-0.2,0.205,-0.110234093676));
#944 = DIRECTION('',(0.,1.,0.));
#945 = DIRECTION('',(0.,-0.,1.));
#946 = ADVANCED_FACE('',(#947),#965,.T.);
#947 = FACE_BOUND('',#948,.F.);
#948 = EDGE_LOOP('',(#949,#950,#958,#964));
#949 = ORIENTED_EDGE('',*,*,#676,.F.);
#950 = ORIENTED_EDGE('',*,*,#951,.T.);
#951 = EDGE_CURVE('',#669,#952,#954,.T.);
#952 = VERTEX_POINT('',#953);
#953 = CARTESIAN_POINT('',(0.2,6.5E-02,-0.110234093676));
#954 = LINE('',#955,#956);
#955 = CARTESIAN_POINT('',(-0.2,6.5E-02,-0.110234093676));
#956 = VECTOR('',#957,1.);
#957 = DIRECTION('',(1.,0.,0.));
#958 = ORIENTED_EDGE('',*,*,#959,.T.);
#959 = EDGE_CURVE('',#952,#929,#960,.T.);
#960 = LINE('',#961,#962);
#961 = CARTESIAN_POINT('',(0.2,6.5E-02,-0.110234093676));
#962 = VECTOR('',#963,1.);
#963 = DIRECTION('',(0.,1.,0.));
#964 = ORIENTED_EDGE('',*,*,#928,.F.);
#965 = PLANE('',#966);
#966 = AXIS2_PLACEMENT_3D('',#967,#968,#969);
#967 = CARTESIAN_POINT('',(-0.2,6.5E-02,-0.110234093676));
#968 = DIRECTION('',(0.,0.,-1.));
#969 = DIRECTION('',(0.,1.,0.));
#970 = ADVANCED_FACE('',(#971),#989,.T.);
#971 = FACE_BOUND('',#972,.F.);
#972 = EDGE_LOOP('',(#973,#981,#987,#988));
#973 = ORIENTED_EDGE('',*,*,#974,.T.);
#974 = EDGE_CURVE('',#660,#975,#977,.T.);
#975 = VERTEX_POINT('',#976);
#976 = CARTESIAN_POINT('',(0.2,6.5E-02,-6.983402532344E-02));
#977 = LINE('',#978,#979);
#978 = CARTESIAN_POINT('',(-0.2,6.5E-02,-6.983402532344E-02));
#979 = VECTOR('',#980,1.);
#980 = DIRECTION('',(1.,0.,0.));
#981 = ORIENTED_EDGE('',*,*,#982,.T.);
#982 = EDGE_CURVE('',#975,#952,#983,.T.);
#983 = LINE('',#984,#985);
#984 = CARTESIAN_POINT('',(0.2,6.5E-02,-6.983402532344E-02));
#985 = VECTOR('',#986,1.);
#986 = DIRECTION('',(0.,0.,-1.));
#987 = ORIENTED_EDGE('',*,*,#951,.F.);
#988 = ORIENTED_EDGE('',*,*,#668,.F.);
#989 = PLANE('',#990);
#990 = AXIS2_PLACEMENT_3D('',#991,#992,#993);
#991 = CARTESIAN_POINT('',(-0.2,6.5E-02,-3.406505653398E-03));
#992 = DIRECTION('',(0.,-1.,0.));
#993 = DIRECTION('',(0.,0.,-1.));
#994 = ADVANCED_FACE('',(#995),#1014,.F.);
#995 = FACE_BOUND('',#996,.F.);
#996 = EDGE_LOOP('',(#997,#998,#999,#1007));
#997 = ORIENTED_EDGE('',*,*,#974,.F.);
#998 = ORIENTED_EDGE('',*,*,#659,.T.);
#999 = ORIENTED_EDGE('',*,*,#1000,.T.);
#1000 = EDGE_CURVE('',#652,#1001,#1003,.T.);
#1001 = VERTEX_POINT('',#1002);
#1002 = CARTESIAN_POINT('',(0.2,-1.336483062994E-03,7.004210938091E-05)
  );
#1003 = LINE('',#1004,#1005);
#1004 = CARTESIAN_POINT('',(-0.2,-1.336483062994E-03,7.00421093809E-05)
  );
#1005 = VECTOR('',#1006,1.);
#1006 = DIRECTION('',(1.,0.,0.));
#1007 = ORIENTED_EDGE('',*,*,#1008,.T.);
#1008 = EDGE_CURVE('',#1001,#975,#1009,.T.);
#1009 = CIRCLE('',#1010,7.E-02);
#1010 = AXIS2_PLACEMENT_3D('',#1011,#1012,#1013);
#1011 = CARTESIAN_POINT('',(0.2,-5.E-03,-6.983402532344E-02));
#1012 = DIRECTION('',(-1.,0.,0.));
#1013 = DIRECTION('',(0.,5.233595624294E-02,0.998629534755));
#1014 = CYLINDRICAL_SURFACE('',#1015,7.E-02);
#1015 = AXIS2_PLACEMENT_3D('',#1016,#1017,#1018);
#1016 = CARTESIAN_POINT('',(-0.72144,-5.E-03,-6.983402532344E-02));
#1017 = DIRECTION('',(1.,0.,0.));
#1018 = DIRECTION('',(-0.,1.,0.));
#1019 = ADVANCED_FACE('',(#1020),#1031,.T.);
#1020 = FACE_BOUND('',#1021,.F.);
#1021 = EDGE_LOOP('',(#1022,#1023,#1029,#1030));
#1022 = ORIENTED_EDGE('',*,*,#748,.F.);
#1023 = ORIENTED_EDGE('',*,*,#1024,.T.);
#1024 = EDGE_CURVE('',#749,#1001,#1025,.T.);
#1025 = LINE('',#1026,#1027);
#1026 = CARTESIAN_POINT('',(0.2,-3.028985547835E-02,1.587424060425E-03)
  );
#1027 = VECTOR('',#1028,1.);
#1028 = DIRECTION('',(0.,0.998629534755,-5.233595624294E-02));
#1029 = ORIENTED_EDGE('',*,*,#1000,.F.);
#1030 = ORIENTED_EDGE('',*,*,#651,.T.);
#1031 = PLANE('',#1032);
#1032 = AXIS2_PLACEMENT_3D('',#1033,#1034,#1035);
#1033 = CARTESIAN_POINT('',(-0.2,-0.215827539137,1.131104203432E-02));
#1034 = DIRECTION('',(0.,-5.233595624294E-02,-0.998629534755));
#1035 = DIRECTION('',(0.,0.998629534755,-5.233595624294E-02));
#1036 = ADVANCED_FACE('',(#1037),#1051,.T.);
#1037 = FACE_BOUND('',#1038,.F.);
#1038 = EDGE_LOOP('',(#1039,#1040,#1041,#1042,#1043,#1044,#1045,#1046,
    #1047,#1048,#1049,#1050));
#1039 = ORIENTED_EDGE('',*,*,#756,.F.);
#1040 = ORIENTED_EDGE('',*,*,#790,.F.);
#1041 = ORIENTED_EDGE('',*,*,#813,.F.);
#1042 = ORIENTED_EDGE('',*,*,#836,.F.);
#1043 = ORIENTED_EDGE('',*,*,#862,.F.);
#1044 = ORIENTED_EDGE('',*,*,#885,.F.);
#1045 = ORIENTED_EDGE('',*,*,#902,.F.);
#1046 = ORIENTED_EDGE('',*,*,#936,.F.);
#1047 = ORIENTED_EDGE('',*,*,#959,.F.);
#1048 = ORIENTED_EDGE('',*,*,#982,.F.);
#1049 = ORIENTED_EDGE('',*,*,#1008,.F.);
#1050 = ORIENTED_EDGE('',*,*,#1024,.F.);
#1051 = PLANE('',#1052);
#1052 = AXIS2_PLACEMENT_3D('',#1053,#1054,#1055);
#1053 = CARTESIAN_POINT('',(0.2,0.,0.));
#1054 = DIRECTION('',(1.,0.,0.));
#1055 = DIRECTION('',(0.,0.,-1.));
#1056 = ( GEOMETRIC_REPRESENTATION_CONTEXT(3) 
GLOBAL_UNCERTAINTY_ASSIGNED_CONTEXT((#1060)) 
GLOBAL_UNIT_ASSIGNED_CONTEXT((#1057,#1058,#1059)) REPRESENTATION_CONTEXT
('Context #1','3D Context with UNIT and UNCERTAINTY') );
#1057 = ( LENGTH_UNIT() NAMED_UNIT(*) SI_UNIT(.MILLI.,.METRE.) );
#1058 = ( NAMED_UNIT(*) PLANE_ANGLE_UNIT() SI_UNIT($,.RADIAN.) );
#1059 = ( NAMED_UNIT(*) SI_UNIT($,.STERADIAN.) SOLID_ANGLE_UNIT() );
#1060 = UNCERTAINTY_MEASURE_WITH_UNIT(LENGTH_MEASURE(1.E-07),#1057,
  'distance_accuracy_value','confusion accuracy');
#1061 = CONTEXT_DEPENDENT_SHAPE_REPRESENTATION(#1062,#1064);
#1062 = ( REPRESENTATION_RELATIONSHIP('','',#633,#67) 
REPRESENTATION_RELATIONSHIP_WITH_TRANSFORMATION(#1063) 
SHAPE_REPRESENTATION_RELATIONSHIP() );
#1063 = ITEM_DEFINED_TRANSFORMATION('','',#11,#72);
#1064 = PRODUCT_DEFINITION_SHAPE('Placement','Placement of an item',
  #1065);
#1065 = NEXT_ASSEMBLY_USAGE_OCCURRENCE('2','LEAD-SOT','',#62,#628,$);
#1066 = PRODUCT_RELATED_PRODUCT_CATEGORY('part',$,(#630));
#1067 = CONTEXT_DEPENDENT_SHAPE_REPRESENTATION(#1068,#1070);
#1068 = ( REPRESENTATION_RELATIONSHIP('','',#633,#67) 
REPRESENTATION_RELATIONSHIP_WITH_TRANSFORMATION(#1069) 
SHAPE_REPRESENTATION_RELATIONSHIP() );
#1069 = ITEM_DEFINED_TRANSFORMATION('','',#11,#76);
#1070 = PRODUCT_DEFINITION_SHAPE('Placement','Placement of an item',
  #1071);
#1071 = NEXT_ASSEMBLY_USAGE_OCCURRENCE('3','LEAD-SOT','',#62,#628,$);
#1072 = CONTEXT_DEPENDENT_SHAPE_REPRESENTATION(#1073,#1075);
#1073 = ( REPRESENTATION_RELATIONSHIP('','',#633,#67) 
REPRESENTATION_RELATIONSHIP_WITH_TRANSFORMATION(#1074) 
SHAPE_REPRESENTATION_RELATIONSHIP() );
#1074 = ITEM_DEFINED_TRANSFORMATION('','',#11,#80);
#1075 = PRODUCT_DEFINITION_SHAPE('Placement','Placement of an item',
  #1076);
#1076 = NEXT_ASSEMBLY_USAGE_OCCURRENCE('4','LEAD-SOT','',#62,#628,$);
#1077 = SHAPE_DEFINITION_REPRESENTATION(#1078,#1084);
#1078 = PRODUCT_DEFINITION_SHAPE('','',#1079);
#1079 = PRODUCT_DEFINITION('design','',#1080,#1083);
#1080 = PRODUCT_DEFINITION_FORMATION('','',#1081);
#1081 = PRODUCT('PIN1-ID','PIN1-ID','',(#1082));
#1082 = PRODUCT_CONTEXT('',#2,'mechanical');
#1083 = PRODUCT_DEFINITION_CONTEXT('part definition',#2,'design');
#1084 = SHAPE_REPRESENTATION('',(#11),#1085);
#1085 = ( GEOMETRIC_REPRESENTATION_CONTEXT(3) 
GLOBAL_UNCERTAINTY_ASSIGNED_CONTEXT((#1089)) 
GLOBAL_UNIT_ASSIGNED_CONTEXT((#1086,#1087,#1088)) REPRESENTATION_CONTEXT
('Context #1','3D Context with UNIT and UNCERTAINTY') );
#1086 = ( LENGTH_UNIT() NAMED_UNIT(*) SI_UNIT(.MILLI.,.METRE.) );
#1087 = ( NAMED_UNIT(*) PLANE_ANGLE_UNIT() SI_UNIT($,.RADIAN.) );
#1088 = ( NAMED_UNIT(*) SI_UNIT($,.STERADIAN.) SOLID_ANGLE_UNIT() );
#1089 = UNCERTAINTY_MEASURE_WITH_UNIT(LENGTH_MEASURE(1.E-07),#1086,
  'distance_accuracy_value','confusion accuracy');
#1090 = CONTEXT_DEPENDENT_SHAPE_REPRESENTATION(#1091,#1093);
#1091 = ( REPRESENTATION_RELATIONSHIP('','',#1084,#67) 
REPRESENTATION_RELATIONSHIP_WITH_TRANSFORMATION(#1092) 
SHAPE_REPRESENTATION_RELATIONSHIP() );
#1092 = ITEM_DEFINED_TRANSFORMATION('','',#11,#84);
#1093 = PRODUCT_DEFINITION_SHAPE('Placement','Placement of an item',
  #1094);
#1094 = NEXT_ASSEMBLY_USAGE_OCCURRENCE('5','PIN1-ID','',#62,#1079,$);
#1095 = PRODUCT_RELATED_PRODUCT_CATEGORY('part',$,(#1081));
#1096 = SHAPE_DEFINITION_REPRESENTATION(#1097,#1103);
#1097 = PRODUCT_DEFINITION_SHAPE('','',#1098);
#1098 = PRODUCT_DEFINITION('design','',#1099,#1102);
#1099 = PRODUCT_DEFINITION_FORMATION('','',#1100);
#1100 = PRODUCT('TIEBAR','TIEBAR','',(#1101));
#1101 = PRODUCT_CONTEXT('',#2,'mechanical');
#1102 = PRODUCT_DEFINITION_CONTEXT('part definition',#2,'design');
#1103 = ADVANCED_BREP_SHAPE_REPRESENTATION('',(#11,#1104),#1254);
#1104 = MANIFOLD_SOLID_BREP('',#1105);
#1105 = CLOSED_SHELL('',(#1106,#1146,#1177,#1201,#1225,#1242));
#1106 = ADVANCED_FACE('',(#1107),#1141,.F.);
#1107 = FACE_BOUND('',#1108,.F.);
#1108 = EDGE_LOOP('',(#1109,#1119,#1127,#1135));
#1109 = ORIENTED_EDGE('',*,*,#1110,.T.);
#1110 = EDGE_CURVE('',#1111,#1113,#1115,.T.);
#1111 = VERTEX_POINT('',#1112);
#1112 = CARTESIAN_POINT('',(-0.125,0.,0.));
#1113 = VERTEX_POINT('',#1114);
#1114 = CARTESIAN_POINT('',(0.125,0.,0.));
#1115 = LINE('',#1116,#1117);
#1116 = CARTESIAN_POINT('',(-0.125,0.,0.));
#1117 = VECTOR('',#1118,1.);
#1118 = DIRECTION('',(1.,0.,0.));
#1119 = ORIENTED_EDGE('',*,*,#1120,.T.);
#1120 = EDGE_CURVE('',#1113,#1121,#1123,.T.);
#1121 = VERTEX_POINT('',#1122);
#1122 = CARTESIAN_POINT('',(0.125,0.,-0.2));
#1123 = LINE('',#1124,#1125);
#1124 = CARTESIAN_POINT('',(0.125,0.,0.));
#1125 = VECTOR('',#1126,1.);
#1126 = DIRECTION('',(0.,0.,-1.));
#1127 = ORIENTED_EDGE('',*,*,#1128,.T.);
#1128 = EDGE_CURVE('',#1121,#1129,#1131,.T.);
#1129 = VERTEX_POINT('',#1130);
#1130 = CARTESIAN_POINT('',(-0.125,0.,-0.2));
#1131 = LINE('',#1132,#1133);
#1132 = CARTESIAN_POINT('',(0.125,0.,-0.2));
#1133 = VECTOR('',#1134,1.);
#1134 = DIRECTION('',(-1.,0.,0.));
#1135 = ORIENTED_EDGE('',*,*,#1136,.T.);
#1136 = EDGE_CURVE('',#1129,#1111,#1137,.T.);
#1137 = LINE('',#1138,#1139);
#1138 = CARTESIAN_POINT('',(-0.125,0.,-0.2));
#1139 = VECTOR('',#1140,1.);
#1140 = DIRECTION('',(0.,0.,1.));
#1141 = PLANE('',#1142);
#1142 = AXIS2_PLACEMENT_3D('',#1143,#1144,#1145);
#1143 = CARTESIAN_POINT('',(0.,0.,0.));
#1144 = DIRECTION('',(0.,1.,0.));
#1145 = DIRECTION('',(1.,0.,0.));
#1146 = ADVANCED_FACE('',(#1147),#1172,.T.);
#1147 = FACE_BOUND('',#1148,.F.);
#1148 = EDGE_LOOP('',(#1149,#1150,#1158,#1166));
#1149 = ORIENTED_EDGE('',*,*,#1110,.F.);
#1150 = ORIENTED_EDGE('',*,*,#1151,.T.);
#1151 = EDGE_CURVE('',#1111,#1152,#1154,.T.);
#1152 = VERTEX_POINT('',#1153);
#1153 = CARTESIAN_POINT('',(-0.125,0.14,0.));
#1154 = LINE('',#1155,#1156);
#1155 = CARTESIAN_POINT('',(-0.125,0.,0.));
#1156 = VECTOR('',#1157,1.);
#1157 = DIRECTION('',(0.,1.,0.));
#1158 = ORIENTED_EDGE('',*,*,#1159,.T.);
#1159 = EDGE_CURVE('',#1152,#1160,#1162,.T.);
#1160 = VERTEX_POINT('',#1161);
#1161 = CARTESIAN_POINT('',(0.125,0.14,0.));
#1162 = LINE('',#1163,#1164);
#1163 = CARTESIAN_POINT('',(-0.125,0.14,0.));
#1164 = VECTOR('',#1165,1.);
#1165 = DIRECTION('',(1.,0.,0.));
#1166 = ORIENTED_EDGE('',*,*,#1167,.F.);
#1167 = EDGE_CURVE('',#1113,#1160,#1168,.T.);
#1168 = LINE('',#1169,#1170);
#1169 = CARTESIAN_POINT('',(0.125,0.,0.));
#1170 = VECTOR('',#1171,1.);
#1171 = DIRECTION('',(0.,1.,0.));
#1172 = PLANE('',#1173);
#1173 = AXIS2_PLACEMENT_3D('',#1174,#1175,#1176);
#1174 = CARTESIAN_POINT('',(-0.125,0.,0.));
#1175 = DIRECTION('',(0.,0.,1.));
#1176 = DIRECTION('',(1.,0.,-0.));
#1177 = ADVANCED_FACE('',(#1178),#1196,.T.);
#1178 = FACE_BOUND('',#1179,.F.);
#1179 = EDGE_LOOP('',(#1180,#1181,#1189,#1195));
#1180 = ORIENTED_EDGE('',*,*,#1136,.F.);
#1181 = ORIENTED_EDGE('',*,*,#1182,.T.);
#1182 = EDGE_CURVE('',#1129,#1183,#1185,.T.);
#1183 = VERTEX_POINT('',#1184);
#1184 = CARTESIAN_POINT('',(-0.125,0.14,-0.2));
#1185 = LINE('',#1186,#1187);
#1186 = CARTESIAN_POINT('',(-0.125,0.,-0.2));
#1187 = VECTOR('',#1188,1.);
#1188 = DIRECTION('',(0.,1.,0.));
#1189 = ORIENTED_EDGE('',*,*,#1190,.T.);
#1190 = EDGE_CURVE('',#1183,#1152,#1191,.T.);
#1191 = LINE('',#1192,#1193);
#1192 = CARTESIAN_POINT('',(-0.125,0.14,-0.2));
#1193 = VECTOR('',#1194,1.);
#1194 = DIRECTION('',(0.,0.,1.));
#1195 = ORIENTED_EDGE('',*,*,#1151,.F.);
#1196 = PLANE('',#1197);
#1197 = AXIS2_PLACEMENT_3D('',#1198,#1199,#1200);
#1198 = CARTESIAN_POINT('',(-0.125,0.,-0.2));
#1199 = DIRECTION('',(-1.,0.,0.));
#1200 = DIRECTION('',(0.,0.,1.));
#1201 = ADVANCED_FACE('',(#1202),#1220,.T.);
#1202 = FACE_BOUND('',#1203,.F.);
#1203 = EDGE_LOOP('',(#1204,#1205,#1213,#1219));
#1204 = ORIENTED_EDGE('',*,*,#1128,.F.);
#1205 = ORIENTED_EDGE('',*,*,#1206,.T.);
#1206 = EDGE_CURVE('',#1121,#1207,#1209,.T.);
#1207 = VERTEX_POINT('',#1208);
#1208 = CARTESIAN_POINT('',(0.125,0.14,-0.2));
#1209 = LINE('',#1210,#1211);
#1210 = CARTESIAN_POINT('',(0.125,0.,-0.2));
#1211 = VECTOR('',#1212,1.);
#1212 = DIRECTION('',(0.,1.,0.));
#1213 = ORIENTED_EDGE('',*,*,#1214,.T.);
#1214 = EDGE_CURVE('',#1207,#1183,#1215,.T.);
#1215 = LINE('',#1216,#1217);
#1216 = CARTESIAN_POINT('',(0.125,0.14,-0.2));
#1217 = VECTOR('',#1218,1.);
#1218 = DIRECTION('',(-1.,0.,0.));
#1219 = ORIENTED_EDGE('',*,*,#1182,.F.);
#1220 = PLANE('',#1221);
#1221 = AXIS2_PLACEMENT_3D('',#1222,#1223,#1224);
#1222 = CARTESIAN_POINT('',(0.125,0.,-0.2));
#1223 = DIRECTION('',(0.,0.,-1.));
#1224 = DIRECTION('',(-1.,0.,0.));
#1225 = ADVANCED_FACE('',(#1226),#1237,.T.);
#1226 = FACE_BOUND('',#1227,.F.);
#1227 = EDGE_LOOP('',(#1228,#1229,#1230,#1236));
#1228 = ORIENTED_EDGE('',*,*,#1120,.F.);
#1229 = ORIENTED_EDGE('',*,*,#1167,.T.);
#1230 = ORIENTED_EDGE('',*,*,#1231,.T.);
#1231 = EDGE_CURVE('',#1160,#1207,#1232,.T.);
#1232 = LINE('',#1233,#1234);
#1233 = CARTESIAN_POINT('',(0.125,0.14,0.));
#1234 = VECTOR('',#1235,1.);
#1235 = DIRECTION('',(0.,0.,-1.));
#1236 = ORIENTED_EDGE('',*,*,#1206,.F.);
#1237 = PLANE('',#1238);
#1238 = AXIS2_PLACEMENT_3D('',#1239,#1240,#1241);
#1239 = CARTESIAN_POINT('',(0.125,0.,0.));
#1240 = DIRECTION('',(1.,0.,0.));
#1241 = DIRECTION('',(0.,0.,-1.));
#1242 = ADVANCED_FACE('',(#1243),#1249,.T.);
#1243 = FACE_BOUND('',#1244,.F.);
#1244 = EDGE_LOOP('',(#1245,#1246,#1247,#1248));
#1245 = ORIENTED_EDGE('',*,*,#1159,.F.);
#1246 = ORIENTED_EDGE('',*,*,#1190,.F.);
#1247 = ORIENTED_EDGE('',*,*,#1214,.F.);
#1248 = ORIENTED_EDGE('',*,*,#1231,.F.);
#1249 = PLANE('',#1250);
#1250 = AXIS2_PLACEMENT_3D('',#1251,#1252,#1253);
#1251 = CARTESIAN_POINT('',(0.,0.14,0.));
#1252 = DIRECTION('',(0.,1.,0.));
#1253 = DIRECTION('',(1.,0.,0.));
#1254 = ( GEOMETRIC_REPRESENTATION_CONTEXT(3) 
GLOBAL_UNCERTAINTY_ASSIGNED_CONTEXT((#1258)) 
GLOBAL_UNIT_ASSIGNED_CONTEXT((#1255,#1256,#1257)) REPRESENTATION_CONTEXT
('Context #1','3D Context with UNIT and UNCERTAINTY') );
#1255 = ( LENGTH_UNIT() NAMED_UNIT(*) SI_UNIT(.MILLI.,.METRE.) );
#1256 = ( NAMED_UNIT(*) PLANE_ANGLE_UNIT() SI_UNIT($,.RADIAN.) );
#1257 = ( NAMED_UNIT(*) SI_UNIT($,.STERADIAN.) SOLID_ANGLE_UNIT() );
#1258 = UNCERTAINTY_MEASURE_WITH_UNIT(LENGTH_MEASURE(1.E-07),#1255,
  'distance_accuracy_value','confusion accuracy');
#1259 = CONTEXT_DEPENDENT_SHAPE_REPRESENTATION(#1260,#1262);
#1260 = ( REPRESENTATION_RELATIONSHIP('','',#1103,#67) 
REPRESENTATION_RELATIONSHIP_WITH_TRANSFORMATION(#1261) 
SHAPE_REPRESENTATION_RELATIONSHIP() );
#1261 = ITEM_DEFINED_TRANSFORMATION('','',#11,#88);
#1262 = PRODUCT_DEFINITION_SHAPE('Placement','Placement of an item',
  #1263);
#1263 = NEXT_ASSEMBLY_USAGE_OCCURRENCE('6','TIEBAR','',#62,#1098,$);
#1264 = PRODUCT_RELATED_PRODUCT_CATEGORY('part',$,(#1100));
#1265 = SHAPE_DEFINITION_REPRESENTATION(#1266,#1272);
#1266 = PRODUCT_DEFINITION_SHAPE('','',#1267);
#1267 = PRODUCT_DEFINITION('design','',#1268,#1271);
#1268 = PRODUCT_DEFINITION_FORMATION('','',#1269);
#1269 = PRODUCT('WSON8_8x6_E_WIN','WSON8_8x6_E_WIN','',(#1270));
#1270 = PRODUCT_CONTEXT('',#2,'mechanical');
#1271 = PRODUCT_DEFINITION_CONTEXT('part definition',#2,'design');
#1272 = SHAPE_REPRESENTATION('',(#11,#1273),#1277);
#1273 = AXIS2_PLACEMENT_3D('',#1274,#1275,#1276);
#1274 = CARTESIAN_POINT('',(0.,0.,0.));
#1275 = DIRECTION('',(0.,0.,1.));
#1276 = DIRECTION('',(1.,0.,-0.));
#1277 = ( GEOMETRIC_REPRESENTATION_CONTEXT(3) 
GLOBAL_UNCERTAINTY_ASSIGNED_CONTEXT((#1281)) 
GLOBAL_UNIT_ASSIGNED_CONTEXT((#1278,#1279,#1280)) REPRESENTATION_CONTEXT
('Context #1','3D Context with UNIT and UNCERTAINTY') );
#1278 = ( LENGTH_UNIT() NAMED_UNIT(*) SI_UNIT(.MILLI.,.METRE.) );
#1279 = ( NAMED_UNIT(*) PLANE_ANGLE_UNIT() SI_UNIT($,.RADIAN.) );
#1280 = ( NAMED_UNIT(*) SI_UNIT($,.STERADIAN.) SOLID_ANGLE_UNIT() );
#1281 = UNCERTAINTY_MEASURE_WITH_UNIT(LENGTH_MEASURE(5.E-06),#1278,
  'distance_accuracy_value','confusion accuracy');
#1282 = CONTEXT_DEPENDENT_SHAPE_REPRESENTATION(#1283,#1285);
#1283 = ( REPRESENTATION_RELATIONSHIP('','',#1272,#10) 
REPRESENTATION_RELATIONSHIP_WITH_TRANSFORMATION(#1284) 
SHAPE_REPRESENTATION_RELATIONSHIP() );
#1284 = ITEM_DEFINED_TRANSFORMATION('','',#11,#19);
#1285 = PRODUCT_DEFINITION_SHAPE('Placement','Placement of an item',
  #1286);
#1286 = NEXT_ASSEMBLY_USAGE_OCCURRENCE('10','U3','',#5,#1267,$);
#1287 = PRODUCT_RELATED_PRODUCT_CATEGORY('part',$,(#1269));
#1288 = SHAPE_DEFINITION_REPRESENTATION(#1289,#1295);
#1289 = PRODUCT_DEFINITION_SHAPE('','',#1290);
#1290 = PRODUCT_DEFINITION('design','',#1291,#1294);
#1291 = PRODUCT_DEFINITION_FORMATION('','',#1292);
#1292 = PRODUCT('part','part','',(#1293));
#1293 = PRODUCT_CONTEXT('',#2,'mechanical');
#1294 = PRODUCT_DEFINITION_CONTEXT('part definition',#2,'design');
#1295 = SHAPE_REPRESENTATION('',(#11,#1296,#1348,#1498,#1648,#1846,#2044
    ,#2242,#2440,#2638,#2836,#3034),#3232);
#1296 = MANIFOLD_SOLID_BREP('',#1297);
#1297 = CLOSED_SHELL('',(#1298,#1330,#1339));
#1298 = ADVANCED_FACE('',(#1299),#1325,.T.);
#1299 = FACE_BOUND('',#1300,.T.);
#1300 = EDGE_LOOP('',(#1301,#1310,#1317,#1324));
#1301 = ORIENTED_EDGE('',*,*,#1302,.F.);
#1302 = EDGE_CURVE('',#1303,#1303,#1305,.T.);
#1303 = VERTEX_POINT('',#1304);
#1304 = CARTESIAN_POINT('',(-3.444,1.905,0.79));
#1305 = CIRCLE('',#1306,0.202565);
#1306 = AXIS2_PLACEMENT_3D('',#1307,#1308,#1309);
#1307 = CARTESIAN_POINT('',(-3.241,1.905,0.79));
#1308 = DIRECTION('',(0.,0.,1.));
#1309 = DIRECTION('',(1.,0.,-0.));
#1310 = ORIENTED_EDGE('',*,*,#1311,.F.);
#1311 = EDGE_CURVE('',#1312,#1303,#1314,.T.);
#1312 = VERTEX_POINT('',#1313);
#1313 = CARTESIAN_POINT('',(-3.444,1.905,0.787));
#1314 = B_SPLINE_CURVE_WITH_KNOTS('',1,(#1315,#1316),.UNSPECIFIED.,.F.,
  .F.,(2,2),(0.,3.E-03),.PIECEWISE_BEZIER_KNOTS.);
#1315 = CARTESIAN_POINT('',(-3.443565,1.905,0.787));
#1316 = CARTESIAN_POINT('',(-3.443565,1.905,0.79));
#1317 = ORIENTED_EDGE('',*,*,#1318,.F.);
#1318 = EDGE_CURVE('',#1312,#1312,#1319,.T.);
#1319 = CIRCLE('',#1320,0.202565);
#1320 = AXIS2_PLACEMENT_3D('',#1321,#1322,#1323);
#1321 = CARTESIAN_POINT('',(-3.241,1.905,0.787));
#1322 = DIRECTION('',(0.,0.,-1.));
#1323 = DIRECTION('',(1.,0.,0.));
#1324 = ORIENTED_EDGE('',*,*,#1311,.T.);
#1325 = CYLINDRICAL_SURFACE('',#1326,0.202565);
#1326 = AXIS2_PLACEMENT_3D('',#1327,#1328,#1329);
#1327 = CARTESIAN_POINT('',(-3.241,1.905,0.787));
#1328 = DIRECTION('',(0.,0.,1.));
#1329 = DIRECTION('',(1.,0.,-0.));
#1330 = ADVANCED_FACE('',(#1331),#1334,.F.);
#1331 = FACE_BOUND('',#1332,.T.);
#1332 = EDGE_LOOP('',(#1333));
#1333 = ORIENTED_EDGE('',*,*,#1318,.T.);
#1334 = PLANE('',#1335);
#1335 = AXIS2_PLACEMENT_3D('',#1336,#1337,#1338);
#1336 = CARTESIAN_POINT('',(-3.241,1.905,0.787));
#1337 = DIRECTION('',(0.,0.,1.));
#1338 = DIRECTION('',(0.,1.,0.));
#1339 = ADVANCED_FACE('',(#1340),#1343,.T.);
#1340 = FACE_BOUND('',#1341,.T.);
#1341 = EDGE_LOOP('',(#1342));
#1342 = ORIENTED_EDGE('',*,*,#1302,.T.);
#1343 = PLANE('',#1344);
#1344 = AXIS2_PLACEMENT_3D('',#1345,#1346,#1347);
#1345 = CARTESIAN_POINT('',(-3.241,1.905,0.79));
#1346 = DIRECTION('',(0.,0.,1.));
#1347 = DIRECTION('',(0.,1.,0.));
#1348 = MANIFOLD_SOLID_BREP('',#1349);
#1349 = CLOSED_SHELL('',(#1350,#1390,#1421,#1452,#1474,#1486));
#1350 = ADVANCED_FACE('',(#1351),#1385,.T.);
#1351 = FACE_BOUND('',#1352,.T.);
#1352 = EDGE_LOOP('',(#1353,#1363,#1371,#1379));
#1353 = ORIENTED_EDGE('',*,*,#1354,.F.);
#1354 = EDGE_CURVE('',#1355,#1357,#1359,.T.);
#1355 = VERTEX_POINT('',#1356);
#1356 = CARTESIAN_POINT('',(4.051,-3.048,5.1E-02));
#1357 = VERTEX_POINT('',#1358);
#1358 = CARTESIAN_POINT('',(-4.051,-3.048,5.1E-02));
#1359 = LINE('',#1360,#1361);
#1360 = CARTESIAN_POINT('',(4.051,-3.048,5.1E-02));
#1361 = VECTOR('',#1362,1.);
#1362 = DIRECTION('',(-1.,0.,0.));
#1363 = ORIENTED_EDGE('',*,*,#1364,.F.);
#1364 = EDGE_CURVE('',#1365,#1355,#1367,.T.);
#1365 = VERTEX_POINT('',#1366);
#1366 = CARTESIAN_POINT('',(4.051,-3.048,0.787));
#1367 = LINE('',#1368,#1369);
#1368 = CARTESIAN_POINT('',(4.051,-3.048,0.787));
#1369 = VECTOR('',#1370,1.);
#1370 = DIRECTION('',(0.,0.,-1.));
#1371 = ORIENTED_EDGE('',*,*,#1372,.F.);
#1372 = EDGE_CURVE('',#1373,#1365,#1375,.T.);
#1373 = VERTEX_POINT('',#1374);
#1374 = CARTESIAN_POINT('',(-4.051,-3.048,0.787));
#1375 = LINE('',#1376,#1377);
#1376 = CARTESIAN_POINT('',(-4.051,-3.048,0.787));
#1377 = VECTOR('',#1378,1.);
#1378 = DIRECTION('',(1.,0.,0.));
#1379 = ORIENTED_EDGE('',*,*,#1380,.F.);
#1380 = EDGE_CURVE('',#1357,#1373,#1381,.T.);
#1381 = LINE('',#1382,#1383);
#1382 = CARTESIAN_POINT('',(-4.051,-3.048,5.1E-02));
#1383 = VECTOR('',#1384,1.);
#1384 = DIRECTION('',(0.,0.,1.));
#1385 = PLANE('',#1386);
#1386 = AXIS2_PLACEMENT_3D('',#1387,#1388,#1389);
#1387 = CARTESIAN_POINT('',(-4.051,-3.048,5.1E-02));
#1388 = DIRECTION('',(0.,-1.,0.));
#1389 = DIRECTION('',(0.,0.,1.));
#1390 = ADVANCED_FACE('',(#1391),#1416,.T.);
#1391 = FACE_BOUND('',#1392,.T.);
#1392 = EDGE_LOOP('',(#1393,#1401,#1409,#1415));
#1393 = ORIENTED_EDGE('',*,*,#1394,.F.);
#1394 = EDGE_CURVE('',#1395,#1355,#1397,.T.);
#1395 = VERTEX_POINT('',#1396);
#1396 = CARTESIAN_POINT('',(4.051,3.048,5.1E-02));
#1397 = LINE('',#1398,#1399);
#1398 = CARTESIAN_POINT('',(4.051,3.048,5.1E-02));
#1399 = VECTOR('',#1400,1.);
#1400 = DIRECTION('',(0.,-1.,0.));
#1401 = ORIENTED_EDGE('',*,*,#1402,.F.);
#1402 = EDGE_CURVE('',#1403,#1395,#1405,.T.);
#1403 = VERTEX_POINT('',#1404);
#1404 = CARTESIAN_POINT('',(4.051,3.048,0.787));
#1405 = LINE('',#1406,#1407);
#1406 = CARTESIAN_POINT('',(4.051,3.048,0.787));
#1407 = VECTOR('',#1408,1.);
#1408 = DIRECTION('',(0.,0.,-1.));
#1409 = ORIENTED_EDGE('',*,*,#1410,.F.);
#1410 = EDGE_CURVE('',#1365,#1403,#1411,.T.);
#1411 = LINE('',#1412,#1413);
#1412 = CARTESIAN_POINT('',(4.051,-3.048,0.787));
#1413 = VECTOR('',#1414,1.);
#1414 = DIRECTION('',(0.,1.,0.));
#1415 = ORIENTED_EDGE('',*,*,#1364,.T.);
#1416 = PLANE('',#1417);
#1417 = AXIS2_PLACEMENT_3D('',#1418,#1419,#1420);
#1418 = CARTESIAN_POINT('',(4.051,-3.048,5.1E-02));
#1419 = DIRECTION('',(1.,0.,0.));
#1420 = DIRECTION('',(0.,0.,1.));
#1421 = ADVANCED_FACE('',(#1422),#1447,.T.);
#1422 = FACE_BOUND('',#1423,.T.);
#1423 = EDGE_LOOP('',(#1424,#1432,#1440,#1446));
#1424 = ORIENTED_EDGE('',*,*,#1425,.F.);
#1425 = EDGE_CURVE('',#1426,#1395,#1428,.T.);
#1426 = VERTEX_POINT('',#1427);
#1427 = CARTESIAN_POINT('',(-4.051,3.048,5.1E-02));
#1428 = LINE('',#1429,#1430);
#1429 = CARTESIAN_POINT('',(-4.051,3.048,5.1E-02));
#1430 = VECTOR('',#1431,1.);
#1431 = DIRECTION('',(1.,0.,0.));
#1432 = ORIENTED_EDGE('',*,*,#1433,.F.);
#1433 = EDGE_CURVE('',#1434,#1426,#1436,.T.);
#1434 = VERTEX_POINT('',#1435);
#1435 = CARTESIAN_POINT('',(-4.051,3.048,0.787));
#1436 = LINE('',#1437,#1438);
#1437 = CARTESIAN_POINT('',(-4.051,3.048,0.787));
#1438 = VECTOR('',#1439,1.);
#1439 = DIRECTION('',(0.,0.,-1.));
#1440 = ORIENTED_EDGE('',*,*,#1441,.F.);
#1441 = EDGE_CURVE('',#1403,#1434,#1442,.T.);
#1442 = LINE('',#1443,#1444);
#1443 = CARTESIAN_POINT('',(4.051,3.048,0.787));
#1444 = VECTOR('',#1445,1.);
#1445 = DIRECTION('',(-1.,0.,0.));
#1446 = ORIENTED_EDGE('',*,*,#1402,.T.);
#1447 = PLANE('',#1448);
#1448 = AXIS2_PLACEMENT_3D('',#1449,#1450,#1451);
#1449 = CARTESIAN_POINT('',(4.051,3.048,5.1E-02));
#1450 = DIRECTION('',(0.,1.,0.));
#1451 = DIRECTION('',(0.,-0.,1.));
#1452 = ADVANCED_FACE('',(#1453),#1469,.T.);
#1453 = FACE_BOUND('',#1454,.T.);
#1454 = EDGE_LOOP('',(#1455,#1461,#1462,#1468));
#1455 = ORIENTED_EDGE('',*,*,#1456,.F.);
#1456 = EDGE_CURVE('',#1357,#1426,#1457,.T.);
#1457 = LINE('',#1458,#1459);
#1458 = CARTESIAN_POINT('',(-4.051,-3.048,5.1E-02));
#1459 = VECTOR('',#1460,1.);
#1460 = DIRECTION('',(0.,1.,0.));
#1461 = ORIENTED_EDGE('',*,*,#1380,.T.);
#1462 = ORIENTED_EDGE('',*,*,#1463,.F.);
#1463 = EDGE_CURVE('',#1434,#1373,#1464,.T.);
#1464 = LINE('',#1465,#1466);
#1465 = CARTESIAN_POINT('',(-4.051,3.048,0.787));
#1466 = VECTOR('',#1467,1.);
#1467 = DIRECTION('',(0.,-1.,0.));
#1468 = ORIENTED_EDGE('',*,*,#1433,.T.);
#1469 = PLANE('',#1470);
#1470 = AXIS2_PLACEMENT_3D('',#1471,#1472,#1473);
#1471 = CARTESIAN_POINT('',(-4.051,3.048,5.1E-02));
#1472 = DIRECTION('',(-1.,0.,0.));
#1473 = DIRECTION('',(0.,0.,1.));
#1474 = ADVANCED_FACE('',(#1475),#1481,.T.);
#1475 = FACE_BOUND('',#1476,.T.);
#1476 = EDGE_LOOP('',(#1477,#1478,#1479,#1480));
#1477 = ORIENTED_EDGE('',*,*,#1425,.T.);
#1478 = ORIENTED_EDGE('',*,*,#1394,.T.);
#1479 = ORIENTED_EDGE('',*,*,#1354,.T.);
#1480 = ORIENTED_EDGE('',*,*,#1456,.T.);
#1481 = PLANE('',#1482);
#1482 = AXIS2_PLACEMENT_3D('',#1483,#1484,#1485);
#1483 = CARTESIAN_POINT('',(-4.051,3.048,5.1E-02));
#1484 = DIRECTION('',(0.,0.,-1.));
#1485 = DIRECTION('',(0.,1.,0.));
#1486 = ADVANCED_FACE('',(#1487),#1493,.T.);
#1487 = FACE_BOUND('',#1488,.T.);
#1488 = EDGE_LOOP('',(#1489,#1490,#1491,#1492));
#1489 = ORIENTED_EDGE('',*,*,#1372,.T.);
#1490 = ORIENTED_EDGE('',*,*,#1410,.T.);
#1491 = ORIENTED_EDGE('',*,*,#1441,.T.);
#1492 = ORIENTED_EDGE('',*,*,#1463,.T.);
#1493 = PLANE('',#1494);
#1494 = AXIS2_PLACEMENT_3D('',#1495,#1496,#1497);
#1495 = CARTESIAN_POINT('',(-4.051,-3.048,0.787));
#1496 = DIRECTION('',(0.,0.,1.));
#1497 = DIRECTION('',(0.,1.,0.));
#1498 = MANIFOLD_SOLID_BREP('',#1499);
#1499 = CLOSED_SHELL('',(#1500,#1540,#1571,#1602,#1624,#1636));
#1500 = ADVANCED_FACE('',(#1501),#1535,.T.);
#1501 = FACE_BOUND('',#1502,.T.);
#1502 = EDGE_LOOP('',(#1503,#1513,#1521,#1529));
#1503 = ORIENTED_EDGE('',*,*,#1504,.F.);
#1504 = EDGE_CURVE('',#1505,#1507,#1509,.T.);
#1505 = VERTEX_POINT('',#1506);
#1506 = CARTESIAN_POINT('',(1.727,-2.172,0.));
#1507 = VERTEX_POINT('',#1508);
#1508 = CARTESIAN_POINT('',(-1.727,-2.172,0.));
#1509 = LINE('',#1510,#1511);
#1510 = CARTESIAN_POINT('',(1.727,-2.172,0.));
#1511 = VECTOR('',#1512,1.);
#1512 = DIRECTION('',(-1.,0.,0.));
#1513 = ORIENTED_EDGE('',*,*,#1514,.F.);
#1514 = EDGE_CURVE('',#1515,#1505,#1517,.T.);
#1515 = VERTEX_POINT('',#1516);
#1516 = CARTESIAN_POINT('',(1.727,-2.172,5.1E-02));
#1517 = LINE('',#1518,#1519);
#1518 = CARTESIAN_POINT('',(1.727,-2.172,5.1E-02));
#1519 = VECTOR('',#1520,1.);
#1520 = DIRECTION('',(0.,0.,-1.));
#1521 = ORIENTED_EDGE('',*,*,#1522,.F.);
#1522 = EDGE_CURVE('',#1523,#1515,#1525,.T.);
#1523 = VERTEX_POINT('',#1524);
#1524 = CARTESIAN_POINT('',(-1.727,-2.172,5.1E-02));
#1525 = LINE('',#1526,#1527);
#1526 = CARTESIAN_POINT('',(-1.727,-2.172,5.1E-02));
#1527 = VECTOR('',#1528,1.);
#1528 = DIRECTION('',(1.,0.,0.));
#1529 = ORIENTED_EDGE('',*,*,#1530,.F.);
#1530 = EDGE_CURVE('',#1507,#1523,#1531,.T.);
#1531 = LINE('',#1532,#1533);
#1532 = CARTESIAN_POINT('',(-1.727,-2.172,0.));
#1533 = VECTOR('',#1534,1.);
#1534 = DIRECTION('',(0.,0.,1.));
#1535 = PLANE('',#1536);
#1536 = AXIS2_PLACEMENT_3D('',#1537,#1538,#1539);
#1537 = CARTESIAN_POINT('',(-1.727,-2.172,0.));
#1538 = DIRECTION('',(0.,-1.,0.));
#1539 = DIRECTION('',(0.,0.,1.));
#1540 = ADVANCED_FACE('',(#1541),#1566,.T.);
#1541 = FACE_BOUND('',#1542,.T.);
#1542 = EDGE_LOOP('',(#1543,#1551,#1559,#1565));
#1543 = ORIENTED_EDGE('',*,*,#1544,.F.);
#1544 = EDGE_CURVE('',#1545,#1505,#1547,.T.);
#1545 = VERTEX_POINT('',#1546);
#1546 = CARTESIAN_POINT('',(1.727,2.172,0.));
#1547 = LINE('',#1548,#1549);
#1548 = CARTESIAN_POINT('',(1.727,2.172,0.));
#1549 = VECTOR('',#1550,1.);
#1550 = DIRECTION('',(0.,-1.,0.));
#1551 = ORIENTED_EDGE('',*,*,#1552,.F.);
#1552 = EDGE_CURVE('',#1553,#1545,#1555,.T.);
#1553 = VERTEX_POINT('',#1554);
#1554 = CARTESIAN_POINT('',(1.727,2.172,5.1E-02));
#1555 = LINE('',#1556,#1557);
#1556 = CARTESIAN_POINT('',(1.727,2.172,5.1E-02));
#1557 = VECTOR('',#1558,1.);
#1558 = DIRECTION('',(0.,0.,-1.));
#1559 = ORIENTED_EDGE('',*,*,#1560,.F.);
#1560 = EDGE_CURVE('',#1515,#1553,#1561,.T.);
#1561 = LINE('',#1562,#1563);
#1562 = CARTESIAN_POINT('',(1.727,-2.172,5.1E-02));
#1563 = VECTOR('',#1564,1.);
#1564 = DIRECTION('',(0.,1.,0.));
#1565 = ORIENTED_EDGE('',*,*,#1514,.T.);
#1566 = PLANE('',#1567);
#1567 = AXIS2_PLACEMENT_3D('',#1568,#1569,#1570);
#1568 = CARTESIAN_POINT('',(1.727,-2.172,0.));
#1569 = DIRECTION('',(1.,0.,0.));
#1570 = DIRECTION('',(0.,0.,1.));
#1571 = ADVANCED_FACE('',(#1572),#1597,.T.);
#1572 = FACE_BOUND('',#1573,.T.);
#1573 = EDGE_LOOP('',(#1574,#1582,#1590,#1596));
#1574 = ORIENTED_EDGE('',*,*,#1575,.F.);
#1575 = EDGE_CURVE('',#1576,#1545,#1578,.T.);
#1576 = VERTEX_POINT('',#1577);
#1577 = CARTESIAN_POINT('',(-1.727,2.172,0.));
#1578 = LINE('',#1579,#1580);
#1579 = CARTESIAN_POINT('',(-1.727,2.172,0.));
#1580 = VECTOR('',#1581,1.);
#1581 = DIRECTION('',(1.,0.,0.));
#1582 = ORIENTED_EDGE('',*,*,#1583,.F.);
#1583 = EDGE_CURVE('',#1584,#1576,#1586,.T.);
#1584 = VERTEX_POINT('',#1585);
#1585 = CARTESIAN_POINT('',(-1.727,2.172,5.1E-02));
#1586 = LINE('',#1587,#1588);
#1587 = CARTESIAN_POINT('',(-1.727,2.172,5.1E-02));
#1588 = VECTOR('',#1589,1.);
#1589 = DIRECTION('',(0.,0.,-1.));
#1590 = ORIENTED_EDGE('',*,*,#1591,.F.);
#1591 = EDGE_CURVE('',#1553,#1584,#1592,.T.);
#1592 = LINE('',#1593,#1594);
#1593 = CARTESIAN_POINT('',(1.727,2.172,5.1E-02));
#1594 = VECTOR('',#1595,1.);
#1595 = DIRECTION('',(-1.,0.,0.));
#1596 = ORIENTED_EDGE('',*,*,#1552,.T.);
#1597 = PLANE('',#1598);
#1598 = AXIS2_PLACEMENT_3D('',#1599,#1600,#1601);
#1599 = CARTESIAN_POINT('',(1.727,2.172,0.));
#1600 = DIRECTION('',(0.,1.,0.));
#1601 = DIRECTION('',(0.,-0.,1.));
#1602 = ADVANCED_FACE('',(#1603),#1619,.T.);
#1603 = FACE_BOUND('',#1604,.T.);
#1604 = EDGE_LOOP('',(#1605,#1611,#1612,#1618));
#1605 = ORIENTED_EDGE('',*,*,#1606,.F.);
#1606 = EDGE_CURVE('',#1507,#1576,#1607,.T.);
#1607 = LINE('',#1608,#1609);
#1608 = CARTESIAN_POINT('',(-1.727,-2.172,0.));
#1609 = VECTOR('',#1610,1.);
#1610 = DIRECTION('',(0.,1.,0.));
#1611 = ORIENTED_EDGE('',*,*,#1530,.T.);
#1612 = ORIENTED_EDGE('',*,*,#1613,.F.);
#1613 = EDGE_CURVE('',#1584,#1523,#1614,.T.);
#1614 = LINE('',#1615,#1616);
#1615 = CARTESIAN_POINT('',(-1.727,2.172,5.1E-02));
#1616 = VECTOR('',#1617,1.);
#1617 = DIRECTION('',(0.,-1.,0.));
#1618 = ORIENTED_EDGE('',*,*,#1583,.T.);
#1619 = PLANE('',#1620);
#1620 = AXIS2_PLACEMENT_3D('',#1621,#1622,#1623);
#1621 = CARTESIAN_POINT('',(-1.727,2.172,0.));
#1622 = DIRECTION('',(-1.,0.,0.));
#1623 = DIRECTION('',(0.,0.,1.));
#1624 = ADVANCED_FACE('',(#1625),#1631,.T.);
#1625 = FACE_BOUND('',#1626,.T.);
#1626 = EDGE_LOOP('',(#1627,#1628,#1629,#1630));
#1627 = ORIENTED_EDGE('',*,*,#1575,.T.);
#1628 = ORIENTED_EDGE('',*,*,#1544,.T.);
#1629 = ORIENTED_EDGE('',*,*,#1504,.T.);
#1630 = ORIENTED_EDGE('',*,*,#1606,.T.);
#1631 = PLANE('',#1632);
#1632 = AXIS2_PLACEMENT_3D('',#1633,#1634,#1635);
#1633 = CARTESIAN_POINT('',(-1.727,2.172,0.));
#1634 = DIRECTION('',(0.,0.,-1.));
#1635 = DIRECTION('',(0.,1.,0.));
#1636 = ADVANCED_FACE('',(#1637),#1643,.T.);
#1637 = FACE_BOUND('',#1638,.T.);
#1638 = EDGE_LOOP('',(#1639,#1640,#1641,#1642));
#1639 = ORIENTED_EDGE('',*,*,#1522,.T.);
#1640 = ORIENTED_EDGE('',*,*,#1560,.T.);
#1641 = ORIENTED_EDGE('',*,*,#1591,.T.);
#1642 = ORIENTED_EDGE('',*,*,#1613,.T.);
#1643 = PLANE('',#1644);
#1644 = AXIS2_PLACEMENT_3D('',#1645,#1646,#1647);
#1645 = CARTESIAN_POINT('',(-1.727,-2.172,5.1E-02));
#1646 = DIRECTION('',(0.,0.,1.));
#1647 = DIRECTION('',(0.,1.,0.));
#1648 = MANIFOLD_SOLID_BREP('',#1649);
#1649 = CLOSED_SHELL('',(#1650,#1690,#1730,#1754,#1776,#1805,#1822,#1834
    ));
#1650 = ADVANCED_FACE('',(#1651),#1685,.T.);
#1651 = FACE_BOUND('',#1652,.T.);
#1652 = EDGE_LOOP('',(#1653,#1663,#1671,#1679));
#1653 = ORIENTED_EDGE('',*,*,#1654,.F.);
#1654 = EDGE_CURVE('',#1655,#1657,#1659,.T.);
#1655 = VERTEX_POINT('',#1656);
#1656 = CARTESIAN_POINT('',(3.493,2.146,0.));
#1657 = VERTEX_POINT('',#1658);
#1658 = CARTESIAN_POINT('',(4.051,2.146,0.));
#1659 = LINE('',#1660,#1661);
#1660 = CARTESIAN_POINT('',(3.493,2.146,0.));
#1661 = VECTOR('',#1662,1.);
#1662 = DIRECTION('',(1.,0.,0.));
#1663 = ORIENTED_EDGE('',*,*,#1664,.F.);
#1664 = EDGE_CURVE('',#1665,#1655,#1667,.T.);
#1665 = VERTEX_POINT('',#1666);
#1666 = CARTESIAN_POINT('',(3.493,2.146,5.1E-02));
#1667 = LINE('',#1668,#1669);
#1668 = CARTESIAN_POINT('',(3.493,2.146,5.1E-02));
#1669 = VECTOR('',#1670,1.);
#1670 = DIRECTION('',(0.,0.,-1.));
#1671 = ORIENTED_EDGE('',*,*,#1672,.F.);
#1672 = EDGE_CURVE('',#1673,#1665,#1675,.T.);
#1673 = VERTEX_POINT('',#1674);
#1674 = CARTESIAN_POINT('',(4.051,2.146,5.1E-02));
#1675 = LINE('',#1676,#1677);
#1676 = CARTESIAN_POINT('',(4.051,2.146,5.1E-02));
#1677 = VECTOR('',#1678,1.);
#1678 = DIRECTION('',(-1.,0.,0.));
#1679 = ORIENTED_EDGE('',*,*,#1680,.F.);
#1680 = EDGE_CURVE('',#1657,#1673,#1681,.T.);
#1681 = LINE('',#1682,#1683);
#1682 = CARTESIAN_POINT('',(4.051,2.146,0.));
#1683 = VECTOR('',#1684,1.);
#1684 = DIRECTION('',(0.,0.,1.));
#1685 = PLANE('',#1686);
#1686 = AXIS2_PLACEMENT_3D('',#1687,#1688,#1689);
#1687 = CARTESIAN_POINT('',(4.051,2.146,0.));
#1688 = DIRECTION('',(0.,1.,0.));
#1689 = DIRECTION('',(0.,-0.,1.));
#1690 = ADVANCED_FACE('',(#1691),#1725,.T.);
#1691 = FACE_BOUND('',#1692,.T.);
#1692 = EDGE_LOOP('',(#1693,#1703,#1711,#1719));
#1693 = ORIENTED_EDGE('',*,*,#1694,.F.);
#1694 = EDGE_CURVE('',#1695,#1697,#1699,.T.);
#1695 = VERTEX_POINT('',#1696);
#1696 = CARTESIAN_POINT('',(4.051,1.664,0.));
#1697 = VERTEX_POINT('',#1698);
#1698 = CARTESIAN_POINT('',(3.493,1.664,0.));
#1699 = LINE('',#1700,#1701);
#1700 = CARTESIAN_POINT('',(4.051,1.664,0.));
#1701 = VECTOR('',#1702,1.);
#1702 = DIRECTION('',(-1.,0.,0.));
#1703 = ORIENTED_EDGE('',*,*,#1704,.F.);
#1704 = EDGE_CURVE('',#1705,#1695,#1707,.T.);
#1705 = VERTEX_POINT('',#1706);
#1706 = CARTESIAN_POINT('',(4.051,1.664,5.1E-02));
#1707 = LINE('',#1708,#1709);
#1708 = CARTESIAN_POINT('',(4.051,1.664,0.394));
#1709 = VECTOR('',#1710,1.);
#1710 = DIRECTION('',(0.,0.,-1.));
#1711 = ORIENTED_EDGE('',*,*,#1712,.F.);
#1712 = EDGE_CURVE('',#1713,#1705,#1715,.T.);
#1713 = VERTEX_POINT('',#1714);
#1714 = CARTESIAN_POINT('',(3.493,1.664,5.1E-02));
#1715 = LINE('',#1716,#1717);
#1716 = CARTESIAN_POINT('',(3.493,1.664,5.1E-02));
#1717 = VECTOR('',#1718,1.);
#1718 = DIRECTION('',(1.,0.,0.));
#1719 = ORIENTED_EDGE('',*,*,#1720,.F.);
#1720 = EDGE_CURVE('',#1697,#1713,#1721,.T.);
#1721 = LINE('',#1722,#1723);
#1722 = CARTESIAN_POINT('',(3.493,1.664,0.));
#1723 = VECTOR('',#1724,1.);
#1724 = DIRECTION('',(0.,0.,1.));
#1725 = PLANE('',#1726);
#1726 = AXIS2_PLACEMENT_3D('',#1727,#1728,#1729);
#1727 = CARTESIAN_POINT('',(3.493,1.664,0.));
#1728 = DIRECTION('',(0.,-1.,0.));
#1729 = DIRECTION('',(0.,0.,1.));
#1730 = ADVANCED_FACE('',(#1731),#1749,.T.);
#1731 = FACE_BOUND('',#1732,.T.);
#1732 = EDGE_LOOP('',(#1733,#1743));
#1733 = ORIENTED_EDGE('',*,*,#1734,.F.);
#1734 = EDGE_CURVE('',#1735,#1737,#1739,.T.);
#1735 = VERTEX_POINT('',#1736);
#1736 = CARTESIAN_POINT('',(4.051,1.664,0.394));
#1737 = VERTEX_POINT('',#1738);
#1738 = CARTESIAN_POINT('',(4.051,2.146,0.394));
#1739 = LINE('',#1740,#1741);
#1740 = CARTESIAN_POINT('',(4.051,1.664,0.394));
#1741 = VECTOR('',#1742,1.);
#1742 = DIRECTION('',(0.,1.,0.));
#1743 = ORIENTED_EDGE('',*,*,#1744,.F.);
#1744 = EDGE_CURVE('',#1737,#1735,#1745,.T.);
#1745 = LINE('',#1746,#1747);
#1746 = CARTESIAN_POINT('',(4.051,2.146,0.394));
#1747 = VECTOR('',#1748,1.);
#1748 = DIRECTION('',(0.,-1.,0.));
#1749 = PLANE('',#1750);
#1750 = AXIS2_PLACEMENT_3D('',#1751,#1752,#1753);
#1751 = CARTESIAN_POINT('',(4.051,2.146,0.394));
#1752 = DIRECTION('',(0.,0.,1.));
#1753 = DIRECTION('',(0.,1.,0.));
#1754 = ADVANCED_FACE('',(#1755),#1771,.T.);
#1755 = FACE_BOUND('',#1756,.T.);
#1756 = EDGE_LOOP('',(#1757,#1758,#1764,#1765));
#1757 = ORIENTED_EDGE('',*,*,#1672,.T.);
#1758 = ORIENTED_EDGE('',*,*,#1759,.F.);
#1759 = EDGE_CURVE('',#1713,#1665,#1760,.T.);
#1760 = LINE('',#1761,#1762);
#1761 = CARTESIAN_POINT('',(3.493,1.664,5.1E-02));
#1762 = VECTOR('',#1763,1.);
#1763 = DIRECTION('',(0.,1.,0.));
#1764 = ORIENTED_EDGE('',*,*,#1712,.T.);
#1765 = ORIENTED_EDGE('',*,*,#1766,.F.);
#1766 = EDGE_CURVE('',#1673,#1705,#1767,.T.);
#1767 = LINE('',#1768,#1769);
#1768 = CARTESIAN_POINT('',(4.051,2.146,5.1E-02));
#1769 = VECTOR('',#1770,1.);
#1770 = DIRECTION('',(0.,-1.,0.));
#1771 = PLANE('',#1772);
#1772 = AXIS2_PLACEMENT_3D('',#1773,#1774,#1775);
#1773 = CARTESIAN_POINT('',(4.051,2.146,5.1E-02));
#1774 = DIRECTION('',(0.,0.,1.));
#1775 = DIRECTION('',(0.,1.,0.));
#1776 = ADVANCED_FACE('',(#1777),#1800,.T.);
#1777 = FACE_BOUND('',#1778,.T.);
#1778 = EDGE_LOOP('',(#1779,#1785,#1786,#1792,#1793,#1799));
#1779 = ORIENTED_EDGE('',*,*,#1780,.F.);
#1780 = EDGE_CURVE('',#1657,#1695,#1781,.T.);
#1781 = LINE('',#1782,#1783);
#1782 = CARTESIAN_POINT('',(4.051,2.146,0.));
#1783 = VECTOR('',#1784,1.);
#1784 = DIRECTION('',(0.,-1.,0.));
#1785 = ORIENTED_EDGE('',*,*,#1680,.T.);
#1786 = ORIENTED_EDGE('',*,*,#1787,.T.);
#1787 = EDGE_CURVE('',#1673,#1737,#1788,.T.);
#1788 = LINE('',#1789,#1790);
#1789 = CARTESIAN_POINT('',(4.051,2.146,0.));
#1790 = VECTOR('',#1791,1.);
#1791 = DIRECTION('',(0.,0.,1.));
#1792 = ORIENTED_EDGE('',*,*,#1744,.T.);
#1793 = ORIENTED_EDGE('',*,*,#1794,.F.);
#1794 = EDGE_CURVE('',#1705,#1735,#1795,.T.);
#1795 = LINE('',#1796,#1797);
#1796 = CARTESIAN_POINT('',(4.051,1.664,5.1E-02));
#1797 = VECTOR('',#1798,1.);
#1798 = DIRECTION('',(0.,0.,1.));
#1799 = ORIENTED_EDGE('',*,*,#1704,.T.);
#1800 = PLANE('',#1801);
#1801 = AXIS2_PLACEMENT_3D('',#1802,#1803,#1804);
#1802 = CARTESIAN_POINT('',(4.051,1.664,0.));
#1803 = DIRECTION('',(1.,0.,0.));
#1804 = DIRECTION('',(0.,0.,1.));
#1805 = ADVANCED_FACE('',(#1806),#1817,.T.);
#1806 = FACE_BOUND('',#1807,.T.);
#1807 = EDGE_LOOP('',(#1808,#1814,#1815,#1816));
#1808 = ORIENTED_EDGE('',*,*,#1809,.F.);
#1809 = EDGE_CURVE('',#1697,#1655,#1810,.T.);
#1810 = LINE('',#1811,#1812);
#1811 = CARTESIAN_POINT('',(3.493,1.664,0.));
#1812 = VECTOR('',#1813,1.);
#1813 = DIRECTION('',(0.,1.,0.));
#1814 = ORIENTED_EDGE('',*,*,#1720,.T.);
#1815 = ORIENTED_EDGE('',*,*,#1759,.T.);
#1816 = ORIENTED_EDGE('',*,*,#1664,.T.);
#1817 = PLANE('',#1818);
#1818 = AXIS2_PLACEMENT_3D('',#1819,#1820,#1821);
#1819 = CARTESIAN_POINT('',(3.493,2.146,0.));
#1820 = DIRECTION('',(-1.,0.,0.));
#1821 = DIRECTION('',(0.,0.,1.));
#1822 = ADVANCED_FACE('',(#1823),#1829,.T.);
#1823 = FACE_BOUND('',#1824,.T.);
#1824 = EDGE_LOOP('',(#1825,#1826,#1827,#1828));
#1825 = ORIENTED_EDGE('',*,*,#1766,.T.);
#1826 = ORIENTED_EDGE('',*,*,#1794,.T.);
#1827 = ORIENTED_EDGE('',*,*,#1734,.T.);
#1828 = ORIENTED_EDGE('',*,*,#1787,.F.);
#1829 = PLANE('',#1830);
#1830 = AXIS2_PLACEMENT_3D('',#1831,#1832,#1833);
#1831 = CARTESIAN_POINT('',(4.051,2.146,5.1E-02));
#1832 = DIRECTION('',(-1.,0.,0.));
#1833 = DIRECTION('',(0.,0.,1.));
#1834 = ADVANCED_FACE('',(#1835),#1841,.T.);
#1835 = FACE_BOUND('',#1836,.T.);
#1836 = EDGE_LOOP('',(#1837,#1838,#1839,#1840));
#1837 = ORIENTED_EDGE('',*,*,#1694,.T.);
#1838 = ORIENTED_EDGE('',*,*,#1809,.T.);
#1839 = ORIENTED_EDGE('',*,*,#1654,.T.);
#1840 = ORIENTED_EDGE('',*,*,#1780,.T.);
#1841 = PLANE('',#1842);
#1842 = AXIS2_PLACEMENT_3D('',#1843,#1844,#1845);
#1843 = CARTESIAN_POINT('',(4.051,1.664,0.));
#1844 = DIRECTION('',(0.,0.,-1.));
#1845 = DIRECTION('',(0.,1.,0.));
#1846 = MANIFOLD_SOLID_BREP('',#1847);
#1847 = CLOSED_SHELL('',(#1848,#1888,#1928,#1952,#1974,#2003,#2020,#2032
    ));
#1848 = ADVANCED_FACE('',(#1849),#1883,.T.);
#1849 = FACE_BOUND('',#1850,.T.);
#1850 = EDGE_LOOP('',(#1851,#1861,#1869,#1877));
#1851 = ORIENTED_EDGE('',*,*,#1852,.F.);
#1852 = EDGE_CURVE('',#1853,#1855,#1857,.T.);
#1853 = VERTEX_POINT('',#1854);
#1854 = CARTESIAN_POINT('',(3.493,0.876,0.));
#1855 = VERTEX_POINT('',#1856);
#1856 = CARTESIAN_POINT('',(4.051,0.876,0.));
#1857 = LINE('',#1858,#1859);
#1858 = CARTESIAN_POINT('',(3.493,0.876,0.));
#1859 = VECTOR('',#1860,1.);
#1860 = DIRECTION('',(1.,0.,0.));
#1861 = ORIENTED_EDGE('',*,*,#1862,.F.);
#1862 = EDGE_CURVE('',#1863,#1853,#1865,.T.);
#1863 = VERTEX_POINT('',#1864);
#1864 = CARTESIAN_POINT('',(3.493,0.876,5.1E-02));
#1865 = LINE('',#1866,#1867);
#1866 = CARTESIAN_POINT('',(3.493,0.876,5.1E-02));
#1867 = VECTOR('',#1868,1.);
#1868 = DIRECTION('',(0.,0.,-1.));
#1869 = ORIENTED_EDGE('',*,*,#1870,.F.);
#1870 = EDGE_CURVE('',#1871,#1863,#1873,.T.);
#1871 = VERTEX_POINT('',#1872);
#1872 = CARTESIAN_POINT('',(4.051,0.876,5.1E-02));
#1873 = LINE('',#1874,#1875);
#1874 = CARTESIAN_POINT('',(4.051,0.876,5.1E-02));
#1875 = VECTOR('',#1876,1.);
#1876 = DIRECTION('',(-1.,0.,0.));
#1877 = ORIENTED_EDGE('',*,*,#1878,.F.);
#1878 = EDGE_CURVE('',#1855,#1871,#1879,.T.);
#1879 = LINE('',#1880,#1881);
#1880 = CARTESIAN_POINT('',(4.051,0.876,0.));
#1881 = VECTOR('',#1882,1.);
#1882 = DIRECTION('',(0.,0.,1.));
#1883 = PLANE('',#1884);
#1884 = AXIS2_PLACEMENT_3D('',#1885,#1886,#1887);
#1885 = CARTESIAN_POINT('',(4.051,0.876,0.));
#1886 = DIRECTION('',(0.,1.,0.));
#1887 = DIRECTION('',(0.,-0.,1.));
#1888 = ADVANCED_FACE('',(#1889),#1923,.T.);
#1889 = FACE_BOUND('',#1890,.T.);
#1890 = EDGE_LOOP('',(#1891,#1901,#1909,#1917));
#1891 = ORIENTED_EDGE('',*,*,#1892,.F.);
#1892 = EDGE_CURVE('',#1893,#1895,#1897,.T.);
#1893 = VERTEX_POINT('',#1894);
#1894 = CARTESIAN_POINT('',(4.051,0.394,0.));
#1895 = VERTEX_POINT('',#1896);
#1896 = CARTESIAN_POINT('',(3.493,0.394,0.));
#1897 = LINE('',#1898,#1899);
#1898 = CARTESIAN_POINT('',(4.051,0.394,0.));
#1899 = VECTOR('',#1900,1.);
#1900 = DIRECTION('',(-1.,0.,0.));
#1901 = ORIENTED_EDGE('',*,*,#1902,.F.);
#1902 = EDGE_CURVE('',#1903,#1893,#1905,.T.);
#1903 = VERTEX_POINT('',#1904);
#1904 = CARTESIAN_POINT('',(4.051,0.394,5.1E-02));
#1905 = LINE('',#1906,#1907);
#1906 = CARTESIAN_POINT('',(4.051,0.394,0.394));
#1907 = VECTOR('',#1908,1.);
#1908 = DIRECTION('',(0.,0.,-1.));
#1909 = ORIENTED_EDGE('',*,*,#1910,.F.);
#1910 = EDGE_CURVE('',#1911,#1903,#1913,.T.);
#1911 = VERTEX_POINT('',#1912);
#1912 = CARTESIAN_POINT('',(3.493,0.394,5.1E-02));
#1913 = LINE('',#1914,#1915);
#1914 = CARTESIAN_POINT('',(3.493,0.394,5.1E-02));
#1915 = VECTOR('',#1916,1.);
#1916 = DIRECTION('',(1.,0.,0.));
#1917 = ORIENTED_EDGE('',*,*,#1918,.F.);
#1918 = EDGE_CURVE('',#1895,#1911,#1919,.T.);
#1919 = LINE('',#1920,#1921);
#1920 = CARTESIAN_POINT('',(3.493,0.394,0.));
#1921 = VECTOR('',#1922,1.);
#1922 = DIRECTION('',(0.,0.,1.));
#1923 = PLANE('',#1924);
#1924 = AXIS2_PLACEMENT_3D('',#1925,#1926,#1927);
#1925 = CARTESIAN_POINT('',(3.493,0.394,0.));
#1926 = DIRECTION('',(0.,-1.,0.));
#1927 = DIRECTION('',(0.,0.,1.));
#1928 = ADVANCED_FACE('',(#1929),#1947,.T.);
#1929 = FACE_BOUND('',#1930,.T.);
#1930 = EDGE_LOOP('',(#1931,#1941));
#1931 = ORIENTED_EDGE('',*,*,#1932,.F.);
#1932 = EDGE_CURVE('',#1933,#1935,#1937,.T.);
#1933 = VERTEX_POINT('',#1934);
#1934 = CARTESIAN_POINT('',(4.051,0.394,0.394));
#1935 = VERTEX_POINT('',#1936);
#1936 = CARTESIAN_POINT('',(4.051,0.876,0.394));
#1937 = LINE('',#1938,#1939);
#1938 = CARTESIAN_POINT('',(4.051,0.394,0.394));
#1939 = VECTOR('',#1940,1.);
#1940 = DIRECTION('',(0.,1.,0.));
#1941 = ORIENTED_EDGE('',*,*,#1942,.F.);
#1942 = EDGE_CURVE('',#1935,#1933,#1943,.T.);
#1943 = LINE('',#1944,#1945);
#1944 = CARTESIAN_POINT('',(4.051,0.876,0.394));
#1945 = VECTOR('',#1946,1.);
#1946 = DIRECTION('',(0.,-1.,0.));
#1947 = PLANE('',#1948);
#1948 = AXIS2_PLACEMENT_3D('',#1949,#1950,#1951);
#1949 = CARTESIAN_POINT('',(4.051,0.876,0.394));
#1950 = DIRECTION('',(0.,0.,1.));
#1951 = DIRECTION('',(0.,1.,0.));
#1952 = ADVANCED_FACE('',(#1953),#1969,.T.);
#1953 = FACE_BOUND('',#1954,.T.);
#1954 = EDGE_LOOP('',(#1955,#1956,#1962,#1963));
#1955 = ORIENTED_EDGE('',*,*,#1870,.T.);
#1956 = ORIENTED_EDGE('',*,*,#1957,.F.);
#1957 = EDGE_CURVE('',#1911,#1863,#1958,.T.);
#1958 = LINE('',#1959,#1960);
#1959 = CARTESIAN_POINT('',(3.493,0.394,5.1E-02));
#1960 = VECTOR('',#1961,1.);
#1961 = DIRECTION('',(0.,1.,0.));
#1962 = ORIENTED_EDGE('',*,*,#1910,.T.);
#1963 = ORIENTED_EDGE('',*,*,#1964,.F.);
#1964 = EDGE_CURVE('',#1871,#1903,#1965,.T.);
#1965 = LINE('',#1966,#1967);
#1966 = CARTESIAN_POINT('',(4.051,0.876,5.1E-02));
#1967 = VECTOR('',#1968,1.);
#1968 = DIRECTION('',(0.,-1.,0.));
#1969 = PLANE('',#1970);
#1970 = AXIS2_PLACEMENT_3D('',#1971,#1972,#1973);
#1971 = CARTESIAN_POINT('',(4.051,0.876,5.1E-02));
#1972 = DIRECTION('',(0.,0.,1.));
#1973 = DIRECTION('',(0.,1.,0.));
#1974 = ADVANCED_FACE('',(#1975),#1998,.T.);
#1975 = FACE_BOUND('',#1976,.T.);
#1976 = EDGE_LOOP('',(#1977,#1983,#1984,#1990,#1991,#1997));
#1977 = ORIENTED_EDGE('',*,*,#1978,.F.);
#1978 = EDGE_CURVE('',#1855,#1893,#1979,.T.);
#1979 = LINE('',#1980,#1981);
#1980 = CARTESIAN_POINT('',(4.051,0.876,0.));
#1981 = VECTOR('',#1982,1.);
#1982 = DIRECTION('',(0.,-1.,0.));
#1983 = ORIENTED_EDGE('',*,*,#1878,.T.);
#1984 = ORIENTED_EDGE('',*,*,#1985,.T.);
#1985 = EDGE_CURVE('',#1871,#1935,#1986,.T.);
#1986 = LINE('',#1987,#1988);
#1987 = CARTESIAN_POINT('',(4.051,0.876,0.));
#1988 = VECTOR('',#1989,1.);
#1989 = DIRECTION('',(0.,0.,1.));
#1990 = ORIENTED_EDGE('',*,*,#1942,.T.);
#1991 = ORIENTED_EDGE('',*,*,#1992,.F.);
#1992 = EDGE_CURVE('',#1903,#1933,#1993,.T.);
#1993 = LINE('',#1994,#1995);
#1994 = CARTESIAN_POINT('',(4.051,0.394,5.1E-02));
#1995 = VECTOR('',#1996,1.);
#1996 = DIRECTION('',(0.,0.,1.));
#1997 = ORIENTED_EDGE('',*,*,#1902,.T.);
#1998 = PLANE('',#1999);
#1999 = AXIS2_PLACEMENT_3D('',#2000,#2001,#2002);
#2000 = CARTESIAN_POINT('',(4.051,0.394,0.));
#2001 = DIRECTION('',(1.,0.,0.));
#2002 = DIRECTION('',(0.,0.,1.));
#2003 = ADVANCED_FACE('',(#2004),#2015,.T.);
#2004 = FACE_BOUND('',#2005,.T.);
#2005 = EDGE_LOOP('',(#2006,#2012,#2013,#2014));
#2006 = ORIENTED_EDGE('',*,*,#2007,.F.);
#2007 = EDGE_CURVE('',#1895,#1853,#2008,.T.);
#2008 = LINE('',#2009,#2010);
#2009 = CARTESIAN_POINT('',(3.493,0.394,0.));
#2010 = VECTOR('',#2011,1.);
#2011 = DIRECTION('',(0.,1.,0.));
#2012 = ORIENTED_EDGE('',*,*,#1918,.T.);
#2013 = ORIENTED_EDGE('',*,*,#1957,.T.);
#2014 = ORIENTED_EDGE('',*,*,#1862,.T.);
#2015 = PLANE('',#2016);
#2016 = AXIS2_PLACEMENT_3D('',#2017,#2018,#2019);
#2017 = CARTESIAN_POINT('',(3.493,0.876,0.));
#2018 = DIRECTION('',(-1.,0.,0.));
#2019 = DIRECTION('',(0.,0.,1.));
#2020 = ADVANCED_FACE('',(#2021),#2027,.T.);
#2021 = FACE_BOUND('',#2022,.T.);
#2022 = EDGE_LOOP('',(#2023,#2024,#2025,#2026));
#2023 = ORIENTED_EDGE('',*,*,#1964,.T.);
#2024 = ORIENTED_EDGE('',*,*,#1992,.T.);
#2025 = ORIENTED_EDGE('',*,*,#1932,.T.);
#2026 = ORIENTED_EDGE('',*,*,#1985,.F.);
#2027 = PLANE('',#2028);
#2028 = AXIS2_PLACEMENT_3D('',#2029,#2030,#2031);
#2029 = CARTESIAN_POINT('',(4.051,0.876,5.1E-02));
#2030 = DIRECTION('',(-1.,0.,0.));
#2031 = DIRECTION('',(0.,0.,1.));
#2032 = ADVANCED_FACE('',(#2033),#2039,.T.);
#2033 = FACE_BOUND('',#2034,.T.);
#2034 = EDGE_LOOP('',(#2035,#2036,#2037,#2038));
#2035 = ORIENTED_EDGE('',*,*,#1892,.T.);
#2036 = ORIENTED_EDGE('',*,*,#2007,.T.);
#2037 = ORIENTED_EDGE('',*,*,#1852,.T.);
#2038 = ORIENTED_EDGE('',*,*,#1978,.T.);
#2039 = PLANE('',#2040);
#2040 = AXIS2_PLACEMENT_3D('',#2041,#2042,#2043);
#2041 = CARTESIAN_POINT('',(4.051,0.394,0.));
#2042 = DIRECTION('',(0.,0.,-1.));
#2043 = DIRECTION('',(0.,1.,0.));
#2044 = MANIFOLD_SOLID_BREP('',#2045);
#2045 = CLOSED_SHELL('',(#2046,#2086,#2126,#2150,#2172,#2201,#2218,#2230
    ));
#2046 = ADVANCED_FACE('',(#2047),#2081,.T.);
#2047 = FACE_BOUND('',#2048,.T.);
#2048 = EDGE_LOOP('',(#2049,#2059,#2067,#2075));
#2049 = ORIENTED_EDGE('',*,*,#2050,.F.);
#2050 = EDGE_CURVE('',#2051,#2053,#2055,.T.);
#2051 = VERTEX_POINT('',#2052);
#2052 = CARTESIAN_POINT('',(3.493,-0.394,0.));
#2053 = VERTEX_POINT('',#2054);
#2054 = CARTESIAN_POINT('',(4.051,-0.394,0.));
#2055 = LINE('',#2056,#2057);
#2056 = CARTESIAN_POINT('',(3.493,-0.394,0.));
#2057 = VECTOR('',#2058,1.);
#2058 = DIRECTION('',(1.,0.,0.));
#2059 = ORIENTED_EDGE('',*,*,#2060,.F.);
#2060 = EDGE_CURVE('',#2061,#2051,#2063,.T.);
#2061 = VERTEX_POINT('',#2062);
#2062 = CARTESIAN_POINT('',(3.493,-0.394,5.1E-02));
#2063 = LINE('',#2064,#2065);
#2064 = CARTESIAN_POINT('',(3.493,-0.394,5.1E-02));
#2065 = VECTOR('',#2066,1.);
#2066 = DIRECTION('',(0.,0.,-1.));
#2067 = ORIENTED_EDGE('',*,*,#2068,.F.);
#2068 = EDGE_CURVE('',#2069,#2061,#2071,.T.);
#2069 = VERTEX_POINT('',#2070);
#2070 = CARTESIAN_POINT('',(4.051,-0.394,5.1E-02));
#2071 = LINE('',#2072,#2073);
#2072 = CARTESIAN_POINT('',(4.051,-0.394,5.1E-02));
#2073 = VECTOR('',#2074,1.);
#2074 = DIRECTION('',(-1.,0.,0.));
#2075 = ORIENTED_EDGE('',*,*,#2076,.F.);
#2076 = EDGE_CURVE('',#2053,#2069,#2077,.T.);
#2077 = LINE('',#2078,#2079);
#2078 = CARTESIAN_POINT('',(4.051,-0.394,0.));
#2079 = VECTOR('',#2080,1.);
#2080 = DIRECTION('',(0.,0.,1.));
#2081 = PLANE('',#2082);
#2082 = AXIS2_PLACEMENT_3D('',#2083,#2084,#2085);
#2083 = CARTESIAN_POINT('',(4.051,-0.394,0.));
#2084 = DIRECTION('',(0.,1.,0.));
#2085 = DIRECTION('',(0.,-0.,1.));
#2086 = ADVANCED_FACE('',(#2087),#2121,.T.);
#2087 = FACE_BOUND('',#2088,.T.);
#2088 = EDGE_LOOP('',(#2089,#2099,#2107,#2115));
#2089 = ORIENTED_EDGE('',*,*,#2090,.F.);
#2090 = EDGE_CURVE('',#2091,#2093,#2095,.T.);
#2091 = VERTEX_POINT('',#2092);
#2092 = CARTESIAN_POINT('',(4.051,-0.876,0.));
#2093 = VERTEX_POINT('',#2094);
#2094 = CARTESIAN_POINT('',(3.493,-0.876,0.));
#2095 = LINE('',#2096,#2097);
#2096 = CARTESIAN_POINT('',(4.051,-0.876,0.));
#2097 = VECTOR('',#2098,1.);
#2098 = DIRECTION('',(-1.,0.,0.));
#2099 = ORIENTED_EDGE('',*,*,#2100,.F.);
#2100 = EDGE_CURVE('',#2101,#2091,#2103,.T.);
#2101 = VERTEX_POINT('',#2102);
#2102 = CARTESIAN_POINT('',(4.051,-0.876,5.1E-02));
#2103 = LINE('',#2104,#2105);
#2104 = CARTESIAN_POINT('',(4.051,-0.876,0.394));
#2105 = VECTOR('',#2106,1.);
#2106 = DIRECTION('',(0.,0.,-1.));
#2107 = ORIENTED_EDGE('',*,*,#2108,.F.);
#2108 = EDGE_CURVE('',#2109,#2101,#2111,.T.);
#2109 = VERTEX_POINT('',#2110);
#2110 = CARTESIAN_POINT('',(3.493,-0.876,5.1E-02));
#2111 = LINE('',#2112,#2113);
#2112 = CARTESIAN_POINT('',(3.493,-0.876,5.1E-02));
#2113 = VECTOR('',#2114,1.);
#2114 = DIRECTION('',(1.,0.,0.));
#2115 = ORIENTED_EDGE('',*,*,#2116,.F.);
#2116 = EDGE_CURVE('',#2093,#2109,#2117,.T.);
#2117 = LINE('',#2118,#2119);
#2118 = CARTESIAN_POINT('',(3.493,-0.876,0.));
#2119 = VECTOR('',#2120,1.);
#2120 = DIRECTION('',(0.,0.,1.));
#2121 = PLANE('',#2122);
#2122 = AXIS2_PLACEMENT_3D('',#2123,#2124,#2125);
#2123 = CARTESIAN_POINT('',(3.493,-0.876,0.));
#2124 = DIRECTION('',(0.,-1.,0.));
#2125 = DIRECTION('',(0.,0.,1.));
#2126 = ADVANCED_FACE('',(#2127),#2145,.T.);
#2127 = FACE_BOUND('',#2128,.T.);
#2128 = EDGE_LOOP('',(#2129,#2139));
#2129 = ORIENTED_EDGE('',*,*,#2130,.F.);
#2130 = EDGE_CURVE('',#2131,#2133,#2135,.T.);
#2131 = VERTEX_POINT('',#2132);
#2132 = CARTESIAN_POINT('',(4.051,-0.876,0.394));
#2133 = VERTEX_POINT('',#2134);
#2134 = CARTESIAN_POINT('',(4.051,-0.394,0.394));
#2135 = LINE('',#2136,#2137);
#2136 = CARTESIAN_POINT('',(4.051,-0.876,0.394));
#2137 = VECTOR('',#2138,1.);
#2138 = DIRECTION('',(0.,1.,0.));
#2139 = ORIENTED_EDGE('',*,*,#2140,.F.);
#2140 = EDGE_CURVE('',#2133,#2131,#2141,.T.);
#2141 = LINE('',#2142,#2143);
#2142 = CARTESIAN_POINT('',(4.051,-0.394,0.394));
#2143 = VECTOR('',#2144,1.);
#2144 = DIRECTION('',(0.,-1.,0.));
#2145 = PLANE('',#2146);
#2146 = AXIS2_PLACEMENT_3D('',#2147,#2148,#2149);
#2147 = CARTESIAN_POINT('',(4.051,-0.394,0.394));
#2148 = DIRECTION('',(0.,0.,1.));
#2149 = DIRECTION('',(0.,1.,0.));
#2150 = ADVANCED_FACE('',(#2151),#2167,.T.);
#2151 = FACE_BOUND('',#2152,.T.);
#2152 = EDGE_LOOP('',(#2153,#2154,#2160,#2161));
#2153 = ORIENTED_EDGE('',*,*,#2068,.T.);
#2154 = ORIENTED_EDGE('',*,*,#2155,.F.);
#2155 = EDGE_CURVE('',#2109,#2061,#2156,.T.);
#2156 = LINE('',#2157,#2158);
#2157 = CARTESIAN_POINT('',(3.493,-0.876,5.1E-02));
#2158 = VECTOR('',#2159,1.);
#2159 = DIRECTION('',(0.,1.,0.));
#2160 = ORIENTED_EDGE('',*,*,#2108,.T.);
#2161 = ORIENTED_EDGE('',*,*,#2162,.F.);
#2162 = EDGE_CURVE('',#2069,#2101,#2163,.T.);
#2163 = LINE('',#2164,#2165);
#2164 = CARTESIAN_POINT('',(4.051,-0.394,5.1E-02));
#2165 = VECTOR('',#2166,1.);
#2166 = DIRECTION('',(0.,-1.,0.));
#2167 = PLANE('',#2168);
#2168 = AXIS2_PLACEMENT_3D('',#2169,#2170,#2171);
#2169 = CARTESIAN_POINT('',(4.051,-0.394,5.1E-02));
#2170 = DIRECTION('',(0.,0.,1.));
#2171 = DIRECTION('',(0.,1.,0.));
#2172 = ADVANCED_FACE('',(#2173),#2196,.T.);
#2173 = FACE_BOUND('',#2174,.T.);
#2174 = EDGE_LOOP('',(#2175,#2181,#2182,#2188,#2189,#2195));
#2175 = ORIENTED_EDGE('',*,*,#2176,.F.);
#2176 = EDGE_CURVE('',#2053,#2091,#2177,.T.);
#2177 = LINE('',#2178,#2179);
#2178 = CARTESIAN_POINT('',(4.051,-0.394,0.));
#2179 = VECTOR('',#2180,1.);
#2180 = DIRECTION('',(0.,-1.,0.));
#2181 = ORIENTED_EDGE('',*,*,#2076,.T.);
#2182 = ORIENTED_EDGE('',*,*,#2183,.T.);
#2183 = EDGE_CURVE('',#2069,#2133,#2184,.T.);
#2184 = LINE('',#2185,#2186);
#2185 = CARTESIAN_POINT('',(4.051,-0.394,0.));
#2186 = VECTOR('',#2187,1.);
#2187 = DIRECTION('',(0.,0.,1.));
#2188 = ORIENTED_EDGE('',*,*,#2140,.T.);
#2189 = ORIENTED_EDGE('',*,*,#2190,.F.);
#2190 = EDGE_CURVE('',#2101,#2131,#2191,.T.);
#2191 = LINE('',#2192,#2193);
#2192 = CARTESIAN_POINT('',(4.051,-0.876,5.1E-02));
#2193 = VECTOR('',#2194,1.);
#2194 = DIRECTION('',(0.,0.,1.));
#2195 = ORIENTED_EDGE('',*,*,#2100,.T.);
#2196 = PLANE('',#2197);
#2197 = AXIS2_PLACEMENT_3D('',#2198,#2199,#2200);
#2198 = CARTESIAN_POINT('',(4.051,-0.876,0.));
#2199 = DIRECTION('',(1.,0.,0.));
#2200 = DIRECTION('',(0.,0.,1.));
#2201 = ADVANCED_FACE('',(#2202),#2213,.T.);
#2202 = FACE_BOUND('',#2203,.T.);
#2203 = EDGE_LOOP('',(#2204,#2210,#2211,#2212));
#2204 = ORIENTED_EDGE('',*,*,#2205,.F.);
#2205 = EDGE_CURVE('',#2093,#2051,#2206,.T.);
#2206 = LINE('',#2207,#2208);
#2207 = CARTESIAN_POINT('',(3.493,-0.876,0.));
#2208 = VECTOR('',#2209,1.);
#2209 = DIRECTION('',(0.,1.,0.));
#2210 = ORIENTED_EDGE('',*,*,#2116,.T.);
#2211 = ORIENTED_EDGE('',*,*,#2155,.T.);
#2212 = ORIENTED_EDGE('',*,*,#2060,.T.);
#2213 = PLANE('',#2214);
#2214 = AXIS2_PLACEMENT_3D('',#2215,#2216,#2217);
#2215 = CARTESIAN_POINT('',(3.493,-0.394,0.));
#2216 = DIRECTION('',(-1.,0.,0.));
#2217 = DIRECTION('',(0.,0.,1.));
#2218 = ADVANCED_FACE('',(#2219),#2225,.T.);
#2219 = FACE_BOUND('',#2220,.T.);
#2220 = EDGE_LOOP('',(#2221,#2222,#2223,#2224));
#2221 = ORIENTED_EDGE('',*,*,#2162,.T.);
#2222 = ORIENTED_EDGE('',*,*,#2190,.T.);
#2223 = ORIENTED_EDGE('',*,*,#2130,.T.);
#2224 = ORIENTED_EDGE('',*,*,#2183,.F.);
#2225 = PLANE('',#2226);
#2226 = AXIS2_PLACEMENT_3D('',#2227,#2228,#2229);
#2227 = CARTESIAN_POINT('',(4.051,-0.394,5.1E-02));
#2228 = DIRECTION('',(-1.,0.,0.));
#2229 = DIRECTION('',(0.,0.,1.));
#2230 = ADVANCED_FACE('',(#2231),#2237,.T.);
#2231 = FACE_BOUND('',#2232,.T.);
#2232 = EDGE_LOOP('',(#2233,#2234,#2235,#2236));
#2233 = ORIENTED_EDGE('',*,*,#2090,.T.);
#2234 = ORIENTED_EDGE('',*,*,#2205,.T.);
#2235 = ORIENTED_EDGE('',*,*,#2050,.T.);
#2236 = ORIENTED_EDGE('',*,*,#2176,.T.);
#2237 = PLANE('',#2238);
#2238 = AXIS2_PLACEMENT_3D('',#2239,#2240,#2241);
#2239 = CARTESIAN_POINT('',(4.051,-0.876,0.));
#2240 = DIRECTION('',(0.,0.,-1.));
#2241 = DIRECTION('',(0.,1.,0.));
#2242 = MANIFOLD_SOLID_BREP('',#2243);
#2243 = CLOSED_SHELL('',(#2244,#2284,#2324,#2348,#2370,#2399,#2416,#2428
    ));
#2244 = ADVANCED_FACE('',(#2245),#2279,.T.);
#2245 = FACE_BOUND('',#2246,.T.);
#2246 = EDGE_LOOP('',(#2247,#2257,#2265,#2273));
#2247 = ORIENTED_EDGE('',*,*,#2248,.F.);
#2248 = EDGE_CURVE('',#2249,#2251,#2253,.T.);
#2249 = VERTEX_POINT('',#2250);
#2250 = CARTESIAN_POINT('',(3.493,-1.664,0.));
#2251 = VERTEX_POINT('',#2252);
#2252 = CARTESIAN_POINT('',(4.051,-1.664,0.));
#2253 = LINE('',#2254,#2255);
#2254 = CARTESIAN_POINT('',(3.493,-1.664,0.));
#2255 = VECTOR('',#2256,1.);
#2256 = DIRECTION('',(1.,0.,0.));
#2257 = ORIENTED_EDGE('',*,*,#2258,.F.);
#2258 = EDGE_CURVE('',#2259,#2249,#2261,.T.);
#2259 = VERTEX_POINT('',#2260);
#2260 = CARTESIAN_POINT('',(3.493,-1.664,5.1E-02));
#2261 = LINE('',#2262,#2263);
#2262 = CARTESIAN_POINT('',(3.493,-1.664,5.1E-02));
#2263 = VECTOR('',#2264,1.);
#2264 = DIRECTION('',(0.,0.,-1.));
#2265 = ORIENTED_EDGE('',*,*,#2266,.F.);
#2266 = EDGE_CURVE('',#2267,#2259,#2269,.T.);
#2267 = VERTEX_POINT('',#2268);
#2268 = CARTESIAN_POINT('',(4.051,-1.664,5.1E-02));
#2269 = LINE('',#2270,#2271);
#2270 = CARTESIAN_POINT('',(4.051,-1.664,5.1E-02));
#2271 = VECTOR('',#2272,1.);
#2272 = DIRECTION('',(-1.,0.,0.));
#2273 = ORIENTED_EDGE('',*,*,#2274,.F.);
#2274 = EDGE_CURVE('',#2251,#2267,#2275,.T.);
#2275 = LINE('',#2276,#2277);
#2276 = CARTESIAN_POINT('',(4.051,-1.664,0.));
#2277 = VECTOR('',#2278,1.);
#2278 = DIRECTION('',(0.,0.,1.));
#2279 = PLANE('',#2280);
#2280 = AXIS2_PLACEMENT_3D('',#2281,#2282,#2283);
#2281 = CARTESIAN_POINT('',(4.051,-1.664,0.));
#2282 = DIRECTION('',(0.,1.,0.));
#2283 = DIRECTION('',(0.,-0.,1.));
#2284 = ADVANCED_FACE('',(#2285),#2319,.T.);
#2285 = FACE_BOUND('',#2286,.T.);
#2286 = EDGE_LOOP('',(#2287,#2297,#2305,#2313));
#2287 = ORIENTED_EDGE('',*,*,#2288,.F.);
#2288 = EDGE_CURVE('',#2289,#2291,#2293,.T.);
#2289 = VERTEX_POINT('',#2290);
#2290 = CARTESIAN_POINT('',(4.051,-2.146,0.));
#2291 = VERTEX_POINT('',#2292);
#2292 = CARTESIAN_POINT('',(3.493,-2.146,0.));
#2293 = LINE('',#2294,#2295);
#2294 = CARTESIAN_POINT('',(4.051,-2.146,0.));
#2295 = VECTOR('',#2296,1.);
#2296 = DIRECTION('',(-1.,0.,0.));
#2297 = ORIENTED_EDGE('',*,*,#2298,.F.);
#2298 = EDGE_CURVE('',#2299,#2289,#2301,.T.);
#2299 = VERTEX_POINT('',#2300);
#2300 = CARTESIAN_POINT('',(4.051,-2.146,5.1E-02));
#2301 = LINE('',#2302,#2303);
#2302 = CARTESIAN_POINT('',(4.051,-2.146,0.394));
#2303 = VECTOR('',#2304,1.);
#2304 = DIRECTION('',(0.,0.,-1.));
#2305 = ORIENTED_EDGE('',*,*,#2306,.F.);
#2306 = EDGE_CURVE('',#2307,#2299,#2309,.T.);
#2307 = VERTEX_POINT('',#2308);
#2308 = CARTESIAN_POINT('',(3.493,-2.146,5.1E-02));
#2309 = LINE('',#2310,#2311);
#2310 = CARTESIAN_POINT('',(3.493,-2.146,5.1E-02));
#2311 = VECTOR('',#2312,1.);
#2312 = DIRECTION('',(1.,0.,0.));
#2313 = ORIENTED_EDGE('',*,*,#2314,.F.);
#2314 = EDGE_CURVE('',#2291,#2307,#2315,.T.);
#2315 = LINE('',#2316,#2317);
#2316 = CARTESIAN_POINT('',(3.493,-2.146,0.));
#2317 = VECTOR('',#2318,1.);
#2318 = DIRECTION('',(0.,0.,1.));
#2319 = PLANE('',#2320);
#2320 = AXIS2_PLACEMENT_3D('',#2321,#2322,#2323);
#2321 = CARTESIAN_POINT('',(3.493,-2.146,0.));
#2322 = DIRECTION('',(0.,-1.,0.));
#2323 = DIRECTION('',(0.,0.,1.));
#2324 = ADVANCED_FACE('',(#2325),#2343,.T.);
#2325 = FACE_BOUND('',#2326,.T.);
#2326 = EDGE_LOOP('',(#2327,#2337));
#2327 = ORIENTED_EDGE('',*,*,#2328,.F.);
#2328 = EDGE_CURVE('',#2329,#2331,#2333,.T.);
#2329 = VERTEX_POINT('',#2330);
#2330 = CARTESIAN_POINT('',(4.051,-2.146,0.394));
#2331 = VERTEX_POINT('',#2332);
#2332 = CARTESIAN_POINT('',(4.051,-1.664,0.394));
#2333 = LINE('',#2334,#2335);
#2334 = CARTESIAN_POINT('',(4.051,-2.146,0.394));
#2335 = VECTOR('',#2336,1.);
#2336 = DIRECTION('',(0.,1.,0.));
#2337 = ORIENTED_EDGE('',*,*,#2338,.F.);
#2338 = EDGE_CURVE('',#2331,#2329,#2339,.T.);
#2339 = LINE('',#2340,#2341);
#2340 = CARTESIAN_POINT('',(4.051,-1.664,0.394));
#2341 = VECTOR('',#2342,1.);
#2342 = DIRECTION('',(0.,-1.,0.));
#2343 = PLANE('',#2344);
#2344 = AXIS2_PLACEMENT_3D('',#2345,#2346,#2347);
#2345 = CARTESIAN_POINT('',(4.051,-1.664,0.394));
#2346 = DIRECTION('',(0.,0.,1.));
#2347 = DIRECTION('',(0.,1.,0.));
#2348 = ADVANCED_FACE('',(#2349),#2365,.T.);
#2349 = FACE_BOUND('',#2350,.T.);
#2350 = EDGE_LOOP('',(#2351,#2352,#2358,#2359));
#2351 = ORIENTED_EDGE('',*,*,#2266,.T.);
#2352 = ORIENTED_EDGE('',*,*,#2353,.F.);
#2353 = EDGE_CURVE('',#2307,#2259,#2354,.T.);
#2354 = LINE('',#2355,#2356);
#2355 = CARTESIAN_POINT('',(3.493,-2.146,5.1E-02));
#2356 = VECTOR('',#2357,1.);
#2357 = DIRECTION('',(0.,1.,0.));
#2358 = ORIENTED_EDGE('',*,*,#2306,.T.);
#2359 = ORIENTED_EDGE('',*,*,#2360,.F.);
#2360 = EDGE_CURVE('',#2267,#2299,#2361,.T.);
#2361 = LINE('',#2362,#2363);
#2362 = CARTESIAN_POINT('',(4.051,-1.664,5.1E-02));
#2363 = VECTOR('',#2364,1.);
#2364 = DIRECTION('',(0.,-1.,0.));
#2365 = PLANE('',#2366);
#2366 = AXIS2_PLACEMENT_3D('',#2367,#2368,#2369);
#2367 = CARTESIAN_POINT('',(4.051,-1.664,5.1E-02));
#2368 = DIRECTION('',(0.,0.,1.));
#2369 = DIRECTION('',(0.,1.,0.));
#2370 = ADVANCED_FACE('',(#2371),#2394,.T.);
#2371 = FACE_BOUND('',#2372,.T.);
#2372 = EDGE_LOOP('',(#2373,#2379,#2380,#2386,#2387,#2393));
#2373 = ORIENTED_EDGE('',*,*,#2374,.F.);
#2374 = EDGE_CURVE('',#2251,#2289,#2375,.T.);
#2375 = LINE('',#2376,#2377);
#2376 = CARTESIAN_POINT('',(4.051,-1.664,0.));
#2377 = VECTOR('',#2378,1.);
#2378 = DIRECTION('',(0.,-1.,0.));
#2379 = ORIENTED_EDGE('',*,*,#2274,.T.);
#2380 = ORIENTED_EDGE('',*,*,#2381,.T.);
#2381 = EDGE_CURVE('',#2267,#2331,#2382,.T.);
#2382 = LINE('',#2383,#2384);
#2383 = CARTESIAN_POINT('',(4.051,-1.664,0.));
#2384 = VECTOR('',#2385,1.);
#2385 = DIRECTION('',(0.,0.,1.));
#2386 = ORIENTED_EDGE('',*,*,#2338,.T.);
#2387 = ORIENTED_EDGE('',*,*,#2388,.F.);
#2388 = EDGE_CURVE('',#2299,#2329,#2389,.T.);
#2389 = LINE('',#2390,#2391);
#2390 = CARTESIAN_POINT('',(4.051,-2.146,5.1E-02));
#2391 = VECTOR('',#2392,1.);
#2392 = DIRECTION('',(0.,0.,1.));
#2393 = ORIENTED_EDGE('',*,*,#2298,.T.);
#2394 = PLANE('',#2395);
#2395 = AXIS2_PLACEMENT_3D('',#2396,#2397,#2398);
#2396 = CARTESIAN_POINT('',(4.051,-2.146,0.));
#2397 = DIRECTION('',(1.,0.,0.));
#2398 = DIRECTION('',(0.,0.,1.));
#2399 = ADVANCED_FACE('',(#2400),#2411,.T.);
#2400 = FACE_BOUND('',#2401,.T.);
#2401 = EDGE_LOOP('',(#2402,#2408,#2409,#2410));
#2402 = ORIENTED_EDGE('',*,*,#2403,.F.);
#2403 = EDGE_CURVE('',#2291,#2249,#2404,.T.);
#2404 = LINE('',#2405,#2406);
#2405 = CARTESIAN_POINT('',(3.493,-2.146,0.));
#2406 = VECTOR('',#2407,1.);
#2407 = DIRECTION('',(0.,1.,0.));
#2408 = ORIENTED_EDGE('',*,*,#2314,.T.);
#2409 = ORIENTED_EDGE('',*,*,#2353,.T.);
#2410 = ORIENTED_EDGE('',*,*,#2258,.T.);
#2411 = PLANE('',#2412);
#2412 = AXIS2_PLACEMENT_3D('',#2413,#2414,#2415);
#2413 = CARTESIAN_POINT('',(3.493,-1.664,0.));
#2414 = DIRECTION('',(-1.,0.,0.));
#2415 = DIRECTION('',(0.,0.,1.));
#2416 = ADVANCED_FACE('',(#2417),#2423,.T.);
#2417 = FACE_BOUND('',#2418,.T.);
#2418 = EDGE_LOOP('',(#2419,#2420,#2421,#2422));
#2419 = ORIENTED_EDGE('',*,*,#2360,.T.);
#2420 = ORIENTED_EDGE('',*,*,#2388,.T.);
#2421 = ORIENTED_EDGE('',*,*,#2328,.T.);
#2422 = ORIENTED_EDGE('',*,*,#2381,.F.);
#2423 = PLANE('',#2424);
#2424 = AXIS2_PLACEMENT_3D('',#2425,#2426,#2427);
#2425 = CARTESIAN_POINT('',(4.051,-1.664,5.1E-02));
#2426 = DIRECTION('',(-1.,0.,0.));
#2427 = DIRECTION('',(0.,0.,1.));
#2428 = ADVANCED_FACE('',(#2429),#2435,.T.);
#2429 = FACE_BOUND('',#2430,.T.);
#2430 = EDGE_LOOP('',(#2431,#2432,#2433,#2434));
#2431 = ORIENTED_EDGE('',*,*,#2288,.T.);
#2432 = ORIENTED_EDGE('',*,*,#2403,.T.);
#2433 = ORIENTED_EDGE('',*,*,#2248,.T.);
#2434 = ORIENTED_EDGE('',*,*,#2374,.T.);
#2435 = PLANE('',#2436);
#2436 = AXIS2_PLACEMENT_3D('',#2437,#2438,#2439);
#2437 = CARTESIAN_POINT('',(4.051,-2.146,0.));
#2438 = DIRECTION('',(0.,0.,-1.));
#2439 = DIRECTION('',(0.,1.,0.));
#2440 = MANIFOLD_SOLID_BREP('',#2441);
#2441 = CLOSED_SHELL('',(#2442,#2482,#2522,#2546,#2568,#2597,#2614,#2626
    ));
#2442 = ADVANCED_FACE('',(#2443),#2477,.T.);
#2443 = FACE_BOUND('',#2444,.T.);
#2444 = EDGE_LOOP('',(#2445,#2455,#2463,#2471));
#2445 = ORIENTED_EDGE('',*,*,#2446,.F.);
#2446 = EDGE_CURVE('',#2447,#2449,#2451,.T.);
#2447 = VERTEX_POINT('',#2448);
#2448 = CARTESIAN_POINT('',(-3.493,-2.146,0.));
#2449 = VERTEX_POINT('',#2450);
#2450 = CARTESIAN_POINT('',(-4.051,-2.146,0.));
#2451 = LINE('',#2452,#2453);
#2452 = CARTESIAN_POINT('',(-3.493,-2.146,0.));
#2453 = VECTOR('',#2454,1.);
#2454 = DIRECTION('',(-1.,0.,0.));
#2455 = ORIENTED_EDGE('',*,*,#2456,.F.);
#2456 = EDGE_CURVE('',#2457,#2447,#2459,.T.);
#2457 = VERTEX_POINT('',#2458);
#2458 = CARTESIAN_POINT('',(-3.493,-2.146,5.1E-02));
#2459 = LINE('',#2460,#2461);
#2460 = CARTESIAN_POINT('',(-3.493,-2.146,5.1E-02));
#2461 = VECTOR('',#2462,1.);
#2462 = DIRECTION('',(0.,0.,-1.));
#2463 = ORIENTED_EDGE('',*,*,#2464,.F.);
#2464 = EDGE_CURVE('',#2465,#2457,#2467,.T.);
#2465 = VERTEX_POINT('',#2466);
#2466 = CARTESIAN_POINT('',(-4.051,-2.146,5.1E-02));
#2467 = LINE('',#2468,#2469);
#2468 = CARTESIAN_POINT('',(-4.051,-2.146,5.1E-02));
#2469 = VECTOR('',#2470,1.);
#2470 = DIRECTION('',(1.,0.,0.));
#2471 = ORIENTED_EDGE('',*,*,#2472,.F.);
#2472 = EDGE_CURVE('',#2449,#2465,#2473,.T.);
#2473 = LINE('',#2474,#2475);
#2474 = CARTESIAN_POINT('',(-4.051,-2.146,0.));
#2475 = VECTOR('',#2476,1.);
#2476 = DIRECTION('',(0.,0.,1.));
#2477 = PLANE('',#2478);
#2478 = AXIS2_PLACEMENT_3D('',#2479,#2480,#2481);
#2479 = CARTESIAN_POINT('',(-4.051,-2.146,0.));
#2480 = DIRECTION('',(0.,-1.,0.));
#2481 = DIRECTION('',(0.,0.,1.));
#2482 = ADVANCED_FACE('',(#2483),#2517,.T.);
#2483 = FACE_BOUND('',#2484,.T.);
#2484 = EDGE_LOOP('',(#2485,#2495,#2503,#2511));
#2485 = ORIENTED_EDGE('',*,*,#2486,.F.);
#2486 = EDGE_CURVE('',#2487,#2489,#2491,.T.);
#2487 = VERTEX_POINT('',#2488);
#2488 = CARTESIAN_POINT('',(-4.051,-1.664,0.));
#2489 = VERTEX_POINT('',#2490);
#2490 = CARTESIAN_POINT('',(-3.493,-1.664,0.));
#2491 = LINE('',#2492,#2493);
#2492 = CARTESIAN_POINT('',(-4.051,-1.664,0.));
#2493 = VECTOR('',#2494,1.);
#2494 = DIRECTION('',(1.,0.,0.));
#2495 = ORIENTED_EDGE('',*,*,#2496,.F.);
#2496 = EDGE_CURVE('',#2497,#2487,#2499,.T.);
#2497 = VERTEX_POINT('',#2498);
#2498 = CARTESIAN_POINT('',(-4.051,-1.664,5.1E-02));
#2499 = LINE('',#2500,#2501);
#2500 = CARTESIAN_POINT('',(-4.051,-1.664,0.394));
#2501 = VECTOR('',#2502,1.);
#2502 = DIRECTION('',(0.,0.,-1.));
#2503 = ORIENTED_EDGE('',*,*,#2504,.F.);
#2504 = EDGE_CURVE('',#2505,#2497,#2507,.T.);
#2505 = VERTEX_POINT('',#2506);
#2506 = CARTESIAN_POINT('',(-3.493,-1.664,5.1E-02));
#2507 = LINE('',#2508,#2509);
#2508 = CARTESIAN_POINT('',(-3.493,-1.664,5.1E-02));
#2509 = VECTOR('',#2510,1.);
#2510 = DIRECTION('',(-1.,0.,0.));
#2511 = ORIENTED_EDGE('',*,*,#2512,.F.);
#2512 = EDGE_CURVE('',#2489,#2505,#2513,.T.);
#2513 = LINE('',#2514,#2515);
#2514 = CARTESIAN_POINT('',(-3.493,-1.664,0.));
#2515 = VECTOR('',#2516,1.);
#2516 = DIRECTION('',(0.,0.,1.));
#2517 = PLANE('',#2518);
#2518 = AXIS2_PLACEMENT_3D('',#2519,#2520,#2521);
#2519 = CARTESIAN_POINT('',(-3.493,-1.664,0.));
#2520 = DIRECTION('',(0.,1.,0.));
#2521 = DIRECTION('',(0.,-0.,1.));
#2522 = ADVANCED_FACE('',(#2523),#2541,.T.);
#2523 = FACE_BOUND('',#2524,.T.);
#2524 = EDGE_LOOP('',(#2525,#2535));
#2525 = ORIENTED_EDGE('',*,*,#2526,.F.);
#2526 = EDGE_CURVE('',#2527,#2529,#2531,.T.);
#2527 = VERTEX_POINT('',#2528);
#2528 = CARTESIAN_POINT('',(-4.051,-1.664,0.394));
#2529 = VERTEX_POINT('',#2530);
#2530 = CARTESIAN_POINT('',(-4.051,-2.146,0.394));
#2531 = LINE('',#2532,#2533);
#2532 = CARTESIAN_POINT('',(-4.051,-1.664,0.394));
#2533 = VECTOR('',#2534,1.);
#2534 = DIRECTION('',(0.,-1.,0.));
#2535 = ORIENTED_EDGE('',*,*,#2536,.F.);
#2536 = EDGE_CURVE('',#2529,#2527,#2537,.T.);
#2537 = LINE('',#2538,#2539);
#2538 = CARTESIAN_POINT('',(-4.051,-2.146,0.394));
#2539 = VECTOR('',#2540,1.);
#2540 = DIRECTION('',(0.,1.,0.));
#2541 = PLANE('',#2542);
#2542 = AXIS2_PLACEMENT_3D('',#2543,#2544,#2545);
#2543 = CARTESIAN_POINT('',(-4.051,-2.146,0.394));
#2544 = DIRECTION('',(0.,0.,1.));
#2545 = DIRECTION('',(0.,1.,0.));
#2546 = ADVANCED_FACE('',(#2547),#2563,.T.);
#2547 = FACE_BOUND('',#2548,.T.);
#2548 = EDGE_LOOP('',(#2549,#2550,#2556,#2557));
#2549 = ORIENTED_EDGE('',*,*,#2464,.T.);
#2550 = ORIENTED_EDGE('',*,*,#2551,.F.);
#2551 = EDGE_CURVE('',#2505,#2457,#2552,.T.);
#2552 = LINE('',#2553,#2554);
#2553 = CARTESIAN_POINT('',(-3.493,-1.664,5.1E-02));
#2554 = VECTOR('',#2555,1.);
#2555 = DIRECTION('',(0.,-1.,0.));
#2556 = ORIENTED_EDGE('',*,*,#2504,.T.);
#2557 = ORIENTED_EDGE('',*,*,#2558,.F.);
#2558 = EDGE_CURVE('',#2465,#2497,#2559,.T.);
#2559 = LINE('',#2560,#2561);
#2560 = CARTESIAN_POINT('',(-4.051,-2.146,5.1E-02));
#2561 = VECTOR('',#2562,1.);
#2562 = DIRECTION('',(0.,1.,0.));
#2563 = PLANE('',#2564);
#2564 = AXIS2_PLACEMENT_3D('',#2565,#2566,#2567);
#2565 = CARTESIAN_POINT('',(-4.051,-2.146,5.1E-02));
#2566 = DIRECTION('',(0.,0.,1.));
#2567 = DIRECTION('',(0.,1.,0.));
#2568 = ADVANCED_FACE('',(#2569),#2592,.T.);
#2569 = FACE_BOUND('',#2570,.T.);
#2570 = EDGE_LOOP('',(#2571,#2577,#2578,#2584,#2585,#2591));
#2571 = ORIENTED_EDGE('',*,*,#2572,.F.);
#2572 = EDGE_CURVE('',#2449,#2487,#2573,.T.);
#2573 = LINE('',#2574,#2575);
#2574 = CARTESIAN_POINT('',(-4.051,-2.146,0.));
#2575 = VECTOR('',#2576,1.);
#2576 = DIRECTION('',(0.,1.,0.));
#2577 = ORIENTED_EDGE('',*,*,#2472,.T.);
#2578 = ORIENTED_EDGE('',*,*,#2579,.T.);
#2579 = EDGE_CURVE('',#2465,#2529,#2580,.T.);
#2580 = LINE('',#2581,#2582);
#2581 = CARTESIAN_POINT('',(-4.051,-2.146,0.));
#2582 = VECTOR('',#2583,1.);
#2583 = DIRECTION('',(0.,0.,1.));
#2584 = ORIENTED_EDGE('',*,*,#2536,.T.);
#2585 = ORIENTED_EDGE('',*,*,#2586,.F.);
#2586 = EDGE_CURVE('',#2497,#2527,#2587,.T.);
#2587 = LINE('',#2588,#2589);
#2588 = CARTESIAN_POINT('',(-4.051,-1.664,5.1E-02));
#2589 = VECTOR('',#2590,1.);
#2590 = DIRECTION('',(0.,0.,1.));
#2591 = ORIENTED_EDGE('',*,*,#2496,.T.);
#2592 = PLANE('',#2593);
#2593 = AXIS2_PLACEMENT_3D('',#2594,#2595,#2596);
#2594 = CARTESIAN_POINT('',(-4.051,-1.664,0.));
#2595 = DIRECTION('',(-1.,0.,0.));
#2596 = DIRECTION('',(0.,0.,1.));
#2597 = ADVANCED_FACE('',(#2598),#2609,.T.);
#2598 = FACE_BOUND('',#2599,.T.);
#2599 = EDGE_LOOP('',(#2600,#2606,#2607,#2608));
#2600 = ORIENTED_EDGE('',*,*,#2601,.F.);
#2601 = EDGE_CURVE('',#2489,#2447,#2602,.T.);
#2602 = LINE('',#2603,#2604);
#2603 = CARTESIAN_POINT('',(-3.493,-1.664,0.));
#2604 = VECTOR('',#2605,1.);
#2605 = DIRECTION('',(0.,-1.,0.));
#2606 = ORIENTED_EDGE('',*,*,#2512,.T.);
#2607 = ORIENTED_EDGE('',*,*,#2551,.T.);
#2608 = ORIENTED_EDGE('',*,*,#2456,.T.);
#2609 = PLANE('',#2610);
#2610 = AXIS2_PLACEMENT_3D('',#2611,#2612,#2613);
#2611 = CARTESIAN_POINT('',(-3.493,-2.146,0.));
#2612 = DIRECTION('',(1.,0.,0.));
#2613 = DIRECTION('',(0.,0.,1.));
#2614 = ADVANCED_FACE('',(#2615),#2621,.T.);
#2615 = FACE_BOUND('',#2616,.T.);
#2616 = EDGE_LOOP('',(#2617,#2618,#2619,#2620));
#2617 = ORIENTED_EDGE('',*,*,#2558,.T.);
#2618 = ORIENTED_EDGE('',*,*,#2586,.T.);
#2619 = ORIENTED_EDGE('',*,*,#2526,.T.);
#2620 = ORIENTED_EDGE('',*,*,#2579,.F.);
#2621 = PLANE('',#2622);
#2622 = AXIS2_PLACEMENT_3D('',#2623,#2624,#2625);
#2623 = CARTESIAN_POINT('',(-4.051,-2.146,5.1E-02));
#2624 = DIRECTION('',(1.,0.,0.));
#2625 = DIRECTION('',(0.,0.,1.));
#2626 = ADVANCED_FACE('',(#2627),#2633,.T.);
#2627 = FACE_BOUND('',#2628,.T.);
#2628 = EDGE_LOOP('',(#2629,#2630,#2631,#2632));
#2629 = ORIENTED_EDGE('',*,*,#2486,.T.);
#2630 = ORIENTED_EDGE('',*,*,#2601,.T.);
#2631 = ORIENTED_EDGE('',*,*,#2446,.T.);
#2632 = ORIENTED_EDGE('',*,*,#2572,.T.);
#2633 = PLANE('',#2634);
#2634 = AXIS2_PLACEMENT_3D('',#2635,#2636,#2637);
#2635 = CARTESIAN_POINT('',(-4.051,-1.664,0.));
#2636 = DIRECTION('',(0.,0.,-1.));
#2637 = DIRECTION('',(0.,1.,0.));
#2638 = MANIFOLD_SOLID_BREP('',#2639);
#2639 = CLOSED_SHELL('',(#2640,#2680,#2720,#2744,#2766,#2795,#2812,#2824
    ));
#2640 = ADVANCED_FACE('',(#2641),#2675,.T.);
#2641 = FACE_BOUND('',#2642,.T.);
#2642 = EDGE_LOOP('',(#2643,#2653,#2661,#2669));
#2643 = ORIENTED_EDGE('',*,*,#2644,.F.);
#2644 = EDGE_CURVE('',#2645,#2647,#2649,.T.);
#2645 = VERTEX_POINT('',#2646);
#2646 = CARTESIAN_POINT('',(-3.493,-0.876,0.));
#2647 = VERTEX_POINT('',#2648);
#2648 = CARTESIAN_POINT('',(-4.051,-0.876,0.));
#2649 = LINE('',#2650,#2651);
#2650 = CARTESIAN_POINT('',(-3.493,-0.876,0.));
#2651 = VECTOR('',#2652,1.);
#2652 = DIRECTION('',(-1.,0.,0.));
#2653 = ORIENTED_EDGE('',*,*,#2654,.F.);
#2654 = EDGE_CURVE('',#2655,#2645,#2657,.T.);
#2655 = VERTEX_POINT('',#2656);
#2656 = CARTESIAN_POINT('',(-3.493,-0.876,5.1E-02));
#2657 = LINE('',#2658,#2659);
#2658 = CARTESIAN_POINT('',(-3.493,-0.876,5.1E-02));
#2659 = VECTOR('',#2660,1.);
#2660 = DIRECTION('',(0.,0.,-1.));
#2661 = ORIENTED_EDGE('',*,*,#2662,.F.);
#2662 = EDGE_CURVE('',#2663,#2655,#2665,.T.);
#2663 = VERTEX_POINT('',#2664);
#2664 = CARTESIAN_POINT('',(-4.051,-0.876,5.1E-02));
#2665 = LINE('',#2666,#2667);
#2666 = CARTESIAN_POINT('',(-4.051,-0.876,5.1E-02));
#2667 = VECTOR('',#2668,1.);
#2668 = DIRECTION('',(1.,0.,0.));
#2669 = ORIENTED_EDGE('',*,*,#2670,.F.);
#2670 = EDGE_CURVE('',#2647,#2663,#2671,.T.);
#2671 = LINE('',#2672,#2673);
#2672 = CARTESIAN_POINT('',(-4.051,-0.876,0.));
#2673 = VECTOR('',#2674,1.);
#2674 = DIRECTION('',(0.,0.,1.));
#2675 = PLANE('',#2676);
#2676 = AXIS2_PLACEMENT_3D('',#2677,#2678,#2679);
#2677 = CARTESIAN_POINT('',(-4.051,-0.876,0.));
#2678 = DIRECTION('',(0.,-1.,0.));
#2679 = DIRECTION('',(0.,0.,1.));
#2680 = ADVANCED_FACE('',(#2681),#2715,.T.);
#2681 = FACE_BOUND('',#2682,.T.);
#2682 = EDGE_LOOP('',(#2683,#2693,#2701,#2709));
#2683 = ORIENTED_EDGE('',*,*,#2684,.F.);
#2684 = EDGE_CURVE('',#2685,#2687,#2689,.T.);
#2685 = VERTEX_POINT('',#2686);
#2686 = CARTESIAN_POINT('',(-4.051,-0.394,0.));
#2687 = VERTEX_POINT('',#2688);
#2688 = CARTESIAN_POINT('',(-3.493,-0.394,0.));
#2689 = LINE('',#2690,#2691);
#2690 = CARTESIAN_POINT('',(-4.051,-0.394,0.));
#2691 = VECTOR('',#2692,1.);
#2692 = DIRECTION('',(1.,0.,0.));
#2693 = ORIENTED_EDGE('',*,*,#2694,.F.);
#2694 = EDGE_CURVE('',#2695,#2685,#2697,.T.);
#2695 = VERTEX_POINT('',#2696);
#2696 = CARTESIAN_POINT('',(-4.051,-0.394,5.1E-02));
#2697 = LINE('',#2698,#2699);
#2698 = CARTESIAN_POINT('',(-4.051,-0.394,0.394));
#2699 = VECTOR('',#2700,1.);
#2700 = DIRECTION('',(0.,0.,-1.));
#2701 = ORIENTED_EDGE('',*,*,#2702,.F.);
#2702 = EDGE_CURVE('',#2703,#2695,#2705,.T.);
#2703 = VERTEX_POINT('',#2704);
#2704 = CARTESIAN_POINT('',(-3.493,-0.394,5.1E-02));
#2705 = LINE('',#2706,#2707);
#2706 = CARTESIAN_POINT('',(-3.493,-0.394,5.1E-02));
#2707 = VECTOR('',#2708,1.);
#2708 = DIRECTION('',(-1.,0.,0.));
#2709 = ORIENTED_EDGE('',*,*,#2710,.F.);
#2710 = EDGE_CURVE('',#2687,#2703,#2711,.T.);
#2711 = LINE('',#2712,#2713);
#2712 = CARTESIAN_POINT('',(-3.493,-0.394,0.));
#2713 = VECTOR('',#2714,1.);
#2714 = DIRECTION('',(0.,0.,1.));
#2715 = PLANE('',#2716);
#2716 = AXIS2_PLACEMENT_3D('',#2717,#2718,#2719);
#2717 = CARTESIAN_POINT('',(-3.493,-0.394,0.));
#2718 = DIRECTION('',(0.,1.,0.));
#2719 = DIRECTION('',(0.,-0.,1.));
#2720 = ADVANCED_FACE('',(#2721),#2739,.T.);
#2721 = FACE_BOUND('',#2722,.T.);
#2722 = EDGE_LOOP('',(#2723,#2733));
#2723 = ORIENTED_EDGE('',*,*,#2724,.F.);
#2724 = EDGE_CURVE('',#2725,#2727,#2729,.T.);
#2725 = VERTEX_POINT('',#2726);
#2726 = CARTESIAN_POINT('',(-4.051,-0.394,0.394));
#2727 = VERTEX_POINT('',#2728);
#2728 = CARTESIAN_POINT('',(-4.051,-0.876,0.394));
#2729 = LINE('',#2730,#2731);
#2730 = CARTESIAN_POINT('',(-4.051,-0.394,0.394));
#2731 = VECTOR('',#2732,1.);
#2732 = DIRECTION('',(0.,-1.,0.));
#2733 = ORIENTED_EDGE('',*,*,#2734,.F.);
#2734 = EDGE_CURVE('',#2727,#2725,#2735,.T.);
#2735 = LINE('',#2736,#2737);
#2736 = CARTESIAN_POINT('',(-4.051,-0.876,0.394));
#2737 = VECTOR('',#2738,1.);
#2738 = DIRECTION('',(0.,1.,0.));
#2739 = PLANE('',#2740);
#2740 = AXIS2_PLACEMENT_3D('',#2741,#2742,#2743);
#2741 = CARTESIAN_POINT('',(-4.051,-0.876,0.394));
#2742 = DIRECTION('',(0.,0.,1.));
#2743 = DIRECTION('',(0.,1.,0.));
#2744 = ADVANCED_FACE('',(#2745),#2761,.T.);
#2745 = FACE_BOUND('',#2746,.T.);
#2746 = EDGE_LOOP('',(#2747,#2748,#2754,#2755));
#2747 = ORIENTED_EDGE('',*,*,#2662,.T.);
#2748 = ORIENTED_EDGE('',*,*,#2749,.F.);
#2749 = EDGE_CURVE('',#2703,#2655,#2750,.T.);
#2750 = LINE('',#2751,#2752);
#2751 = CARTESIAN_POINT('',(-3.493,-0.394,5.1E-02));
#2752 = VECTOR('',#2753,1.);
#2753 = DIRECTION('',(0.,-1.,0.));
#2754 = ORIENTED_EDGE('',*,*,#2702,.T.);
#2755 = ORIENTED_EDGE('',*,*,#2756,.F.);
#2756 = EDGE_CURVE('',#2663,#2695,#2757,.T.);
#2757 = LINE('',#2758,#2759);
#2758 = CARTESIAN_POINT('',(-4.051,-0.876,5.1E-02));
#2759 = VECTOR('',#2760,1.);
#2760 = DIRECTION('',(0.,1.,0.));
#2761 = PLANE('',#2762);
#2762 = AXIS2_PLACEMENT_3D('',#2763,#2764,#2765);
#2763 = CARTESIAN_POINT('',(-4.051,-0.876,5.1E-02));
#2764 = DIRECTION('',(0.,0.,1.));
#2765 = DIRECTION('',(0.,1.,0.));
#2766 = ADVANCED_FACE('',(#2767),#2790,.T.);
#2767 = FACE_BOUND('',#2768,.T.);
#2768 = EDGE_LOOP('',(#2769,#2775,#2776,#2782,#2783,#2789));
#2769 = ORIENTED_EDGE('',*,*,#2770,.F.);
#2770 = EDGE_CURVE('',#2647,#2685,#2771,.T.);
#2771 = LINE('',#2772,#2773);
#2772 = CARTESIAN_POINT('',(-4.051,-0.876,0.));
#2773 = VECTOR('',#2774,1.);
#2774 = DIRECTION('',(0.,1.,0.));
#2775 = ORIENTED_EDGE('',*,*,#2670,.T.);
#2776 = ORIENTED_EDGE('',*,*,#2777,.T.);
#2777 = EDGE_CURVE('',#2663,#2727,#2778,.T.);
#2778 = LINE('',#2779,#2780);
#2779 = CARTESIAN_POINT('',(-4.051,-0.876,0.));
#2780 = VECTOR('',#2781,1.);
#2781 = DIRECTION('',(0.,0.,1.));
#2782 = ORIENTED_EDGE('',*,*,#2734,.T.);
#2783 = ORIENTED_EDGE('',*,*,#2784,.F.);
#2784 = EDGE_CURVE('',#2695,#2725,#2785,.T.);
#2785 = LINE('',#2786,#2787);
#2786 = CARTESIAN_POINT('',(-4.051,-0.394,5.1E-02));
#2787 = VECTOR('',#2788,1.);
#2788 = DIRECTION('',(0.,0.,1.));
#2789 = ORIENTED_EDGE('',*,*,#2694,.T.);
#2790 = PLANE('',#2791);
#2791 = AXIS2_PLACEMENT_3D('',#2792,#2793,#2794);
#2792 = CARTESIAN_POINT('',(-4.051,-0.394,0.));
#2793 = DIRECTION('',(-1.,0.,0.));
#2794 = DIRECTION('',(0.,0.,1.));
#2795 = ADVANCED_FACE('',(#2796),#2807,.T.);
#2796 = FACE_BOUND('',#2797,.T.);
#2797 = EDGE_LOOP('',(#2798,#2804,#2805,#2806));
#2798 = ORIENTED_EDGE('',*,*,#2799,.F.);
#2799 = EDGE_CURVE('',#2687,#2645,#2800,.T.);
#2800 = LINE('',#2801,#2802);
#2801 = CARTESIAN_POINT('',(-3.493,-0.394,0.));
#2802 = VECTOR('',#2803,1.);
#2803 = DIRECTION('',(0.,-1.,0.));
#2804 = ORIENTED_EDGE('',*,*,#2710,.T.);
#2805 = ORIENTED_EDGE('',*,*,#2749,.T.);
#2806 = ORIENTED_EDGE('',*,*,#2654,.T.);
#2807 = PLANE('',#2808);
#2808 = AXIS2_PLACEMENT_3D('',#2809,#2810,#2811);
#2809 = CARTESIAN_POINT('',(-3.493,-0.876,0.));
#2810 = DIRECTION('',(1.,0.,0.));
#2811 = DIRECTION('',(0.,0.,1.));
#2812 = ADVANCED_FACE('',(#2813),#2819,.T.);
#2813 = FACE_BOUND('',#2814,.T.);
#2814 = EDGE_LOOP('',(#2815,#2816,#2817,#2818));
#2815 = ORIENTED_EDGE('',*,*,#2756,.T.);
#2816 = ORIENTED_EDGE('',*,*,#2784,.T.);
#2817 = ORIENTED_EDGE('',*,*,#2724,.T.);
#2818 = ORIENTED_EDGE('',*,*,#2777,.F.);
#2819 = PLANE('',#2820);
#2820 = AXIS2_PLACEMENT_3D('',#2821,#2822,#2823);
#2821 = CARTESIAN_POINT('',(-4.051,-0.876,5.1E-02));
#2822 = DIRECTION('',(1.,0.,0.));
#2823 = DIRECTION('',(0.,0.,1.));
#2824 = ADVANCED_FACE('',(#2825),#2831,.T.);
#2825 = FACE_BOUND('',#2826,.T.);
#2826 = EDGE_LOOP('',(#2827,#2828,#2829,#2830));
#2827 = ORIENTED_EDGE('',*,*,#2684,.T.);
#2828 = ORIENTED_EDGE('',*,*,#2799,.T.);
#2829 = ORIENTED_EDGE('',*,*,#2644,.T.);
#2830 = ORIENTED_EDGE('',*,*,#2770,.T.);
#2831 = PLANE('',#2832);
#2832 = AXIS2_PLACEMENT_3D('',#2833,#2834,#2835);
#2833 = CARTESIAN_POINT('',(-4.051,-0.394,0.));
#2834 = DIRECTION('',(0.,0.,-1.));
#2835 = DIRECTION('',(0.,1.,0.));
#2836 = MANIFOLD_SOLID_BREP('',#2837);
#2837 = CLOSED_SHELL('',(#2838,#2878,#2918,#2942,#2964,#2993,#3010,#3022
    ));
#2838 = ADVANCED_FACE('',(#2839),#2873,.T.);
#2839 = FACE_BOUND('',#2840,.T.);
#2840 = EDGE_LOOP('',(#2841,#2851,#2859,#2867));
#2841 = ORIENTED_EDGE('',*,*,#2842,.F.);
#2842 = EDGE_CURVE('',#2843,#2845,#2847,.T.);
#2843 = VERTEX_POINT('',#2844);
#2844 = CARTESIAN_POINT('',(-3.493,0.394,0.));
#2845 = VERTEX_POINT('',#2846);
#2846 = CARTESIAN_POINT('',(-4.051,0.394,0.));
#2847 = LINE('',#2848,#2849);
#2848 = CARTESIAN_POINT('',(-3.493,0.394,0.));
#2849 = VECTOR('',#2850,1.);
#2850 = DIRECTION('',(-1.,0.,0.));
#2851 = ORIENTED_EDGE('',*,*,#2852,.F.);
#2852 = EDGE_CURVE('',#2853,#2843,#2855,.T.);
#2853 = VERTEX_POINT('',#2854);
#2854 = CARTESIAN_POINT('',(-3.493,0.394,5.1E-02));
#2855 = LINE('',#2856,#2857);
#2856 = CARTESIAN_POINT('',(-3.493,0.394,5.1E-02));
#2857 = VECTOR('',#2858,1.);
#2858 = DIRECTION('',(0.,0.,-1.));
#2859 = ORIENTED_EDGE('',*,*,#2860,.F.);
#2860 = EDGE_CURVE('',#2861,#2853,#2863,.T.);
#2861 = VERTEX_POINT('',#2862);
#2862 = CARTESIAN_POINT('',(-4.051,0.394,5.1E-02));
#2863 = LINE('',#2864,#2865);
#2864 = CARTESIAN_POINT('',(-4.051,0.394,5.1E-02));
#2865 = VECTOR('',#2866,1.);
#2866 = DIRECTION('',(1.,0.,0.));
#2867 = ORIENTED_EDGE('',*,*,#2868,.F.);
#2868 = EDGE_CURVE('',#2845,#2861,#2869,.T.);
#2869 = LINE('',#2870,#2871);
#2870 = CARTESIAN_POINT('',(-4.051,0.394,0.));
#2871 = VECTOR('',#2872,1.);
#2872 = DIRECTION('',(0.,0.,1.));
#2873 = PLANE('',#2874);
#2874 = AXIS2_PLACEMENT_3D('',#2875,#2876,#2877);
#2875 = CARTESIAN_POINT('',(-4.051,0.394,0.));
#2876 = DIRECTION('',(0.,-1.,0.));
#2877 = DIRECTION('',(0.,0.,1.));
#2878 = ADVANCED_FACE('',(#2879),#2913,.T.);
#2879 = FACE_BOUND('',#2880,.T.);
#2880 = EDGE_LOOP('',(#2881,#2891,#2899,#2907));
#2881 = ORIENTED_EDGE('',*,*,#2882,.F.);
#2882 = EDGE_CURVE('',#2883,#2885,#2887,.T.);
#2883 = VERTEX_POINT('',#2884);
#2884 = CARTESIAN_POINT('',(-4.051,0.876,0.));
#2885 = VERTEX_POINT('',#2886);
#2886 = CARTESIAN_POINT('',(-3.493,0.876,0.));
#2887 = LINE('',#2888,#2889);
#2888 = CARTESIAN_POINT('',(-4.051,0.876,0.));
#2889 = VECTOR('',#2890,1.);
#2890 = DIRECTION('',(1.,0.,0.));
#2891 = ORIENTED_EDGE('',*,*,#2892,.F.);
#2892 = EDGE_CURVE('',#2893,#2883,#2895,.T.);
#2893 = VERTEX_POINT('',#2894);
#2894 = CARTESIAN_POINT('',(-4.051,0.876,5.1E-02));
#2895 = LINE('',#2896,#2897);
#2896 = CARTESIAN_POINT('',(-4.051,0.876,0.394));
#2897 = VECTOR('',#2898,1.);
#2898 = DIRECTION('',(0.,0.,-1.));
#2899 = ORIENTED_EDGE('',*,*,#2900,.F.);
#2900 = EDGE_CURVE('',#2901,#2893,#2903,.T.);
#2901 = VERTEX_POINT('',#2902);
#2902 = CARTESIAN_POINT('',(-3.493,0.876,5.1E-02));
#2903 = LINE('',#2904,#2905);
#2904 = CARTESIAN_POINT('',(-3.493,0.876,5.1E-02));
#2905 = VECTOR('',#2906,1.);
#2906 = DIRECTION('',(-1.,0.,0.));
#2907 = ORIENTED_EDGE('',*,*,#2908,.F.);
#2908 = EDGE_CURVE('',#2885,#2901,#2909,.T.);
#2909 = LINE('',#2910,#2911);
#2910 = CARTESIAN_POINT('',(-3.493,0.876,0.));
#2911 = VECTOR('',#2912,1.);
#2912 = DIRECTION('',(0.,0.,1.));
#2913 = PLANE('',#2914);
#2914 = AXIS2_PLACEMENT_3D('',#2915,#2916,#2917);
#2915 = CARTESIAN_POINT('',(-3.493,0.876,0.));
#2916 = DIRECTION('',(0.,1.,0.));
#2917 = DIRECTION('',(0.,-0.,1.));
#2918 = ADVANCED_FACE('',(#2919),#2937,.T.);
#2919 = FACE_BOUND('',#2920,.T.);
#2920 = EDGE_LOOP('',(#2921,#2931));
#2921 = ORIENTED_EDGE('',*,*,#2922,.F.);
#2922 = EDGE_CURVE('',#2923,#2925,#2927,.T.);
#2923 = VERTEX_POINT('',#2924);
#2924 = CARTESIAN_POINT('',(-4.051,0.876,0.394));
#2925 = VERTEX_POINT('',#2926);
#2926 = CARTESIAN_POINT('',(-4.051,0.394,0.394));
#2927 = LINE('',#2928,#2929);
#2928 = CARTESIAN_POINT('',(-4.051,0.876,0.394));
#2929 = VECTOR('',#2930,1.);
#2930 = DIRECTION('',(0.,-1.,0.));
#2931 = ORIENTED_EDGE('',*,*,#2932,.F.);
#2932 = EDGE_CURVE('',#2925,#2923,#2933,.T.);
#2933 = LINE('',#2934,#2935);
#2934 = CARTESIAN_POINT('',(-4.051,0.394,0.394));
#2935 = VECTOR('',#2936,1.);
#2936 = DIRECTION('',(0.,1.,0.));
#2937 = PLANE('',#2938);
#2938 = AXIS2_PLACEMENT_3D('',#2939,#2940,#2941);
#2939 = CARTESIAN_POINT('',(-4.051,0.394,0.394));
#2940 = DIRECTION('',(0.,0.,1.));
#2941 = DIRECTION('',(0.,1.,0.));
#2942 = ADVANCED_FACE('',(#2943),#2959,.T.);
#2943 = FACE_BOUND('',#2944,.T.);
#2944 = EDGE_LOOP('',(#2945,#2946,#2952,#2953));
#2945 = ORIENTED_EDGE('',*,*,#2860,.T.);
#2946 = ORIENTED_EDGE('',*,*,#2947,.F.);
#2947 = EDGE_CURVE('',#2901,#2853,#2948,.T.);
#2948 = LINE('',#2949,#2950);
#2949 = CARTESIAN_POINT('',(-3.493,0.876,5.1E-02));
#2950 = VECTOR('',#2951,1.);
#2951 = DIRECTION('',(0.,-1.,0.));
#2952 = ORIENTED_EDGE('',*,*,#2900,.T.);
#2953 = ORIENTED_EDGE('',*,*,#2954,.F.);
#2954 = EDGE_CURVE('',#2861,#2893,#2955,.T.);
#2955 = LINE('',#2956,#2957);
#2956 = CARTESIAN_POINT('',(-4.051,0.394,5.1E-02));
#2957 = VECTOR('',#2958,1.);
#2958 = DIRECTION('',(0.,1.,0.));
#2959 = PLANE('',#2960);
#2960 = AXIS2_PLACEMENT_3D('',#2961,#2962,#2963);
#2961 = CARTESIAN_POINT('',(-4.051,0.394,5.1E-02));
#2962 = DIRECTION('',(0.,0.,1.));
#2963 = DIRECTION('',(0.,1.,0.));
#2964 = ADVANCED_FACE('',(#2965),#2988,.T.);
#2965 = FACE_BOUND('',#2966,.T.);
#2966 = EDGE_LOOP('',(#2967,#2973,#2974,#2980,#2981,#2987));
#2967 = ORIENTED_EDGE('',*,*,#2968,.F.);
#2968 = EDGE_CURVE('',#2845,#2883,#2969,.T.);
#2969 = LINE('',#2970,#2971);
#2970 = CARTESIAN_POINT('',(-4.051,0.394,0.));
#2971 = VECTOR('',#2972,1.);
#2972 = DIRECTION('',(0.,1.,0.));
#2973 = ORIENTED_EDGE('',*,*,#2868,.T.);
#2974 = ORIENTED_EDGE('',*,*,#2975,.T.);
#2975 = EDGE_CURVE('',#2861,#2925,#2976,.T.);
#2976 = LINE('',#2977,#2978);
#2977 = CARTESIAN_POINT('',(-4.051,0.394,0.));
#2978 = VECTOR('',#2979,1.);
#2979 = DIRECTION('',(0.,0.,1.));
#2980 = ORIENTED_EDGE('',*,*,#2932,.T.);
#2981 = ORIENTED_EDGE('',*,*,#2982,.F.);
#2982 = EDGE_CURVE('',#2893,#2923,#2983,.T.);
#2983 = LINE('',#2984,#2985);
#2984 = CARTESIAN_POINT('',(-4.051,0.876,5.1E-02));
#2985 = VECTOR('',#2986,1.);
#2986 = DIRECTION('',(0.,0.,1.));
#2987 = ORIENTED_EDGE('',*,*,#2892,.T.);
#2988 = PLANE('',#2989);
#2989 = AXIS2_PLACEMENT_3D('',#2990,#2991,#2992);
#2990 = CARTESIAN_POINT('',(-4.051,0.876,0.));
#2991 = DIRECTION('',(-1.,0.,0.));
#2992 = DIRECTION('',(0.,0.,1.));
#2993 = ADVANCED_FACE('',(#2994),#3005,.T.);
#2994 = FACE_BOUND('',#2995,.T.);
#2995 = EDGE_LOOP('',(#2996,#3002,#3003,#3004));
#2996 = ORIENTED_EDGE('',*,*,#2997,.F.);
#2997 = EDGE_CURVE('',#2885,#2843,#2998,.T.);
#2998 = LINE('',#2999,#3000);
#2999 = CARTESIAN_POINT('',(-3.493,0.876,0.));
#3000 = VECTOR('',#3001,1.);
#3001 = DIRECTION('',(0.,-1.,0.));
#3002 = ORIENTED_EDGE('',*,*,#2908,.T.);
#3003 = ORIENTED_EDGE('',*,*,#2947,.T.);
#3004 = ORIENTED_EDGE('',*,*,#2852,.T.);
#3005 = PLANE('',#3006);
#3006 = AXIS2_PLACEMENT_3D('',#3007,#3008,#3009);
#3007 = CARTESIAN_POINT('',(-3.493,0.394,0.));
#3008 = DIRECTION('',(1.,0.,0.));
#3009 = DIRECTION('',(0.,0.,1.));
#3010 = ADVANCED_FACE('',(#3011),#3017,.T.);
#3011 = FACE_BOUND('',#3012,.T.);
#3012 = EDGE_LOOP('',(#3013,#3014,#3015,#3016));
#3013 = ORIENTED_EDGE('',*,*,#2954,.T.);
#3014 = ORIENTED_EDGE('',*,*,#2982,.T.);
#3015 = ORIENTED_EDGE('',*,*,#2922,.T.);
#3016 = ORIENTED_EDGE('',*,*,#2975,.F.);
#3017 = PLANE('',#3018);
#3018 = AXIS2_PLACEMENT_3D('',#3019,#3020,#3021);
#3019 = CARTESIAN_POINT('',(-4.051,0.394,5.1E-02));
#3020 = DIRECTION('',(1.,0.,0.));
#3021 = DIRECTION('',(0.,0.,1.));
#3022 = ADVANCED_FACE('',(#3023),#3029,.T.);
#3023 = FACE_BOUND('',#3024,.T.);
#3024 = EDGE_LOOP('',(#3025,#3026,#3027,#3028));
#3025 = ORIENTED_EDGE('',*,*,#2882,.T.);
#3026 = ORIENTED_EDGE('',*,*,#2997,.T.);
#3027 = ORIENTED_EDGE('',*,*,#2842,.T.);
#3028 = ORIENTED_EDGE('',*,*,#2968,.T.);
#3029 = PLANE('',#3030);
#3030 = AXIS2_PLACEMENT_3D('',#3031,#3032,#3033);
#3031 = CARTESIAN_POINT('',(-4.051,0.876,0.));
#3032 = DIRECTION('',(0.,0.,-1.));
#3033 = DIRECTION('',(0.,1.,0.));
#3034 = MANIFOLD_SOLID_BREP('',#3035);
#3035 = CLOSED_SHELL('',(#3036,#3076,#3116,#3140,#3162,#3191,#3208,#3220
    ));
#3036 = ADVANCED_FACE('',(#3037),#3071,.T.);
#3037 = FACE_BOUND('',#3038,.T.);
#3038 = EDGE_LOOP('',(#3039,#3049,#3057,#3065));
#3039 = ORIENTED_EDGE('',*,*,#3040,.F.);
#3040 = EDGE_CURVE('',#3041,#3043,#3045,.T.);
#3041 = VERTEX_POINT('',#3042);
#3042 = CARTESIAN_POINT('',(-3.493,1.664,0.));
#3043 = VERTEX_POINT('',#3044);
#3044 = CARTESIAN_POINT('',(-4.051,1.664,0.));
#3045 = LINE('',#3046,#3047);
#3046 = CARTESIAN_POINT('',(-3.493,1.664,0.));
#3047 = VECTOR('',#3048,1.);
#3048 = DIRECTION('',(-1.,0.,0.));
#3049 = ORIENTED_EDGE('',*,*,#3050,.F.);
#3050 = EDGE_CURVE('',#3051,#3041,#3053,.T.);
#3051 = VERTEX_POINT('',#3052);
#3052 = CARTESIAN_POINT('',(-3.493,1.664,5.1E-02));
#3053 = LINE('',#3054,#3055);
#3054 = CARTESIAN_POINT('',(-3.493,1.664,5.1E-02));
#3055 = VECTOR('',#3056,1.);
#3056 = DIRECTION('',(0.,0.,-1.));
#3057 = ORIENTED_EDGE('',*,*,#3058,.F.);
#3058 = EDGE_CURVE('',#3059,#3051,#3061,.T.);
#3059 = VERTEX_POINT('',#3060);
#3060 = CARTESIAN_POINT('',(-4.051,1.664,5.1E-02));
#3061 = LINE('',#3062,#3063);
#3062 = CARTESIAN_POINT('',(-4.051,1.664,5.1E-02));
#3063 = VECTOR('',#3064,1.);
#3064 = DIRECTION('',(1.,0.,0.));
#3065 = ORIENTED_EDGE('',*,*,#3066,.F.);
#3066 = EDGE_CURVE('',#3043,#3059,#3067,.T.);
#3067 = LINE('',#3068,#3069);
#3068 = CARTESIAN_POINT('',(-4.051,1.664,0.));
#3069 = VECTOR('',#3070,1.);
#3070 = DIRECTION('',(0.,0.,1.));
#3071 = PLANE('',#3072);
#3072 = AXIS2_PLACEMENT_3D('',#3073,#3074,#3075);
#3073 = CARTESIAN_POINT('',(-4.051,1.664,0.));
#3074 = DIRECTION('',(0.,-1.,0.));
#3075 = DIRECTION('',(0.,0.,1.));
#3076 = ADVANCED_FACE('',(#3077),#3111,.T.);
#3077 = FACE_BOUND('',#3078,.T.);
#3078 = EDGE_LOOP('',(#3079,#3089,#3097,#3105));
#3079 = ORIENTED_EDGE('',*,*,#3080,.F.);
#3080 = EDGE_CURVE('',#3081,#3083,#3085,.T.);
#3081 = VERTEX_POINT('',#3082);
#3082 = CARTESIAN_POINT('',(-4.051,2.146,0.));
#3083 = VERTEX_POINT('',#3084);
#3084 = CARTESIAN_POINT('',(-3.493,2.146,0.));
#3085 = LINE('',#3086,#3087);
#3086 = CARTESIAN_POINT('',(-4.051,2.146,0.));
#3087 = VECTOR('',#3088,1.);
#3088 = DIRECTION('',(1.,0.,0.));
#3089 = ORIENTED_EDGE('',*,*,#3090,.F.);
#3090 = EDGE_CURVE('',#3091,#3081,#3093,.T.);
#3091 = VERTEX_POINT('',#3092);
#3092 = CARTESIAN_POINT('',(-4.051,2.146,5.1E-02));
#3093 = LINE('',#3094,#3095);
#3094 = CARTESIAN_POINT('',(-4.051,2.146,0.394));
#3095 = VECTOR('',#3096,1.);
#3096 = DIRECTION('',(0.,0.,-1.));
#3097 = ORIENTED_EDGE('',*,*,#3098,.F.);
#3098 = EDGE_CURVE('',#3099,#3091,#3101,.T.);
#3099 = VERTEX_POINT('',#3100);
#3100 = CARTESIAN_POINT('',(-3.493,2.146,5.1E-02));
#3101 = LINE('',#3102,#3103);
#3102 = CARTESIAN_POINT('',(-3.493,2.146,5.1E-02));
#3103 = VECTOR('',#3104,1.);
#3104 = DIRECTION('',(-1.,0.,0.));
#3105 = ORIENTED_EDGE('',*,*,#3106,.F.);
#3106 = EDGE_CURVE('',#3083,#3099,#3107,.T.);
#3107 = LINE('',#3108,#3109);
#3108 = CARTESIAN_POINT('',(-3.493,2.146,0.));
#3109 = VECTOR('',#3110,1.);
#3110 = DIRECTION('',(0.,0.,1.));
#3111 = PLANE('',#3112);
#3112 = AXIS2_PLACEMENT_3D('',#3113,#3114,#3115);
#3113 = CARTESIAN_POINT('',(-3.493,2.146,0.));
#3114 = DIRECTION('',(0.,1.,0.));
#3115 = DIRECTION('',(0.,-0.,1.));
#3116 = ADVANCED_FACE('',(#3117),#3135,.T.);
#3117 = FACE_BOUND('',#3118,.T.);
#3118 = EDGE_LOOP('',(#3119,#3129));
#3119 = ORIENTED_EDGE('',*,*,#3120,.F.);
#3120 = EDGE_CURVE('',#3121,#3123,#3125,.T.);
#3121 = VERTEX_POINT('',#3122);
#3122 = CARTESIAN_POINT('',(-4.051,2.146,0.394));
#3123 = VERTEX_POINT('',#3124);
#3124 = CARTESIAN_POINT('',(-4.051,1.664,0.394));
#3125 = LINE('',#3126,#3127);
#3126 = CARTESIAN_POINT('',(-4.051,2.146,0.394));
#3127 = VECTOR('',#3128,1.);
#3128 = DIRECTION('',(0.,-1.,0.));
#3129 = ORIENTED_EDGE('',*,*,#3130,.F.);
#3130 = EDGE_CURVE('',#3123,#3121,#3131,.T.);
#3131 = LINE('',#3132,#3133);
#3132 = CARTESIAN_POINT('',(-4.051,1.664,0.394));
#3133 = VECTOR('',#3134,1.);
#3134 = DIRECTION('',(0.,1.,0.));
#3135 = PLANE('',#3136);
#3136 = AXIS2_PLACEMENT_3D('',#3137,#3138,#3139);
#3137 = CARTESIAN_POINT('',(-4.051,1.664,0.394));
#3138 = DIRECTION('',(0.,0.,1.));
#3139 = DIRECTION('',(0.,1.,0.));
#3140 = ADVANCED_FACE('',(#3141),#3157,.T.);
#3141 = FACE_BOUND('',#3142,.T.);
#3142 = EDGE_LOOP('',(#3143,#3144,#3150,#3151));
#3143 = ORIENTED_EDGE('',*,*,#3058,.T.);
#3144 = ORIENTED_EDGE('',*,*,#3145,.F.);
#3145 = EDGE_CURVE('',#3099,#3051,#3146,.T.);
#3146 = LINE('',#3147,#3148);
#3147 = CARTESIAN_POINT('',(-3.493,2.146,5.1E-02));
#3148 = VECTOR('',#3149,1.);
#3149 = DIRECTION('',(0.,-1.,0.));
#3150 = ORIENTED_EDGE('',*,*,#3098,.T.);
#3151 = ORIENTED_EDGE('',*,*,#3152,.F.);
#3152 = EDGE_CURVE('',#3059,#3091,#3153,.T.);
#3153 = LINE('',#3154,#3155);
#3154 = CARTESIAN_POINT('',(-4.051,1.664,5.1E-02));
#3155 = VECTOR('',#3156,1.);
#3156 = DIRECTION('',(0.,1.,0.));
#3157 = PLANE('',#3158);
#3158 = AXIS2_PLACEMENT_3D('',#3159,#3160,#3161);
#3159 = CARTESIAN_POINT('',(-4.051,1.664,5.1E-02));
#3160 = DIRECTION('',(0.,0.,1.));
#3161 = DIRECTION('',(0.,1.,0.));
#3162 = ADVANCED_FACE('',(#3163),#3186,.T.);
#3163 = FACE_BOUND('',#3164,.T.);
#3164 = EDGE_LOOP('',(#3165,#3171,#3172,#3178,#3179,#3185));
#3165 = ORIENTED_EDGE('',*,*,#3166,.F.);
#3166 = EDGE_CURVE('',#3043,#3081,#3167,.T.);
#3167 = LINE('',#3168,#3169);
#3168 = CARTESIAN_POINT('',(-4.051,1.664,0.));
#3169 = VECTOR('',#3170,1.);
#3170 = DIRECTION('',(0.,1.,0.));
#3171 = ORIENTED_EDGE('',*,*,#3066,.T.);
#3172 = ORIENTED_EDGE('',*,*,#3173,.T.);
#3173 = EDGE_CURVE('',#3059,#3123,#3174,.T.);
#3174 = LINE('',#3175,#3176);
#3175 = CARTESIAN_POINT('',(-4.051,1.664,0.));
#3176 = VECTOR('',#3177,1.);
#3177 = DIRECTION('',(0.,0.,1.));
#3178 = ORIENTED_EDGE('',*,*,#3130,.T.);
#3179 = ORIENTED_EDGE('',*,*,#3180,.F.);
#3180 = EDGE_CURVE('',#3091,#3121,#3181,.T.);
#3181 = LINE('',#3182,#3183);
#3182 = CARTESIAN_POINT('',(-4.051,2.146,5.1E-02));
#3183 = VECTOR('',#3184,1.);
#3184 = DIRECTION('',(0.,0.,1.));
#3185 = ORIENTED_EDGE('',*,*,#3090,.T.);
#3186 = PLANE('',#3187);
#3187 = AXIS2_PLACEMENT_3D('',#3188,#3189,#3190);
#3188 = CARTESIAN_POINT('',(-4.051,2.146,0.));
#3189 = DIRECTION('',(-1.,0.,0.));
#3190 = DIRECTION('',(0.,0.,1.));
#3191 = ADVANCED_FACE('',(#3192),#3203,.T.);
#3192 = FACE_BOUND('',#3193,.T.);
#3193 = EDGE_LOOP('',(#3194,#3200,#3201,#3202));
#3194 = ORIENTED_EDGE('',*,*,#3195,.F.);
#3195 = EDGE_CURVE('',#3083,#3041,#3196,.T.);
#3196 = LINE('',#3197,#3198);
#3197 = CARTESIAN_POINT('',(-3.493,2.146,0.));
#3198 = VECTOR('',#3199,1.);
#3199 = DIRECTION('',(0.,-1.,0.));
#3200 = ORIENTED_EDGE('',*,*,#3106,.T.);
#3201 = ORIENTED_EDGE('',*,*,#3145,.T.);
#3202 = ORIENTED_EDGE('',*,*,#3050,.T.);
#3203 = PLANE('',#3204);
#3204 = AXIS2_PLACEMENT_3D('',#3205,#3206,#3207);
#3205 = CARTESIAN_POINT('',(-3.493,1.664,0.));
#3206 = DIRECTION('',(1.,0.,0.));
#3207 = DIRECTION('',(0.,0.,1.));
#3208 = ADVANCED_FACE('',(#3209),#3215,.T.);
#3209 = FACE_BOUND('',#3210,.T.);
#3210 = EDGE_LOOP('',(#3211,#3212,#3213,#3214));
#3211 = ORIENTED_EDGE('',*,*,#3152,.T.);
#3212 = ORIENTED_EDGE('',*,*,#3180,.T.);
#3213 = ORIENTED_EDGE('',*,*,#3120,.T.);
#3214 = ORIENTED_EDGE('',*,*,#3173,.F.);
#3215 = PLANE('',#3216);
#3216 = AXIS2_PLACEMENT_3D('',#3217,#3218,#3219);
#3217 = CARTESIAN_POINT('',(-4.051,1.664,5.1E-02));
#3218 = DIRECTION('',(1.,0.,0.));
#3219 = DIRECTION('',(0.,0.,1.));
#3220 = ADVANCED_FACE('',(#3221),#3227,.T.);
#3221 = FACE_BOUND('',#3222,.T.);
#3222 = EDGE_LOOP('',(#3223,#3224,#3225,#3226));
#3223 = ORIENTED_EDGE('',*,*,#3080,.T.);
#3224 = ORIENTED_EDGE('',*,*,#3195,.T.);
#3225 = ORIENTED_EDGE('',*,*,#3040,.T.);
#3226 = ORIENTED_EDGE('',*,*,#3166,.T.);
#3227 = PLANE('',#3228);
#3228 = AXIS2_PLACEMENT_3D('',#3229,#3230,#3231);
#3229 = CARTESIAN_POINT('',(-4.051,2.146,0.));
#3230 = DIRECTION('',(0.,0.,-1.));
#3231 = DIRECTION('',(0.,1.,0.));
#3232 = ( GEOMETRIC_REPRESENTATION_CONTEXT(3) 
GLOBAL_UNCERTAINTY_ASSIGNED_CONTEXT((#3236)) 
GLOBAL_UNIT_ASSIGNED_CONTEXT((#3233,#3234,#3235)) REPRESENTATION_CONTEXT
('Context #1','3D Context with UNIT and UNCERTAINTY') );
#3233 = ( LENGTH_UNIT() NAMED_UNIT(*) SI_UNIT(.MILLI.,.METRE.) );
#3234 = ( NAMED_UNIT(*) PLANE_ANGLE_UNIT() SI_UNIT($,.RADIAN.) );
#3235 = ( NAMED_UNIT(*) SI_UNIT($,.STERADIAN.) SOLID_ANGLE_UNIT() );
#3236 = UNCERTAINTY_MEASURE_WITH_UNIT(LENGTH_MEASURE(5.E-06),#3233,
  'distance_accuracy_value','confusion accuracy');
#3237 = CONTEXT_DEPENDENT_SHAPE_REPRESENTATION(#3238,#3240);
#3238 = ( REPRESENTATION_RELATIONSHIP('','',#1295,#1272) 
REPRESENTATION_RELATIONSHIP_WITH_TRANSFORMATION(#3239) 
SHAPE_REPRESENTATION_RELATIONSHIP() );
#3239 = ITEM_DEFINED_TRANSFORMATION('','',#11,#1273);
#3240 = PRODUCT_DEFINITION_SHAPE('Placement','Placement of an item',
  #3241);
#3241 = NEXT_ASSEMBLY_USAGE_OCCURRENCE('9','=>[0:1:1:9]','',#1267,#1290,
  $);
#3242 = PRODUCT_RELATED_PRODUCT_CATEGORY('part',$,(#1292));
#3243 = SHAPE_DEFINITION_REPRESENTATION(#3244,#3250);
#3244 = PRODUCT_DEFINITION_SHAPE('','',#3245);
#3245 = PRODUCT_DEFINITION('design','',#3246,#3249);
#3246 = PRODUCT_DEFINITION_FORMATION('','',#3247);
#3247 = PRODUCT('PW0020A','PW0020A','',(#3248));
#3248 = PRODUCT_CONTEXT('',#2,'mechanical');
#3249 = PRODUCT_DEFINITION_CONTEXT('part definition',#2,'design');
#3250 = SHAPE_REPRESENTATION('',(#11,#3251),#3255);
#3251 = AXIS2_PLACEMENT_3D('',#3252,#3253,#3254);
#3252 = CARTESIAN_POINT('',(0.,0.,0.));
#3253 = DIRECTION('',(0.,0.,1.));
#3254 = DIRECTION('',(1.,0.,-0.));
#3255 = ( GEOMETRIC_REPRESENTATION_CONTEXT(3) 
GLOBAL_UNCERTAINTY_ASSIGNED_CONTEXT((#3259)) 
GLOBAL_UNIT_ASSIGNED_CONTEXT((#3256,#3257,#3258)) REPRESENTATION_CONTEXT
('Context #1','3D Context with UNIT and UNCERTAINTY') );
#3256 = ( LENGTH_UNIT() NAMED_UNIT(*) SI_UNIT(.MILLI.,.METRE.) );
#3257 = ( NAMED_UNIT(*) PLANE_ANGLE_UNIT() SI_UNIT($,.RADIAN.) );
#3258 = ( NAMED_UNIT(*) SI_UNIT($,.STERADIAN.) SOLID_ANGLE_UNIT() );
#3259 = UNCERTAINTY_MEASURE_WITH_UNIT(LENGTH_MEASURE(1.E-06),#3256,
  'distance_accuracy_value','confusion accuracy');
#3260 = CONTEXT_DEPENDENT_SHAPE_REPRESENTATION(#3261,#3263);
#3261 = ( REPRESENTATION_RELATIONSHIP('','',#3250,#10) 
REPRESENTATION_RELATIONSHIP_WITH_TRANSFORMATION(#3262) 
SHAPE_REPRESENTATION_RELATIONSHIP() );
#3262 = ITEM_DEFINED_TRANSFORMATION('','',#11,#23);
#3263 = PRODUCT_DEFINITION_SHAPE('Placement','Placement of an item',
  #3264);
#3264 = NEXT_ASSEMBLY_USAGE_OCCURRENCE('34','U1','',#5,#3245,$);
#3265 = PRODUCT_RELATED_PRODUCT_CATEGORY('part',$,(#3247));
#3266 = SHAPE_DEFINITION_REPRESENTATION(#3267,#3273);
#3267 = PRODUCT_DEFINITION_SHAPE('','',#3268);
#3268 = PRODUCT_DEFINITION('design','',#3269,#3272);
#3269 = PRODUCT_DEFINITION_FORMATION('','',#3270);
#3270 = PRODUCT('PW0020A_ASM','PW0020A_ASM','',(#3271));
#3271 = PRODUCT_CONTEXT('',#2,'mechanical');
#3272 = PRODUCT_DEFINITION_CONTEXT('part definition',#2,'design');
#3273 = SHAPE_REPRESENTATION('',(#11,#3274,#3278,#3282,#3286,#3290,#3294
    ,#3298,#3302,#3306,#3310,#3314,#3318,#3322,#3326,#3330,#3334,#3338,
    #3342,#3346,#3350,#3354,#3358),#3362);
#3274 = AXIS2_PLACEMENT_3D('',#3275,#3276,#3277);
#3275 = CARTESIAN_POINT('',(0.,0.,0.68));
#3276 = DIRECTION('',(0.,-1.,0.));
#3277 = DIRECTION('',(1.,0.,0.));
#3278 = AXIS2_PLACEMENT_3D('',#3279,#3280,#3281);
#3279 = CARTESIAN_POINT('',(-2.575,2.925,0.25));
#3280 = DIRECTION('',(-1.,0.,0.));
#3281 = DIRECTION('',(0.,-1.,0.));
#3282 = AXIS2_PLACEMENT_3D('',#3283,#3284,#3285);
#3283 = CARTESIAN_POINT('',(-2.575,2.275,0.25));
#3284 = DIRECTION('',(-1.,0.,0.));
#3285 = DIRECTION('',(0.,-1.,0.));
#3286 = AXIS2_PLACEMENT_3D('',#3287,#3288,#3289);
#3287 = CARTESIAN_POINT('',(-2.575,1.625,0.25));
#3288 = DIRECTION('',(-1.,0.,0.));
#3289 = DIRECTION('',(0.,-1.,0.));
#3290 = AXIS2_PLACEMENT_3D('',#3291,#3292,#3293);
#3291 = CARTESIAN_POINT('',(-2.575,0.975,0.25));
#3292 = DIRECTION('',(-1.,0.,0.));
#3293 = DIRECTION('',(0.,-1.,0.));
#3294 = AXIS2_PLACEMENT_3D('',#3295,#3296,#3297);
#3295 = CARTESIAN_POINT('',(-2.575,0.325,0.25));
#3296 = DIRECTION('',(-1.,0.,0.));
#3297 = DIRECTION('',(0.,-1.,0.));
#3298 = AXIS2_PLACEMENT_3D('',#3299,#3300,#3301);
#3299 = CARTESIAN_POINT('',(-2.575,-0.325,0.25));
#3300 = DIRECTION('',(-1.,0.,0.));
#3301 = DIRECTION('',(0.,-1.,0.));
#3302 = AXIS2_PLACEMENT_3D('',#3303,#3304,#3305);
#3303 = CARTESIAN_POINT('',(-2.575,-0.975,0.25));
#3304 = DIRECTION('',(-1.,0.,0.));
#3305 = DIRECTION('',(0.,-1.,0.));
#3306 = AXIS2_PLACEMENT_3D('',#3307,#3308,#3309);
#3307 = CARTESIAN_POINT('',(-2.575,-1.625,0.25));
#3308 = DIRECTION('',(-1.,0.,0.));
#3309 = DIRECTION('',(0.,-1.,0.));
#3310 = AXIS2_PLACEMENT_3D('',#3311,#3312,#3313);
#3311 = CARTESIAN_POINT('',(-2.575,-2.275,0.25));
#3312 = DIRECTION('',(-1.,0.,0.));
#3313 = DIRECTION('',(0.,-1.,0.));
#3314 = AXIS2_PLACEMENT_3D('',#3315,#3316,#3317);
#3315 = CARTESIAN_POINT('',(-2.575,-2.925,0.25));
#3316 = DIRECTION('',(-1.,0.,0.));
#3317 = DIRECTION('',(0.,-1.,0.));
#3318 = AXIS2_PLACEMENT_3D('',#3319,#3320,#3321);
#3319 = CARTESIAN_POINT('',(2.575,-2.925,0.25));
#3320 = DIRECTION('',(1.,0.,0.));
#3321 = DIRECTION('',(0.,1.,0.));
#3322 = AXIS2_PLACEMENT_3D('',#3323,#3324,#3325);
#3323 = CARTESIAN_POINT('',(2.575,-2.275,0.25));
#3324 = DIRECTION('',(1.,0.,0.));
#3325 = DIRECTION('',(0.,1.,0.));
#3326 = AXIS2_PLACEMENT_3D('',#3327,#3328,#3329);
#3327 = CARTESIAN_POINT('',(2.575,-1.625,0.25));
#3328 = DIRECTION('',(1.,0.,0.));
#3329 = DIRECTION('',(0.,1.,0.));
#3330 = AXIS2_PLACEMENT_3D('',#3331,#3332,#3333);
#3331 = CARTESIAN_POINT('',(2.575,-0.975,0.25));
#3332 = DIRECTION('',(1.,0.,0.));
#3333 = DIRECTION('',(0.,1.,0.));
#3334 = AXIS2_PLACEMENT_3D('',#3335,#3336,#3337);
#3335 = CARTESIAN_POINT('',(2.575,-0.325,0.25));
#3336 = DIRECTION('',(1.,0.,0.));
#3337 = DIRECTION('',(0.,1.,0.));
#3338 = AXIS2_PLACEMENT_3D('',#3339,#3340,#3341);
#3339 = CARTESIAN_POINT('',(2.575,0.325,0.25));
#3340 = DIRECTION('',(1.,0.,0.));
#3341 = DIRECTION('',(0.,1.,0.));
#3342 = AXIS2_PLACEMENT_3D('',#3343,#3344,#3345);
#3343 = CARTESIAN_POINT('',(2.575,0.975,0.25));
#3344 = DIRECTION('',(1.,0.,0.));
#3345 = DIRECTION('',(0.,1.,0.));
#3346 = AXIS2_PLACEMENT_3D('',#3347,#3348,#3349);
#3347 = CARTESIAN_POINT('',(2.575,1.625,0.25));
#3348 = DIRECTION('',(1.,0.,0.));
#3349 = DIRECTION('',(0.,1.,0.));
#3350 = AXIS2_PLACEMENT_3D('',#3351,#3352,#3353);
#3351 = CARTESIAN_POINT('',(2.575,2.275,0.25));
#3352 = DIRECTION('',(1.,0.,0.));
#3353 = DIRECTION('',(0.,1.,0.));
#3354 = AXIS2_PLACEMENT_3D('',#3355,#3356,#3357);
#3355 = CARTESIAN_POINT('',(2.575,2.925,0.25));
#3356 = DIRECTION('',(1.,0.,0.));
#3357 = DIRECTION('',(0.,1.,0.));
#3358 = AXIS2_PLACEMENT_3D('',#3359,#3360,#3361);
#3359 = CARTESIAN_POINT('',(0.,0.,1.13));
#3360 = DIRECTION('',(0.,-1.,0.));
#3361 = DIRECTION('',(1.,0.,0.));
#3362 = ( GEOMETRIC_REPRESENTATION_CONTEXT(3) 
GLOBAL_UNCERTAINTY_ASSIGNED_CONTEXT((#3366)) 
GLOBAL_UNIT_ASSIGNED_CONTEXT((#3363,#3364,#3365)) REPRESENTATION_CONTEXT
('Context #1','3D Context with UNIT and UNCERTAINTY') );
#3363 = ( LENGTH_UNIT() NAMED_UNIT(*) SI_UNIT(.MILLI.,.METRE.) );
#3364 = ( NAMED_UNIT(*) PLANE_ANGLE_UNIT() SI_UNIT($,.RADIAN.) );
#3365 = ( NAMED_UNIT(*) SI_UNIT($,.STERADIAN.) SOLID_ANGLE_UNIT() );
#3366 = UNCERTAINTY_MEASURE_WITH_UNIT(LENGTH_MEASURE(1.E-06),#3363,
  'distance_accuracy_value','confusion accuracy');
#3367 = CONTEXT_DEPENDENT_SHAPE_REPRESENTATION(#3368,#3370);
#3368 = ( REPRESENTATION_RELATIONSHIP('','',#3273,#3250) 
REPRESENTATION_RELATIONSHIP_WITH_TRANSFORMATION(#3369) 
SHAPE_REPRESENTATION_RELATIONSHIP() );
#3369 = ITEM_DEFINED_TRANSFORMATION('','',#11,#3251);
#3370 = PRODUCT_DEFINITION_SHAPE('Placement','Placement of an item',
  #3371);
#3371 = NEXT_ASSEMBLY_USAGE_OCCURRENCE('33','=>[0:1:1:11]','',#3245,
  #3268,$);
#3372 = PRODUCT_RELATED_PRODUCT_CATEGORY('part',$,(#3270));
#3373 = SHAPE_DEFINITION_REPRESENTATION(#3374,#3380);
#3374 = PRODUCT_DEFINITION_SHAPE('','',#3375);
#3375 = PRODUCT_DEFINITION('design','',#3376,#3379);
#3376 = PRODUCT_DEFINITION_FORMATION('','',#3377);
#3377 = PRODUCT('BODY-TSSOP','BODY-TSSOP','',(#3378));
#3378 = PRODUCT_CONTEXT('',#2,'mechanical');
#3379 = PRODUCT_DEFINITION_CONTEXT('part definition',#2,'design');
#3380 = ADVANCED_BREP_SHAPE_REPRESENTATION('',(#11,#3381),#4663);
#3381 = MANIFOLD_SOLID_BREP('',#3382);
#3382 = CLOSED_SHELL('',(#3383,#3423,#3456,#3505,#3542,#3591,#3628,#3677
    ,#3701,#3726,#3751,#3768,#3797,#3861,#3892,#3959,#3983,#4032,#4056,
    #4097,#4122,#4148,#4181,#4206,#4238,#4262,#4287,#4328,#4359,#4382,
    #4404,#4425,#4437,#4460,#4492,#4524,#4542,#4552,#4563,#4574,#4586,
    #4603,#4617,#4634,#4652));
#3383 = ADVANCED_FACE('',(#3384),#3418,.F.);
#3384 = FACE_BOUND('',#3385,.F.);
#3385 = EDGE_LOOP('',(#3386,#3396,#3404,#3412));
#3386 = ORIENTED_EDGE('',*,*,#3387,.F.);
#3387 = EDGE_CURVE('',#3388,#3390,#3392,.T.);
#3388 = VERTEX_POINT('',#3389);
#3389 = CARTESIAN_POINT('',(-2.033998972012,-0.55,3.083998972012));
#3390 = VERTEX_POINT('',#3391);
#3391 = CARTESIAN_POINT('',(-2.033998972012,-0.55,-3.083998972012));
#3392 = LINE('',#3393,#3394);
#3393 = CARTESIAN_POINT('',(-2.033998972012,-0.55,3.083998972012));
#3394 = VECTOR('',#3395,1.);
#3395 = DIRECTION('',(0.,0.,-1.));
#3396 = ORIENTED_EDGE('',*,*,#3397,.F.);
#3397 = EDGE_CURVE('',#3398,#3388,#3400,.T.);
#3398 = VERTEX_POINT('',#3399);
#3399 = CARTESIAN_POINT('',(2.033998972012,-0.55,3.083998972012));
#3400 = LINE('',#3401,#3402);
#3401 = CARTESIAN_POINT('',(2.033998972012,-0.55,3.083998972012));
#3402 = VECTOR('',#3403,1.);
#3403 = DIRECTION('',(-1.,0.,0.));
#3404 = ORIENTED_EDGE('',*,*,#3405,.F.);
#3405 = EDGE_CURVE('',#3406,#3398,#3408,.T.);
#3406 = VERTEX_POINT('',#3407);
#3407 = CARTESIAN_POINT('',(2.033998972012,-0.55,-3.083998972012));
#3408 = LINE('',#3409,#3410);
#3409 = CARTESIAN_POINT('',(2.033998972012,-0.55,-3.083998972012));
#3410 = VECTOR('',#3411,1.);
#3411 = DIRECTION('',(0.,0.,1.));
#3412 = ORIENTED_EDGE('',*,*,#3413,.F.);
#3413 = EDGE_CURVE('',#3390,#3406,#3414,.T.);
#3414 = LINE('',#3415,#3416);
#3415 = CARTESIAN_POINT('',(-2.033998972012,-0.55,-3.083998972012));
#3416 = VECTOR('',#3417,1.);
#3417 = DIRECTION('',(1.,0.,0.));
#3418 = PLANE('',#3419);
#3419 = AXIS2_PLACEMENT_3D('',#3420,#3421,#3422);
#3420 = CARTESIAN_POINT('',(0.,-0.55,0.));
#3421 = DIRECTION('',(0.,1.,0.));
#3422 = DIRECTION('',(1.,0.,0.));
#3423 = ADVANCED_FACE('',(#3424),#3451,.T.);
#3424 = FACE_BOUND('',#3425,.T.);
#3425 = EDGE_LOOP('',(#3426,#3435,#3436,#3445));
#3426 = ORIENTED_EDGE('',*,*,#3427,.F.);
#3427 = EDGE_CURVE('',#3390,#3428,#3430,.T.);
#3428 = VERTEX_POINT('',#3429);
#3429 = CARTESIAN_POINT('',(-2.131813732086,-0.470791169082,
    -3.083998972012));
#3430 = CIRCLE('',#3431,0.1);
#3431 = AXIS2_PLACEMENT_3D('',#3432,#3433,#3434);
#3432 = CARTESIAN_POINT('',(-2.033998972012,-0.45,-3.083998972012));
#3433 = DIRECTION('',(0.,0.,-1.));
#3434 = DIRECTION('',(0.,-1.,0.));
#3435 = ORIENTED_EDGE('',*,*,#3387,.F.);
#3436 = ORIENTED_EDGE('',*,*,#3437,.F.);
#3437 = EDGE_CURVE('',#3438,#3388,#3440,.T.);
#3438 = VERTEX_POINT('',#3439);
#3439 = CARTESIAN_POINT('',(-2.131813732086,-0.470791169082,
    3.083998972012));
#3440 = CIRCLE('',#3441,0.1);
#3441 = AXIS2_PLACEMENT_3D('',#3442,#3443,#3444);
#3442 = CARTESIAN_POINT('',(-2.033998972012,-0.45,3.083998972012));
#3443 = DIRECTION('',(0.,0.,1.));
#3444 = DIRECTION('',(-0.978147600734,-0.207911690818,0.));
#3445 = ORIENTED_EDGE('',*,*,#3446,.T.);
#3446 = EDGE_CURVE('',#3438,#3428,#3447,.T.);
#3447 = LINE('',#3448,#3449);
#3448 = CARTESIAN_POINT('',(-2.131813732086,-0.470791169082,
    3.083998972012));
#3449 = VECTOR('',#3450,1.);
#3450 = DIRECTION('',(0.,0.,-1.));
#3451 = CYLINDRICAL_SURFACE('',#3452,0.1);
#3452 = AXIS2_PLACEMENT_3D('',#3453,#3454,#3455);
#3453 = CARTESIAN_POINT('',(-2.033998972012,-0.45,11.7234));
#3454 = DIRECTION('',(0.,0.,-1.));
#3455 = DIRECTION('',(0.,-1.,0.));
#3456 = ADVANCED_FACE('',(#3457),#3500,.T.);
#3457 = FACE_BOUND('',#3458,.F.);
#3458 = EDGE_LOOP('',(#3459,#3460,#3468,#3477,#3485,#3494));
#3459 = ORIENTED_EDGE('',*,*,#3446,.T.);
#3460 = ORIENTED_EDGE('',*,*,#3461,.F.);
#3461 = EDGE_CURVE('',#3462,#3428,#3464,.T.);
#3462 = VERTEX_POINT('',#3463);
#3463 = CARTESIAN_POINT('',(-2.199976628885,-0.150109952451,
    -3.152161868812));
#3464 = LINE('',#3465,#3466);
#3465 = CARTESIAN_POINT('',(-2.199976628885,-0.150109952451,
    -3.152161868812));
#3466 = VECTOR('',#3467,1.);
#3467 = DIRECTION('',(0.203558594953,-0.957667894858,0.203558594953));
#3468 = ORIENTED_EDGE('',*,*,#3469,.F.);
#3469 = EDGE_CURVE('',#3470,#3462,#3472,.T.);
#3470 = VERTEX_POINT('',#3471);
#3471 = CARTESIAN_POINT('',(-2.2,-0.15,-3.15));
#3472 = B_SPLINE_CURVE_WITH_KNOTS('',3,(#3473,#3474,#3475,#3476),
  .UNSPECIFIED.,.F.,.F.,(4,4),(0.,1.),.PIECEWISE_BEZIER_KNOTS.);
#3473 = CARTESIAN_POINT('',(-2.2,-0.15,-3.15));
#3474 = CARTESIAN_POINT('',(-2.2,-0.15,-3.1507225662));
#3475 = CARTESIAN_POINT('',(-2.199992169645,-0.150036838926,
    -3.151443179163));
#3476 = CARTESIAN_POINT('',(-2.199976628885,-0.150109952451,
    -3.152161868812));
#3477 = ORIENTED_EDGE('',*,*,#3478,.T.);
#3478 = EDGE_CURVE('',#3470,#3479,#3481,.T.);
#3479 = VERTEX_POINT('',#3480);
#3480 = CARTESIAN_POINT('',(-2.2,-0.15,3.15));
#3481 = LINE('',#3482,#3483);
#3482 = CARTESIAN_POINT('',(-2.2,-0.15,-3.15));
#3483 = VECTOR('',#3484,1.);
#3484 = DIRECTION('',(0.,0.,1.));
#3485 = ORIENTED_EDGE('',*,*,#3486,.F.);
#3486 = EDGE_CURVE('',#3487,#3479,#3489,.T.);
#3487 = VERTEX_POINT('',#3488);
#3488 = CARTESIAN_POINT('',(-2.199976628885,-0.150109952451,
    3.152161868812));
#3489 = B_SPLINE_CURVE_WITH_KNOTS('',3,(#3490,#3491,#3492,#3493),
  .UNSPECIFIED.,.F.,.F.,(4,4),(0.,1.),.PIECEWISE_BEZIER_KNOTS.);
#3490 = CARTESIAN_POINT('',(-2.199976628885,-0.150109952451,
    3.152161868812));
#3491 = CARTESIAN_POINT('',(-2.199992169645,-0.150036838926,
    3.151443179163));
#3492 = CARTESIAN_POINT('',(-2.2,-0.15,3.1507225662));
#3493 = CARTESIAN_POINT('',(-2.2,-0.15,3.15));
#3494 = ORIENTED_EDGE('',*,*,#3495,.T.);
#3495 = EDGE_CURVE('',#3487,#3438,#3496,.T.);
#3496 = LINE('',#3497,#3498);
#3497 = CARTESIAN_POINT('',(-2.199976628885,-0.150109952451,
    3.152161868812));
#3498 = VECTOR('',#3499,1.);
#3499 = DIRECTION('',(0.203558594953,-0.957667894858,-0.203558594953));
#3500 = PLANE('',#3501);
#3501 = AXIS2_PLACEMENT_3D('',#3502,#3503,#3504);
#3502 = CARTESIAN_POINT('',(-2.2,-0.15,-3.25));
#3503 = DIRECTION('',(-0.978147600734,-0.207911690818,0.));
#3504 = DIRECTION('',(0.,0.,1.));
#3505 = ADVANCED_FACE('',(#3506),#3537,.T.);
#3506 = FACE_BOUND('',#3507,.T.);
#3507 = EDGE_LOOP('',(#3508,#3517,#3518,#3531));
#3508 = ORIENTED_EDGE('',*,*,#3509,.F.);
#3509 = EDGE_CURVE('',#3428,#3510,#3512,.T.);
#3510 = VERTEX_POINT('',#3511);
#3511 = CARTESIAN_POINT('',(-2.033998972012,-0.470791169082,
    -3.181813732086));
#3512 = CIRCLE('',#3513,0.1);
#3513 = AXIS2_PLACEMENT_3D('',#3514,#3515,#3516);
#3514 = CARTESIAN_POINT('',(-2.033998972012,-0.45,-3.083998972012));
#3515 = DIRECTION('',(0.203558594953,-0.957667894858,0.203558594953));
#3516 = DIRECTION('',(-0.978147600734,-0.207911690818,
    -5.107025913276E-15));
#3517 = ORIENTED_EDGE('',*,*,#3461,.F.);
#3518 = ORIENTED_EDGE('',*,*,#3519,.T.);
#3519 = EDGE_CURVE('',#3462,#3520,#3522,.T.);
#3520 = VERTEX_POINT('',#3521);
#3521 = CARTESIAN_POINT('',(-2.102161868812,-0.150109952451,
    -3.249976628885));
#3522 = B_SPLINE_CURVE_WITH_KNOTS('',3,(#3523,#3524,#3525,#3526,#3527,
    #3528,#3529,#3530),.UNSPECIFIED.,.F.,.F.,(4,1,1,1,1,4),(0.,0.2,0.4,
    0.6,0.8,1.),.QUASI_UNIFORM_KNOTS.);
#3523 = CARTESIAN_POINT('',(-2.199976628885,-0.150109952451,
    -3.152161868812));
#3524 = CARTESIAN_POINT('',(-2.199756926055,-0.151143572999,
    -3.162322128377));
#3525 = CARTESIAN_POINT('',(-2.19619599532,-0.152880216475,
    -3.182584742378));
#3526 = CARTESIAN_POINT('',(-2.181941919426,-0.154251178082,
    -3.210023658365));
#3527 = CARTESIAN_POINT('',(-2.160023658365,-0.154251178082,
    -3.231941919426));
#3528 = CARTESIAN_POINT('',(-2.132584742378,-0.152880216475,
    -3.24619599532));
#3529 = CARTESIAN_POINT('',(-2.112322128377,-0.151143572999,
    -3.249756926055));
#3530 = CARTESIAN_POINT('',(-2.102161868812,-0.150109952451,
    -3.249976628885));
#3531 = ORIENTED_EDGE('',*,*,#3532,.T.);
#3532 = EDGE_CURVE('',#3520,#3510,#3533,.T.);
#3533 = LINE('',#3534,#3535);
#3534 = CARTESIAN_POINT('',(-2.102161868812,-0.150109952451,
    -3.249976628885));
#3535 = VECTOR('',#3536,1.);
#3536 = DIRECTION('',(0.203558594953,-0.957667894858,0.203558594953));
#3537 = CYLINDRICAL_SURFACE('',#3538,0.1);
#3538 = AXIS2_PLACEMENT_3D('',#3539,#3540,#3541);
#3539 = CARTESIAN_POINT('',(-2.502388611309,1.7536,-3.552388611309));
#3540 = DIRECTION('',(0.203558594953,-0.957667894858,0.203558594953));
#3541 = DIRECTION('',(-0.978147600734,-0.207911690818,
    -5.107025913276E-15));
#3542 = ADVANCED_FACE('',(#3543),#3586,.T.);
#3543 = FACE_BOUND('',#3544,.F.);
#3544 = EDGE_LOOP('',(#3545,#3555,#3564,#3572,#3579,#3580));
#3545 = ORIENTED_EDGE('',*,*,#3546,.F.);
#3546 = EDGE_CURVE('',#3547,#3549,#3551,.T.);
#3547 = VERTEX_POINT('',#3548);
#3548 = CARTESIAN_POINT('',(2.102161868812,-0.150109952451,
    -3.249976628885));
#3549 = VERTEX_POINT('',#3550);
#3550 = CARTESIAN_POINT('',(2.033998972012,-0.470791169082,
    -3.181813732086));
#3551 = LINE('',#3552,#3553);
#3552 = CARTESIAN_POINT('',(2.102161868812,-0.150109952451,
    -3.249976628885));
#3553 = VECTOR('',#3554,1.);
#3554 = DIRECTION('',(-0.203558594953,-0.957667894858,0.203558594953));
#3555 = ORIENTED_EDGE('',*,*,#3556,.F.);
#3556 = EDGE_CURVE('',#3557,#3547,#3559,.T.);
#3557 = VERTEX_POINT('',#3558);
#3558 = CARTESIAN_POINT('',(2.1,-0.15,-3.25));
#3559 = B_SPLINE_CURVE_WITH_KNOTS('',3,(#3560,#3561,#3562,#3563),
  .UNSPECIFIED.,.F.,.F.,(4,4),(0.,1.),.PIECEWISE_BEZIER_KNOTS.);
#3560 = CARTESIAN_POINT('',(2.1,-0.15,-3.25));
#3561 = CARTESIAN_POINT('',(2.1007225662,-0.15,-3.25));
#3562 = CARTESIAN_POINT('',(2.101443179163,-0.150036838926,
    -3.249992169645));
#3563 = CARTESIAN_POINT('',(2.102161868812,-0.150109952451,
    -3.249976628885));
#3564 = ORIENTED_EDGE('',*,*,#3565,.T.);
#3565 = EDGE_CURVE('',#3557,#3566,#3568,.T.);
#3566 = VERTEX_POINT('',#3567);
#3567 = CARTESIAN_POINT('',(-2.1,-0.15,-3.25));
#3568 = LINE('',#3569,#3570);
#3569 = CARTESIAN_POINT('',(2.1,-0.15,-3.25));
#3570 = VECTOR('',#3571,1.);
#3571 = DIRECTION('',(-1.,0.,0.));
#3572 = ORIENTED_EDGE('',*,*,#3573,.F.);
#3573 = EDGE_CURVE('',#3520,#3566,#3574,.T.);
#3574 = B_SPLINE_CURVE_WITH_KNOTS('',3,(#3575,#3576,#3577,#3578),
  .UNSPECIFIED.,.F.,.F.,(4,4),(0.,1.),.PIECEWISE_BEZIER_KNOTS.);
#3575 = CARTESIAN_POINT('',(-2.102161868812,-0.150109952451,
    -3.249976628885));
#3576 = CARTESIAN_POINT('',(-2.101443179163,-0.150036838926,
    -3.249992169645));
#3577 = CARTESIAN_POINT('',(-2.1007225662,-0.15,-3.25));
#3578 = CARTESIAN_POINT('',(-2.1,-0.15,-3.25));
#3579 = ORIENTED_EDGE('',*,*,#3532,.T.);
#3580 = ORIENTED_EDGE('',*,*,#3581,.T.);
#3581 = EDGE_CURVE('',#3510,#3549,#3582,.T.);
#3582 = LINE('',#3583,#3584);
#3583 = CARTESIAN_POINT('',(-2.033998972012,-0.470791169082,
    -3.181813732086));
#3584 = VECTOR('',#3585,1.);
#3585 = DIRECTION('',(1.,0.,0.));
#3586 = PLANE('',#3587);
#3587 = AXIS2_PLACEMENT_3D('',#3588,#3589,#3590);
#3588 = CARTESIAN_POINT('',(2.2,-0.15,-3.25));
#3589 = DIRECTION('',(0.,-0.207911690818,-0.978147600734));
#3590 = DIRECTION('',(-1.,-0.,0.));
#3591 = ADVANCED_FACE('',(#3592),#3623,.T.);
#3592 = FACE_BOUND('',#3593,.T.);
#3593 = EDGE_LOOP('',(#3594,#3603,#3604,#3617));
#3594 = ORIENTED_EDGE('',*,*,#3595,.F.);
#3595 = EDGE_CURVE('',#3549,#3596,#3598,.T.);
#3596 = VERTEX_POINT('',#3597);
#3597 = CARTESIAN_POINT('',(2.131813732086,-0.470791169082,
    -3.083998972012));
#3598 = CIRCLE('',#3599,0.1);
#3599 = AXIS2_PLACEMENT_3D('',#3600,#3601,#3602);
#3600 = CARTESIAN_POINT('',(2.033998972012,-0.45,-3.083998972012));
#3601 = DIRECTION('',(-0.203558594953,-0.957667894858,0.203558594953));
#3602 = DIRECTION('',(5.107025913276E-15,-0.207911690818,-0.978147600734
    ));
#3603 = ORIENTED_EDGE('',*,*,#3546,.F.);
#3604 = ORIENTED_EDGE('',*,*,#3605,.T.);
#3605 = EDGE_CURVE('',#3547,#3606,#3608,.T.);
#3606 = VERTEX_POINT('',#3607);
#3607 = CARTESIAN_POINT('',(2.199976628885,-0.150109952451,
    -3.152161868812));
#3608 = B_SPLINE_CURVE_WITH_KNOTS('',3,(#3609,#3610,#3611,#3612,#3613,
    #3614,#3615,#3616),.UNSPECIFIED.,.F.,.F.,(4,1,1,1,1,4),(0.,0.2,0.4,
    0.6,0.8,1.),.QUASI_UNIFORM_KNOTS.);
#3609 = CARTESIAN_POINT('',(2.102161868812,-0.150109952451,
    -3.249976628885));
#3610 = CARTESIAN_POINT('',(2.112322128377,-0.151143572998,
    -3.249756926055));
#3611 = CARTESIAN_POINT('',(2.132584742378,-0.152880216475,
    -3.24619599532));
#3612 = CARTESIAN_POINT('',(2.160023658365,-0.154251178082,
    -3.231941919426));
#3613 = CARTESIAN_POINT('',(2.181941919426,-0.154251178082,
    -3.210023658365));
#3614 = CARTESIAN_POINT('',(2.19619599532,-0.152880216475,
    -3.182584742378));
#3615 = CARTESIAN_POINT('',(2.199756926055,-0.151143572999,
    -3.162322128377));
#3616 = CARTESIAN_POINT('',(2.199976628885,-0.150109952451,
    -3.152161868812));
#3617 = ORIENTED_EDGE('',*,*,#3618,.T.);
#3618 = EDGE_CURVE('',#3606,#3596,#3619,.T.);
#3619 = LINE('',#3620,#3621);
#3620 = CARTESIAN_POINT('',(2.199976628885,-0.150109952451,
    -3.152161868812));
#3621 = VECTOR('',#3622,1.);
#3622 = DIRECTION('',(-0.203558594953,-0.957667894858,0.203558594953));
#3623 = CYLINDRICAL_SURFACE('',#3624,0.1);
#3624 = AXIS2_PLACEMENT_3D('',#3625,#3626,#3627);
#3625 = CARTESIAN_POINT('',(2.502388611309,1.7536,-3.552388611309));
#3626 = DIRECTION('',(-0.203558594953,-0.957667894858,0.203558594953));
#3627 = DIRECTION('',(5.107025913276E-15,-0.207911690818,-0.978147600734
    ));
#3628 = ADVANCED_FACE('',(#3629),#3672,.T.);
#3629 = FACE_BOUND('',#3630,.F.);
#3630 = EDGE_LOOP('',(#3631,#3632,#3640,#3648,#3657,#3665));
#3631 = ORIENTED_EDGE('',*,*,#3618,.T.);
#3632 = ORIENTED_EDGE('',*,*,#3633,.T.);
#3633 = EDGE_CURVE('',#3596,#3634,#3636,.T.);
#3634 = VERTEX_POINT('',#3635);
#3635 = CARTESIAN_POINT('',(2.131813732086,-0.470791169082,
    3.083998972012));
#3636 = LINE('',#3637,#3638);
#3637 = CARTESIAN_POINT('',(2.131813732086,-0.470791169082,
    -3.083998972012));
#3638 = VECTOR('',#3639,1.);
#3639 = DIRECTION('',(0.,0.,1.));
#3640 = ORIENTED_EDGE('',*,*,#3641,.F.);
#3641 = EDGE_CURVE('',#3642,#3634,#3644,.T.);
#3642 = VERTEX_POINT('',#3643);
#3643 = CARTESIAN_POINT('',(2.199976628885,-0.150109952451,
    3.152161868812));
#3644 = LINE('',#3645,#3646);
#3645 = CARTESIAN_POINT('',(2.199976628885,-0.150109952451,
    3.152161868812));
#3646 = VECTOR('',#3647,1.);
#3647 = DIRECTION('',(-0.203558594953,-0.957667894858,-0.203558594953));
#3648 = ORIENTED_EDGE('',*,*,#3649,.F.);
#3649 = EDGE_CURVE('',#3650,#3642,#3652,.T.);
#3650 = VERTEX_POINT('',#3651);
#3651 = CARTESIAN_POINT('',(2.2,-0.15,3.15));
#3652 = B_SPLINE_CURVE_WITH_KNOTS('',3,(#3653,#3654,#3655,#3656),
  .UNSPECIFIED.,.F.,.F.,(4,4),(0.,1.),.PIECEWISE_BEZIER_KNOTS.);
#3653 = CARTESIAN_POINT('',(2.2,-0.15,3.15));
#3654 = CARTESIAN_POINT('',(2.2,-0.15,3.1507225662));
#3655 = CARTESIAN_POINT('',(2.199992169645,-0.150036838926,
    3.151443179163));
#3656 = CARTESIAN_POINT('',(2.199976628885,-0.150109952451,
    3.152161868812));
#3657 = ORIENTED_EDGE('',*,*,#3658,.T.);
#3658 = EDGE_CURVE('',#3650,#3659,#3661,.T.);
#3659 = VERTEX_POINT('',#3660);
#3660 = CARTESIAN_POINT('',(2.2,-0.15,-3.15));
#3661 = LINE('',#3662,#3663);
#3662 = CARTESIAN_POINT('',(2.2,-0.15,3.15));
#3663 = VECTOR('',#3664,1.);
#3664 = DIRECTION('',(0.,0.,-1.));
#3665 = ORIENTED_EDGE('',*,*,#3666,.F.);
#3666 = EDGE_CURVE('',#3606,#3659,#3667,.T.);
#3667 = B_SPLINE_CURVE_WITH_KNOTS('',3,(#3668,#3669,#3670,#3671),
  .UNSPECIFIED.,.F.,.F.,(4,4),(0.,1.),.PIECEWISE_BEZIER_KNOTS.);
#3668 = CARTESIAN_POINT('',(2.199976628885,-0.150109952451,
    -3.152161868812));
#3669 = CARTESIAN_POINT('',(2.199992169645,-0.150036838926,
    -3.151443179163));
#3670 = CARTESIAN_POINT('',(2.2,-0.15,-3.1507225662));
#3671 = CARTESIAN_POINT('',(2.2,-0.15,-3.15));
#3672 = PLANE('',#3673);
#3673 = AXIS2_PLACEMENT_3D('',#3674,#3675,#3676);
#3674 = CARTESIAN_POINT('',(2.2,-0.15,3.25));
#3675 = DIRECTION('',(0.978147600734,-0.207911690818,0.));
#3676 = DIRECTION('',(0.,0.,-1.));
#3677 = ADVANCED_FACE('',(#3678),#3696,.T.);
#3678 = FACE_BOUND('',#3679,.T.);
#3679 = EDGE_LOOP('',(#3680,#3687,#3688,#3695));
#3680 = ORIENTED_EDGE('',*,*,#3681,.F.);
#3681 = EDGE_CURVE('',#3596,#3406,#3682,.T.);
#3682 = CIRCLE('',#3683,0.1);
#3683 = AXIS2_PLACEMENT_3D('',#3684,#3685,#3686);
#3684 = CARTESIAN_POINT('',(2.033998972012,-0.45,-3.083998972012));
#3685 = DIRECTION('',(0.,0.,-1.));
#3686 = DIRECTION('',(0.978147600734,-0.207911690818,0.));
#3687 = ORIENTED_EDGE('',*,*,#3633,.T.);
#3688 = ORIENTED_EDGE('',*,*,#3689,.F.);
#3689 = EDGE_CURVE('',#3398,#3634,#3690,.T.);
#3690 = CIRCLE('',#3691,0.1);
#3691 = AXIS2_PLACEMENT_3D('',#3692,#3693,#3694);
#3692 = CARTESIAN_POINT('',(2.033998972012,-0.45,3.083998972012));
#3693 = DIRECTION('',(0.,0.,1.));
#3694 = DIRECTION('',(0.,-1.,0.));
#3695 = ORIENTED_EDGE('',*,*,#3405,.F.);
#3696 = CYLINDRICAL_SURFACE('',#3697,0.1);
#3697 = AXIS2_PLACEMENT_3D('',#3698,#3699,#3700);
#3698 = CARTESIAN_POINT('',(2.033998972012,-0.45,-11.7234));
#3699 = DIRECTION('',(0.,0.,1.));
#3700 = DIRECTION('',(0.,-1.,0.));
#3701 = ADVANCED_FACE('',(#3702),#3721,.T.);
#3702 = FACE_BOUND('',#3703,.T.);
#3703 = EDGE_LOOP('',(#3704,#3705,#3714));
#3704 = ORIENTED_EDGE('',*,*,#3689,.T.);
#3705 = ORIENTED_EDGE('',*,*,#3706,.T.);
#3706 = EDGE_CURVE('',#3634,#3707,#3709,.T.);
#3707 = VERTEX_POINT('',#3708);
#3708 = CARTESIAN_POINT('',(2.033998972012,-0.470791169082,
    3.181813732086));
#3709 = CIRCLE('',#3710,0.1);
#3710 = AXIS2_PLACEMENT_3D('',#3711,#3712,#3713);
#3711 = CARTESIAN_POINT('',(2.033998972012,-0.45,3.083998972012));
#3712 = DIRECTION('',(-0.203558594953,-0.957667894858,-0.203558594953));
#3713 = DIRECTION('',(0.978147600734,-0.207911690818,5.107025913276E-15)
  );
#3714 = ORIENTED_EDGE('',*,*,#3715,.T.);
#3715 = EDGE_CURVE('',#3707,#3398,#3716,.T.);
#3716 = CIRCLE('',#3717,0.1);
#3717 = AXIS2_PLACEMENT_3D('',#3718,#3719,#3720);
#3718 = CARTESIAN_POINT('',(2.033998972012,-0.45,3.083998972012));
#3719 = DIRECTION('',(1.,0.,0.));
#3720 = DIRECTION('',(0.,-0.207911690818,0.978147600734));
#3721 = SPHERICAL_SURFACE('',#3722,0.1);
#3722 = AXIS2_PLACEMENT_3D('',#3723,#3724,#3725);
#3723 = CARTESIAN_POINT('',(2.033998972012,-0.45,3.083998972012));
#3724 = DIRECTION('',(0.707106781187,0.,-0.707106781187));
#3725 = DIRECTION('',(0.677173462579,-0.28787532572,0.677173462579));
#3726 = ADVANCED_FACE('',(#3727),#3746,.T.);
#3727 = FACE_BOUND('',#3728,.T.);
#3728 = EDGE_LOOP('',(#3729,#3730,#3738,#3745));
#3729 = ORIENTED_EDGE('',*,*,#3715,.F.);
#3730 = ORIENTED_EDGE('',*,*,#3731,.T.);
#3731 = EDGE_CURVE('',#3707,#3732,#3734,.T.);
#3732 = VERTEX_POINT('',#3733);
#3733 = CARTESIAN_POINT('',(-2.033998972012,-0.470791169082,
    3.181813732086));
#3734 = LINE('',#3735,#3736);
#3735 = CARTESIAN_POINT('',(2.033998972012,-0.470791169082,
    3.181813732086));
#3736 = VECTOR('',#3737,1.);
#3737 = DIRECTION('',(-1.,0.,0.));
#3738 = ORIENTED_EDGE('',*,*,#3739,.F.);
#3739 = EDGE_CURVE('',#3388,#3732,#3740,.T.);
#3740 = CIRCLE('',#3741,0.1);
#3741 = AXIS2_PLACEMENT_3D('',#3742,#3743,#3744);
#3742 = CARTESIAN_POINT('',(-2.033998972012,-0.45,3.083998972012));
#3743 = DIRECTION('',(-1.,0.,0.));
#3744 = DIRECTION('',(0.,-1.,0.));
#3745 = ORIENTED_EDGE('',*,*,#3397,.F.);
#3746 = CYLINDRICAL_SURFACE('',#3747,0.1);
#3747 = AXIS2_PLACEMENT_3D('',#3748,#3749,#3750);
#3748 = CARTESIAN_POINT('',(7.93584,-0.45,3.083998972012));
#3749 = DIRECTION('',(-1.,0.,0.));
#3750 = DIRECTION('',(0.,-1.,0.));
#3751 = ADVANCED_FACE('',(#3752),#3763,.T.);
#3752 = FACE_BOUND('',#3753,.T.);
#3753 = EDGE_LOOP('',(#3754,#3761,#3762));
#3754 = ORIENTED_EDGE('',*,*,#3755,.T.);
#3755 = EDGE_CURVE('',#3732,#3438,#3756,.T.);
#3756 = CIRCLE('',#3757,0.1);
#3757 = AXIS2_PLACEMENT_3D('',#3758,#3759,#3760);
#3758 = CARTESIAN_POINT('',(-2.033998972012,-0.45,3.083998972012));
#3759 = DIRECTION('',(0.203558594953,-0.957667894858,-0.203558594953));
#3760 = DIRECTION('',(-5.107025913276E-15,-0.207911690818,0.978147600734
    ));
#3761 = ORIENTED_EDGE('',*,*,#3437,.T.);
#3762 = ORIENTED_EDGE('',*,*,#3739,.T.);
#3763 = SPHERICAL_SURFACE('',#3764,0.1);
#3764 = AXIS2_PLACEMENT_3D('',#3765,#3766,#3767);
#3765 = CARTESIAN_POINT('',(-2.033998972012,-0.45,3.083998972012));
#3766 = DIRECTION('',(0.707106781187,0.,0.707106781187));
#3767 = DIRECTION('',(-0.677173462579,-0.28787532572,0.677173462579));
#3768 = ADVANCED_FACE('',(#3769),#3792,.T.);
#3769 = FACE_BOUND('',#3770,.T.);
#3770 = EDGE_LOOP('',(#3771,#3772,#3780,#3791));
#3771 = ORIENTED_EDGE('',*,*,#3755,.F.);
#3772 = ORIENTED_EDGE('',*,*,#3773,.F.);
#3773 = EDGE_CURVE('',#3774,#3732,#3776,.T.);
#3774 = VERTEX_POINT('',#3775);
#3775 = CARTESIAN_POINT('',(-2.102161868812,-0.150109952451,
    3.249976628885));
#3776 = LINE('',#3777,#3778);
#3777 = CARTESIAN_POINT('',(-2.102161868812,-0.150109952451,
    3.249976628885));
#3778 = VECTOR('',#3779,1.);
#3779 = DIRECTION('',(0.203558594953,-0.957667894858,-0.203558594953));
#3780 = ORIENTED_EDGE('',*,*,#3781,.T.);
#3781 = EDGE_CURVE('',#3774,#3487,#3782,.T.);
#3782 = B_SPLINE_CURVE_WITH_KNOTS('',3,(#3783,#3784,#3785,#3786,#3787,
    #3788,#3789,#3790),.UNSPECIFIED.,.F.,.F.,(4,1,1,1,1,4),(0.,0.2,0.4,
    0.6,0.8,1.),.QUASI_UNIFORM_KNOTS.);
#3783 = CARTESIAN_POINT('',(-2.102161868812,-0.150109952451,
    3.249976628885));
#3784 = CARTESIAN_POINT('',(-2.112322128377,-0.151143572998,
    3.249756926055));
#3785 = CARTESIAN_POINT('',(-2.132584742378,-0.152880216475,
    3.24619599532));
#3786 = CARTESIAN_POINT('',(-2.160023658365,-0.154251178082,
    3.231941919426));
#3787 = CARTESIAN_POINT('',(-2.181941919426,-0.154251178082,
    3.210023658365));
#3788 = CARTESIAN_POINT('',(-2.19619599532,-0.152880216475,
    3.182584742378));
#3789 = CARTESIAN_POINT('',(-2.199756926055,-0.151143572999,
    3.162322128377));
#3790 = CARTESIAN_POINT('',(-2.199976628885,-0.150109952451,
    3.152161868812));
#3791 = ORIENTED_EDGE('',*,*,#3495,.T.);
#3792 = CYLINDRICAL_SURFACE('',#3793,0.1);
#3793 = AXIS2_PLACEMENT_3D('',#3794,#3795,#3796);
#3794 = CARTESIAN_POINT('',(-2.502388611309,1.7536,3.552388611309));
#3795 = DIRECTION('',(0.203558594953,-0.957667894858,-0.203558594953));
#3796 = DIRECTION('',(-5.107025913276E-15,-0.207911690818,0.978147600734
    ));
#3797 = ADVANCED_FACE('',(#3798),#3856,.T.);
#3798 = FACE_BOUND('',#3799,.T.);
#3799 = EDGE_LOOP('',(#3800,#3811,#3824,#3833,#3839,#3840,#3841,#3850));
#3800 = ORIENTED_EDGE('',*,*,#3801,.F.);
#3801 = EDGE_CURVE('',#3802,#3804,#3806,.T.);
#3802 = VERTEX_POINT('',#3803);
#3803 = CARTESIAN_POINT('',(-2.102161868812,1.099524505766E-04,
    3.249976628885));
#3804 = VERTEX_POINT('',#3805);
#3805 = CARTESIAN_POINT('',(-2.1,0.,3.25));
#3806 = B_SPLINE_CURVE_WITH_KNOTS('',3,(#3807,#3808,#3809,#3810),
  .UNSPECIFIED.,.F.,.F.,(4,4),(0.,1.),.PIECEWISE_BEZIER_KNOTS.);
#3807 = CARTESIAN_POINT('',(-2.102161868812,1.099524505768E-04,
    3.249976628885));
#3808 = CARTESIAN_POINT('',(-2.101443179163,3.68389259364E-05,
    3.249992169645));
#3809 = CARTESIAN_POINT('',(-2.1007225662,0.,3.25));
#3810 = CARTESIAN_POINT('',(-2.1,0.,3.25));
#3811 = ORIENTED_EDGE('',*,*,#3812,.F.);
#3812 = EDGE_CURVE('',#3813,#3802,#3815,.T.);
#3813 = VERTEX_POINT('',#3814);
#3814 = CARTESIAN_POINT('',(-2.199976628885,1.099524505775E-04,
    3.152161868812));
#3815 = B_SPLINE_CURVE_WITH_KNOTS('',3,(#3816,#3817,#3818,#3819,#3820,
    #3821,#3822,#3823),.UNSPECIFIED.,.F.,.F.,(4,1,1,1,1,4),(0.,0.2,0.4,
    0.6,0.8,1.),.QUASI_UNIFORM_KNOTS.);
#3816 = CARTESIAN_POINT('',(-2.199976628885,1.099524505775E-04,
    3.152161868812));
#3817 = CARTESIAN_POINT('',(-2.199756926055,1.14357299845E-03,
    3.162322128377));
#3818 = CARTESIAN_POINT('',(-2.19619599532,2.880216475046E-03,
    3.182584742378));
#3819 = CARTESIAN_POINT('',(-2.181941919426,4.251178082523E-03,
    3.210023658365));
#3820 = CARTESIAN_POINT('',(-2.160023658365,4.251178082524E-03,
    3.231941919426));
#3821 = CARTESIAN_POINT('',(-2.132584742378,2.880216475044E-03,
    3.24619599532));
#3822 = CARTESIAN_POINT('',(-2.112322128377,1.14357299845E-03,
    3.249756926055));
#3823 = CARTESIAN_POINT('',(-2.102161868812,1.099524505766E-04,
    3.249976628885));
#3824 = ORIENTED_EDGE('',*,*,#3825,.F.);
#3825 = EDGE_CURVE('',#3826,#3813,#3828,.T.);
#3826 = VERTEX_POINT('',#3827);
#3827 = CARTESIAN_POINT('',(-2.2,0.,3.15));
#3828 = B_SPLINE_CURVE_WITH_KNOTS('',3,(#3829,#3830,#3831,#3832),
  .UNSPECIFIED.,.F.,.F.,(4,4),(0.,1.),.PIECEWISE_BEZIER_KNOTS.);
#3829 = CARTESIAN_POINT('',(-2.2,0.,3.15));
#3830 = CARTESIAN_POINT('',(-2.2,0.,3.1507225662));
#3831 = CARTESIAN_POINT('',(-2.199992169645,3.683892593637E-05,
    3.151443179163));
#3832 = CARTESIAN_POINT('',(-2.199976628885,1.099524505768E-04,
    3.152161868812));
#3833 = ORIENTED_EDGE('',*,*,#3834,.T.);
#3834 = EDGE_CURVE('',#3826,#3479,#3835,.T.);
#3835 = LINE('',#3836,#3837);
#3836 = CARTESIAN_POINT('',(-2.2,0.,3.15));
#3837 = VECTOR('',#3838,1.);
#3838 = DIRECTION('',(0.,-1.,0.));
#3839 = ORIENTED_EDGE('',*,*,#3486,.F.);
#3840 = ORIENTED_EDGE('',*,*,#3781,.F.);
#3841 = ORIENTED_EDGE('',*,*,#3842,.F.);
#3842 = EDGE_CURVE('',#3843,#3774,#3845,.T.);
#3843 = VERTEX_POINT('',#3844);
#3844 = CARTESIAN_POINT('',(-2.1,-0.15,3.25));
#3845 = B_SPLINE_CURVE_WITH_KNOTS('',3,(#3846,#3847,#3848,#3849),
  .UNSPECIFIED.,.F.,.F.,(4,4),(0.,1.),.PIECEWISE_BEZIER_KNOTS.);
#3846 = CARTESIAN_POINT('',(-2.1,-0.15,3.25));
#3847 = CARTESIAN_POINT('',(-2.1007225662,-0.15,3.25));
#3848 = CARTESIAN_POINT('',(-2.101443179163,-0.150036838926,
    3.249992169645));
#3849 = CARTESIAN_POINT('',(-2.102161868812,-0.150109952451,
    3.249976628885));
#3850 = ORIENTED_EDGE('',*,*,#3851,.F.);
#3851 = EDGE_CURVE('',#3804,#3843,#3852,.T.);
#3852 = LINE('',#3853,#3854);
#3853 = CARTESIAN_POINT('',(-2.1,0.,3.25));
#3854 = VECTOR('',#3855,1.);
#3855 = DIRECTION('',(0.,-1.,0.));
#3856 = CYLINDRICAL_SURFACE('',#3857,0.1);
#3857 = AXIS2_PLACEMENT_3D('',#3858,#3859,#3860);
#3858 = CARTESIAN_POINT('',(-2.1,1.7536,3.15));
#3859 = DIRECTION('',(0.,-1.,0.));
#3860 = DIRECTION('',(0.,0.,1.));
#3861 = ADVANCED_FACE('',(#3862),#3887,.T.);
#3862 = FACE_BOUND('',#3863,.F.);
#3863 = EDGE_LOOP('',(#3864,#3874,#3880,#3881));
#3864 = ORIENTED_EDGE('',*,*,#3865,.T.);
#3865 = EDGE_CURVE('',#3866,#3868,#3870,.T.);
#3866 = VERTEX_POINT('',#3867);
#3867 = CARTESIAN_POINT('',(2.1,0.,3.25));
#3868 = VERTEX_POINT('',#3869);
#3869 = CARTESIAN_POINT('',(2.1,-0.15,3.25));
#3870 = LINE('',#3871,#3872);
#3871 = CARTESIAN_POINT('',(2.1,0.,3.25));
#3872 = VECTOR('',#3873,1.);
#3873 = DIRECTION('',(0.,-1.,0.));
#3874 = ORIENTED_EDGE('',*,*,#3875,.F.);
#3875 = EDGE_CURVE('',#3843,#3868,#3876,.T.);
#3876 = LINE('',#3877,#3878);
#3877 = CARTESIAN_POINT('',(-2.1,-0.15,3.25));
#3878 = VECTOR('',#3879,1.);
#3879 = DIRECTION('',(1.,0.,0.));
#3880 = ORIENTED_EDGE('',*,*,#3851,.F.);
#3881 = ORIENTED_EDGE('',*,*,#3882,.T.);
#3882 = EDGE_CURVE('',#3804,#3866,#3883,.T.);
#3883 = LINE('',#3884,#3885);
#3884 = CARTESIAN_POINT('',(-2.1,0.,3.25));
#3885 = VECTOR('',#3886,1.);
#3886 = DIRECTION('',(1.,0.,0.));
#3887 = PLANE('',#3888);
#3888 = AXIS2_PLACEMENT_3D('',#3889,#3890,#3891);
#3889 = CARTESIAN_POINT('',(-2.2,-0.55,3.25));
#3890 = DIRECTION('',(0.,0.,1.));
#3891 = DIRECTION('',(1.,0.,-0.));
#3892 = ADVANCED_FACE('',(#3893),#3954,.T.);
#3893 = FACE_BOUND('',#3894,.T.);
#3894 = EDGE_LOOP('',(#3895,#3906,#3919,#3926,#3927,#3936,#3947,#3948));
#3895 = ORIENTED_EDGE('',*,*,#3896,.F.);
#3896 = EDGE_CURVE('',#3897,#3899,#3901,.T.);
#3897 = VERTEX_POINT('',#3898);
#3898 = CARTESIAN_POINT('',(2.199976628885,1.099524505768E-04,
    3.152161868812));
#3899 = VERTEX_POINT('',#3900);
#3900 = CARTESIAN_POINT('',(2.2,0.,3.15));
#3901 = B_SPLINE_CURVE_WITH_KNOTS('',3,(#3902,#3903,#3904,#3905),
  .UNSPECIFIED.,.F.,.F.,(4,4),(0.,1.),.PIECEWISE_BEZIER_KNOTS.);
#3902 = CARTESIAN_POINT('',(2.199976628885,1.099524505768E-04,
    3.152161868812));
#3903 = CARTESIAN_POINT('',(2.199992169645,3.683892593636E-05,
    3.151443179163));
#3904 = CARTESIAN_POINT('',(2.2,0.,3.1507225662));
#3905 = CARTESIAN_POINT('',(2.2,0.,3.15));
#3906 = ORIENTED_EDGE('',*,*,#3907,.F.);
#3907 = EDGE_CURVE('',#3908,#3897,#3910,.T.);
#3908 = VERTEX_POINT('',#3909);
#3909 = CARTESIAN_POINT('',(2.102161868812,1.099524505768E-04,
    3.249976628885));
#3910 = B_SPLINE_CURVE_WITH_KNOTS('',3,(#3911,#3912,#3913,#3914,#3915,
    #3916,#3917,#3918),.UNSPECIFIED.,.F.,.F.,(4,1,1,1,1,4),(0.,0.2,0.4,
    0.6,0.8,1.),.QUASI_UNIFORM_KNOTS.);
#3911 = CARTESIAN_POINT('',(2.102161868812,1.099524505768E-04,
    3.249976628885));
#3912 = CARTESIAN_POINT('',(2.112322128377,1.14357299845E-03,
    3.249756926055));
#3913 = CARTESIAN_POINT('',(2.132584742378,2.880216475046E-03,
    3.24619599532));
#3914 = CARTESIAN_POINT('',(2.160023658365,4.251178082522E-03,
    3.231941919426));
#3915 = CARTESIAN_POINT('',(2.181941919426,4.251178082524E-03,
    3.210023658365));
#3916 = CARTESIAN_POINT('',(2.19619599532,2.880216475046E-03,
    3.182584742378));
#3917 = CARTESIAN_POINT('',(2.199756926055,1.143572998451E-03,
    3.162322128377));
#3918 = CARTESIAN_POINT('',(2.199976628885,1.099524505781E-04,
    3.152161868812));
#3919 = ORIENTED_EDGE('',*,*,#3920,.F.);
#3920 = EDGE_CURVE('',#3866,#3908,#3921,.T.);
#3921 = B_SPLINE_CURVE_WITH_KNOTS('',3,(#3922,#3923,#3924,#3925),
  .UNSPECIFIED.,.F.,.F.,(4,4),(0.,1.),.PIECEWISE_BEZIER_KNOTS.);
#3922 = CARTESIAN_POINT('',(2.1,0.,3.25));
#3923 = CARTESIAN_POINT('',(2.1007225662,0.,3.25));
#3924 = CARTESIAN_POINT('',(2.101443179163,3.68389259364E-05,
    3.249992169645));
#3925 = CARTESIAN_POINT('',(2.102161868812,1.099524505768E-04,
    3.249976628885));
#3926 = ORIENTED_EDGE('',*,*,#3865,.T.);
#3927 = ORIENTED_EDGE('',*,*,#3928,.F.);
#3928 = EDGE_CURVE('',#3929,#3868,#3931,.T.);
#3929 = VERTEX_POINT('',#3930);
#3930 = CARTESIAN_POINT('',(2.102161868812,-0.150109952451,
    3.249976628885));
#3931 = B_SPLINE_CURVE_WITH_KNOTS('',3,(#3932,#3933,#3934,#3935),
  .UNSPECIFIED.,.F.,.F.,(4,4),(0.,1.),.PIECEWISE_BEZIER_KNOTS.);
#3932 = CARTESIAN_POINT('',(2.102161868812,-0.150109952451,
    3.249976628885));
#3933 = CARTESIAN_POINT('',(2.101443179163,-0.150036838926,
    3.249992169645));
#3934 = CARTESIAN_POINT('',(2.1007225662,-0.15,3.25));
#3935 = CARTESIAN_POINT('',(2.1,-0.15,3.25));
#3936 = ORIENTED_EDGE('',*,*,#3937,.F.);
#3937 = EDGE_CURVE('',#3642,#3929,#3938,.T.);
#3938 = B_SPLINE_CURVE_WITH_KNOTS('',3,(#3939,#3940,#3941,#3942,#3943,
    #3944,#3945,#3946),.UNSPECIFIED.,.F.,.F.,(4,1,1,1,1,4),(0.,0.2,0.4,
    0.6,0.8,1.),.QUASI_UNIFORM_KNOTS.);
#3939 = CARTESIAN_POINT('',(2.199976628885,-0.150109952451,
    3.152161868812));
#3940 = CARTESIAN_POINT('',(2.199756926055,-0.151143572999,
    3.162322128377));
#3941 = CARTESIAN_POINT('',(2.19619599532,-0.152880216475,3.182584742378
    ));
#3942 = CARTESIAN_POINT('',(2.181941919426,-0.154251178082,
    3.210023658365));
#3943 = CARTESIAN_POINT('',(2.160023658365,-0.154251178082,
    3.231941919426));
#3944 = CARTESIAN_POINT('',(2.132584742378,-0.152880216475,3.24619599532
    ));
#3945 = CARTESIAN_POINT('',(2.112322128377,-0.151143572999,
    3.249756926055));
#3946 = CARTESIAN_POINT('',(2.102161868812,-0.150109952451,
    3.249976628885));
#3947 = ORIENTED_EDGE('',*,*,#3649,.F.);
#3948 = ORIENTED_EDGE('',*,*,#3949,.F.);
#3949 = EDGE_CURVE('',#3899,#3650,#3950,.T.);
#3950 = LINE('',#3951,#3952);
#3951 = CARTESIAN_POINT('',(2.2,0.,3.15));
#3952 = VECTOR('',#3953,1.);
#3953 = DIRECTION('',(0.,-1.,0.));
#3954 = CYLINDRICAL_SURFACE('',#3955,0.1);
#3955 = AXIS2_PLACEMENT_3D('',#3956,#3957,#3958);
#3956 = CARTESIAN_POINT('',(2.1,1.7536,3.15));
#3957 = DIRECTION('',(0.,-1.,0.));
#3958 = DIRECTION('',(1.,0.,0.));
#3959 = ADVANCED_FACE('',(#3960),#3978,.T.);
#3960 = FACE_BOUND('',#3961,.F.);
#3961 = EDGE_LOOP('',(#3962,#3970,#3971,#3972));
#3962 = ORIENTED_EDGE('',*,*,#3963,.T.);
#3963 = EDGE_CURVE('',#3964,#3659,#3966,.T.);
#3964 = VERTEX_POINT('',#3965);
#3965 = CARTESIAN_POINT('',(2.2,0.,-3.15));
#3966 = LINE('',#3967,#3968);
#3967 = CARTESIAN_POINT('',(2.2,0.,-3.15));
#3968 = VECTOR('',#3969,1.);
#3969 = DIRECTION('',(0.,-1.,0.));
#3970 = ORIENTED_EDGE('',*,*,#3658,.F.);
#3971 = ORIENTED_EDGE('',*,*,#3949,.F.);
#3972 = ORIENTED_EDGE('',*,*,#3973,.T.);
#3973 = EDGE_CURVE('',#3899,#3964,#3974,.T.);
#3974 = LINE('',#3975,#3976);
#3975 = CARTESIAN_POINT('',(2.2,0.,3.15));
#3976 = VECTOR('',#3977,1.);
#3977 = DIRECTION('',(0.,0.,-1.));
#3978 = PLANE('',#3979);
#3979 = AXIS2_PLACEMENT_3D('',#3980,#3981,#3982);
#3980 = CARTESIAN_POINT('',(2.2,-0.55,3.25));
#3981 = DIRECTION('',(1.,0.,0.));
#3982 = DIRECTION('',(0.,0.,-1.));
#3983 = ADVANCED_FACE('',(#3984),#4027,.T.);
#3984 = FACE_BOUND('',#3985,.T.);
#3985 = EDGE_LOOP('',(#3986,#3997,#4010,#4017,#4018,#4019,#4020,#4021));
#3986 = ORIENTED_EDGE('',*,*,#3987,.F.);
#3987 = EDGE_CURVE('',#3988,#3990,#3992,.T.);
#3988 = VERTEX_POINT('',#3989);
#3989 = CARTESIAN_POINT('',(2.102161868812,1.099524505768E-04,
    -3.249976628885));
#3990 = VERTEX_POINT('',#3991);
#3991 = CARTESIAN_POINT('',(2.1,0.,-3.25));
#3992 = B_SPLINE_CURVE_WITH_KNOTS('',3,(#3993,#3994,#3995,#3996),
  .UNSPECIFIED.,.F.,.F.,(4,4),(0.,1.),.PIECEWISE_BEZIER_KNOTS.);
#3993 = CARTESIAN_POINT('',(2.102161868812,1.099524505768E-04,
    -3.249976628885));
#3994 = CARTESIAN_POINT('',(2.101443179163,3.68389259364E-05,
    -3.249992169645));
#3995 = CARTESIAN_POINT('',(2.1007225662,0.,-3.25));
#3996 = CARTESIAN_POINT('',(2.1,0.,-3.25));
#3997 = ORIENTED_EDGE('',*,*,#3998,.F.);
#3998 = EDGE_CURVE('',#3999,#3988,#4001,.T.);
#3999 = VERTEX_POINT('',#4000);
#4000 = CARTESIAN_POINT('',(2.199976628885,1.099524505768E-04,
    -3.152161868812));
#4001 = B_SPLINE_CURVE_WITH_KNOTS('',3,(#4002,#4003,#4004,#4005,#4006,
    #4007,#4008,#4009),.UNSPECIFIED.,.F.,.F.,(4,1,1,1,1,4),(0.,0.2,0.4,
    0.6,0.8,1.),.QUASI_UNIFORM_KNOTS.);
#4002 = CARTESIAN_POINT('',(2.199976628885,1.099524505775E-04,
    -3.152161868812));
#4003 = CARTESIAN_POINT('',(2.199756926055,1.14357299845E-03,
    -3.162322128377));
#4004 = CARTESIAN_POINT('',(2.19619599532,2.880216475046E-03,
    -3.182584742378));
#4005 = CARTESIAN_POINT('',(2.181941919426,4.251178082523E-03,
    -3.210023658365));
#4006 = CARTESIAN_POINT('',(2.160023658365,4.251178082524E-03,
    -3.231941919426));
#4007 = CARTESIAN_POINT('',(2.132584742378,2.880216475044E-03,
    -3.24619599532));
#4008 = CARTESIAN_POINT('',(2.112322128377,1.14357299845E-03,
    -3.249756926055));
#4009 = CARTESIAN_POINT('',(2.102161868812,1.099524505766E-04,
    -3.249976628885));
#4010 = ORIENTED_EDGE('',*,*,#4011,.F.);
#4011 = EDGE_CURVE('',#3964,#3999,#4012,.T.);
#4012 = B_SPLINE_CURVE_WITH_KNOTS('',3,(#4013,#4014,#4015,#4016),
  .UNSPECIFIED.,.F.,.F.,(4,4),(0.,1.),.PIECEWISE_BEZIER_KNOTS.);
#4013 = CARTESIAN_POINT('',(2.2,0.,-3.15));
#4014 = CARTESIAN_POINT('',(2.2,0.,-3.1507225662));
#4015 = CARTESIAN_POINT('',(2.199992169645,3.683892593637E-05,
    -3.151443179163));
#4016 = CARTESIAN_POINT('',(2.199976628885,1.099524505768E-04,
    -3.152161868812));
#4017 = ORIENTED_EDGE('',*,*,#3963,.T.);
#4018 = ORIENTED_EDGE('',*,*,#3666,.F.);
#4019 = ORIENTED_EDGE('',*,*,#3605,.F.);
#4020 = ORIENTED_EDGE('',*,*,#3556,.F.);
#4021 = ORIENTED_EDGE('',*,*,#4022,.F.);
#4022 = EDGE_CURVE('',#3990,#3557,#4023,.T.);
#4023 = LINE('',#4024,#4025);
#4024 = CARTESIAN_POINT('',(2.1,0.,-3.25));
#4025 = VECTOR('',#4026,1.);
#4026 = DIRECTION('',(0.,-1.,0.));
#4027 = CYLINDRICAL_SURFACE('',#4028,0.1);
#4028 = AXIS2_PLACEMENT_3D('',#4029,#4030,#4031);
#4029 = CARTESIAN_POINT('',(2.1,1.7536,-3.15));
#4030 = DIRECTION('',(0.,-1.,0.));
#4031 = DIRECTION('',(0.,0.,-1.));
#4032 = ADVANCED_FACE('',(#4033),#4051,.T.);
#4033 = FACE_BOUND('',#4034,.F.);
#4034 = EDGE_LOOP('',(#4035,#4036,#4044,#4050));
#4035 = ORIENTED_EDGE('',*,*,#4022,.F.);
#4036 = ORIENTED_EDGE('',*,*,#4037,.T.);
#4037 = EDGE_CURVE('',#3990,#4038,#4040,.T.);
#4038 = VERTEX_POINT('',#4039);
#4039 = CARTESIAN_POINT('',(-2.1,0.,-3.25));
#4040 = LINE('',#4041,#4042);
#4041 = CARTESIAN_POINT('',(2.1,0.,-3.25));
#4042 = VECTOR('',#4043,1.);
#4043 = DIRECTION('',(-1.,0.,0.));
#4044 = ORIENTED_EDGE('',*,*,#4045,.T.);
#4045 = EDGE_CURVE('',#4038,#3566,#4046,.T.);
#4046 = LINE('',#4047,#4048);
#4047 = CARTESIAN_POINT('',(-2.1,0.,-3.25));
#4048 = VECTOR('',#4049,1.);
#4049 = DIRECTION('',(0.,-1.,0.));
#4050 = ORIENTED_EDGE('',*,*,#3565,.F.);
#4051 = PLANE('',#4052);
#4052 = AXIS2_PLACEMENT_3D('',#4053,#4054,#4055);
#4053 = CARTESIAN_POINT('',(2.2,-0.55,-3.25));
#4054 = DIRECTION('',(0.,0.,-1.));
#4055 = DIRECTION('',(-1.,0.,0.));
#4056 = ADVANCED_FACE('',(#4057),#4092,.T.);
#4057 = FACE_BOUND('',#4058,.F.);
#4058 = EDGE_LOOP('',(#4059,#4060,#4068,#4076,#4084,#4091));
#4059 = ORIENTED_EDGE('',*,*,#3987,.F.);
#4060 = ORIENTED_EDGE('',*,*,#4061,.F.);
#4061 = EDGE_CURVE('',#4062,#3988,#4064,.T.);
#4062 = VERTEX_POINT('',#4063);
#4063 = CARTESIAN_POINT('',(2.023371143929,0.370791169082,
    -3.171185904002));
#4064 = LINE('',#4065,#4066);
#4065 = CARTESIAN_POINT('',(2.023371143929,0.370791169082,
    -3.171185904002));
#4066 = VECTOR('',#4067,1.);
#4067 = DIRECTION('',(0.203558594953,-0.957667894858,-0.203558594953));
#4068 = ORIENTED_EDGE('',*,*,#4069,.T.);
#4069 = EDGE_CURVE('',#4062,#4070,#4072,.T.);
#4070 = VERTEX_POINT('',#4071);
#4071 = CARTESIAN_POINT('',(-2.023371143929,0.370791169082,
    -3.171185904002));
#4072 = LINE('',#4073,#4074);
#4073 = CARTESIAN_POINT('',(2.023371143929,0.370791169082,
    -3.171185904002));
#4074 = VECTOR('',#4075,1.);
#4075 = DIRECTION('',(-1.,0.,0.));
#4076 = ORIENTED_EDGE('',*,*,#4077,.T.);
#4077 = EDGE_CURVE('',#4070,#4078,#4080,.T.);
#4078 = VERTEX_POINT('',#4079);
#4079 = CARTESIAN_POINT('',(-2.102161868812,1.099524505768E-04,
    -3.249976628885));
#4080 = LINE('',#4081,#4082);
#4081 = CARTESIAN_POINT('',(-2.023371143929,0.370791169082,
    -3.171185904002));
#4082 = VECTOR('',#4083,1.);
#4083 = DIRECTION('',(-0.203558594953,-0.957667894858,-0.203558594953));
#4084 = ORIENTED_EDGE('',*,*,#4085,.F.);
#4085 = EDGE_CURVE('',#4038,#4078,#4086,.T.);
#4086 = B_SPLINE_CURVE_WITH_KNOTS('',3,(#4087,#4088,#4089,#4090),
  .UNSPECIFIED.,.F.,.F.,(4,4),(0.,1.),.PIECEWISE_BEZIER_KNOTS.);
#4087 = CARTESIAN_POINT('',(-2.1,0.,-3.25));
#4088 = CARTESIAN_POINT('',(-2.1007225662,0.,-3.25));
#4089 = CARTESIAN_POINT('',(-2.101443179163,3.68389259364E-05,
    -3.249992169645));
#4090 = CARTESIAN_POINT('',(-2.102161868812,1.099524505768E-04,
    -3.249976628885));
#4091 = ORIENTED_EDGE('',*,*,#4037,.F.);
#4092 = PLANE('',#4093);
#4093 = AXIS2_PLACEMENT_3D('',#4094,#4095,#4096);
#4094 = CARTESIAN_POINT('',(2.2,0.,-3.25));
#4095 = DIRECTION('',(0.,0.207911690818,-0.978147600734));
#4096 = DIRECTION('',(-1.,0.,0.));
#4097 = ADVANCED_FACE('',(#4098),#4117,.T.);
#4098 = FACE_BOUND('',#4099,.T.);
#4099 = EDGE_LOOP('',(#4100,#4109,#4115,#4116));
#4100 = ORIENTED_EDGE('',*,*,#4101,.F.);
#4101 = EDGE_CURVE('',#4102,#4062,#4104,.T.);
#4102 = VERTEX_POINT('',#4103);
#4103 = CARTESIAN_POINT('',(2.121185904002,0.370791169082,
    -3.073371143929));
#4104 = CIRCLE('',#4105,0.1);
#4105 = AXIS2_PLACEMENT_3D('',#4106,#4107,#4108);
#4106 = CARTESIAN_POINT('',(2.023371143929,0.35,-3.073371143929));
#4107 = DIRECTION('',(-0.203558594953,0.957667894858,0.203558594953));
#4108 = DIRECTION('',(0.978147600734,0.207911690818,-5.107025913276E-15)
  );
#4109 = ORIENTED_EDGE('',*,*,#4110,.T.);
#4110 = EDGE_CURVE('',#4102,#3999,#4111,.T.);
#4111 = LINE('',#4112,#4113);
#4112 = CARTESIAN_POINT('',(2.121185904002,0.370791169082,
    -3.073371143929));
#4113 = VECTOR('',#4114,1.);
#4114 = DIRECTION('',(0.203558594953,-0.957667894858,-0.203558594953));
#4115 = ORIENTED_EDGE('',*,*,#3998,.T.);
#4116 = ORIENTED_EDGE('',*,*,#4061,.F.);
#4117 = CYLINDRICAL_SURFACE('',#4118,0.1);
#4118 = AXIS2_PLACEMENT_3D('',#4119,#4120,#4121);
#4119 = CARTESIAN_POINT('',(1.725026753969,1.7536,-2.775026753969));
#4120 = DIRECTION('',(0.203558594953,-0.957667894858,-0.203558594953));
#4121 = DIRECTION('',(5.107025913276E-15,0.207911690818,-0.978147600734)
  );
#4122 = ADVANCED_FACE('',(#4123),#4143,.T.);
#4123 = FACE_BOUND('',#4124,.F.);
#4124 = EDGE_LOOP('',(#4125,#4133,#4134,#4135,#4136,#4137));
#4125 = ORIENTED_EDGE('',*,*,#4126,.T.);
#4126 = EDGE_CURVE('',#4127,#4102,#4129,.T.);
#4127 = VERTEX_POINT('',#4128);
#4128 = CARTESIAN_POINT('',(2.121185904002,0.370791169082,3.073371143929
    ));
#4129 = LINE('',#4130,#4131);
#4130 = CARTESIAN_POINT('',(2.121185904002,0.370791169082,3.073371143929
    ));
#4131 = VECTOR('',#4132,1.);
#4132 = DIRECTION('',(0.,0.,-1.));
#4133 = ORIENTED_EDGE('',*,*,#4110,.T.);
#4134 = ORIENTED_EDGE('',*,*,#4011,.F.);
#4135 = ORIENTED_EDGE('',*,*,#3973,.F.);
#4136 = ORIENTED_EDGE('',*,*,#3896,.F.);
#4137 = ORIENTED_EDGE('',*,*,#4138,.F.);
#4138 = EDGE_CURVE('',#4127,#3897,#4139,.T.);
#4139 = LINE('',#4140,#4141);
#4140 = CARTESIAN_POINT('',(2.121185904002,0.370791169082,3.073371143929
    ));
#4141 = VECTOR('',#4142,1.);
#4142 = DIRECTION('',(0.203558594953,-0.957667894858,0.203558594953));
#4143 = PLANE('',#4144);
#4144 = AXIS2_PLACEMENT_3D('',#4145,#4146,#4147);
#4145 = CARTESIAN_POINT('',(2.2,0.,3.25));
#4146 = DIRECTION('',(0.978147600734,0.207911690818,0.));
#4147 = DIRECTION('',(0.,0.,-1.));
#4148 = ADVANCED_FACE('',(#4149),#4176,.T.);
#4149 = FACE_BOUND('',#4150,.T.);
#4150 = EDGE_LOOP('',(#4151,#4160,#4168,#4175));
#4151 = ORIENTED_EDGE('',*,*,#4152,.F.);
#4152 = EDGE_CURVE('',#4153,#4102,#4155,.T.);
#4153 = VERTEX_POINT('',#4154);
#4154 = CARTESIAN_POINT('',(2.023371143929,0.45,-3.073371143929));
#4155 = CIRCLE('',#4156,0.1);
#4156 = AXIS2_PLACEMENT_3D('',#4157,#4158,#4159);
#4157 = CARTESIAN_POINT('',(2.023371143929,0.35,-3.073371143929));
#4158 = DIRECTION('',(0.,0.,-1.));
#4159 = DIRECTION('',(0.,1.,0.));
#4160 = ORIENTED_EDGE('',*,*,#4161,.F.);
#4161 = EDGE_CURVE('',#4162,#4153,#4164,.T.);
#4162 = VERTEX_POINT('',#4163);
#4163 = CARTESIAN_POINT('',(2.023371143929,0.45,3.073371143929));
#4164 = LINE('',#4165,#4166);
#4165 = CARTESIAN_POINT('',(2.023371143929,0.45,3.073371143929));
#4166 = VECTOR('',#4167,1.);
#4167 = DIRECTION('',(0.,0.,-1.));
#4168 = ORIENTED_EDGE('',*,*,#4169,.F.);
#4169 = EDGE_CURVE('',#4127,#4162,#4170,.T.);
#4170 = CIRCLE('',#4171,0.1);
#4171 = AXIS2_PLACEMENT_3D('',#4172,#4173,#4174);
#4172 = CARTESIAN_POINT('',(2.023371143929,0.35,3.073371143929));
#4173 = DIRECTION('',(0.,0.,1.));
#4174 = DIRECTION('',(0.978147600734,0.207911690818,-0.));
#4175 = ORIENTED_EDGE('',*,*,#4126,.T.);
#4176 = CYLINDRICAL_SURFACE('',#4177,0.1);
#4177 = AXIS2_PLACEMENT_3D('',#4178,#4179,#4180);
#4178 = CARTESIAN_POINT('',(2.023371143929,0.35,11.7234));
#4179 = DIRECTION('',(0.,0.,-1.));
#4180 = DIRECTION('',(0.,1.,0.));
#4181 = ADVANCED_FACE('',(#4182),#4201,.T.);
#4182 = FACE_BOUND('',#4183,.T.);
#4183 = EDGE_LOOP('',(#4184,#4193,#4194));
#4184 = ORIENTED_EDGE('',*,*,#4185,.T.);
#4185 = EDGE_CURVE('',#4186,#4127,#4188,.T.);
#4186 = VERTEX_POINT('',#4187);
#4187 = CARTESIAN_POINT('',(2.023371143929,0.370791169082,3.171185904002
    ));
#4188 = CIRCLE('',#4189,0.1);
#4189 = AXIS2_PLACEMENT_3D('',#4190,#4191,#4192);
#4190 = CARTESIAN_POINT('',(2.023371143929,0.35,3.073371143929));
#4191 = DIRECTION('',(-0.203558594953,0.957667894858,-0.203558594953));
#4192 = DIRECTION('',(5.107025913276E-15,0.207911690818,0.978147600734)
  );
#4193 = ORIENTED_EDGE('',*,*,#4169,.T.);
#4194 = ORIENTED_EDGE('',*,*,#4195,.T.);
#4195 = EDGE_CURVE('',#4162,#4186,#4196,.T.);
#4196 = CIRCLE('',#4197,0.1);
#4197 = AXIS2_PLACEMENT_3D('',#4198,#4199,#4200);
#4198 = CARTESIAN_POINT('',(2.023371143929,0.35,3.073371143929));
#4199 = DIRECTION('',(1.,0.,0.));
#4200 = DIRECTION('',(-0.,1.,0.));
#4201 = SPHERICAL_SURFACE('',#4202,0.1);
#4202 = AXIS2_PLACEMENT_3D('',#4203,#4204,#4205);
#4203 = CARTESIAN_POINT('',(2.023371143929,0.35,3.073371143929));
#4204 = DIRECTION('',(0.777145961457,-0.62932039105,0.));
#4205 = DIRECTION('',(0.62932039105,0.777145961457,0.));
#4206 = ADVANCED_FACE('',(#4207),#4233,.T.);
#4207 = FACE_BOUND('',#4208,.T.);
#4208 = EDGE_LOOP('',(#4209,#4210,#4218,#4227));
#4209 = ORIENTED_EDGE('',*,*,#4195,.F.);
#4210 = ORIENTED_EDGE('',*,*,#4211,.F.);
#4211 = EDGE_CURVE('',#4212,#4162,#4214,.T.);
#4212 = VERTEX_POINT('',#4213);
#4213 = CARTESIAN_POINT('',(-2.023371143929,0.45,3.073371143929));
#4214 = LINE('',#4215,#4216);
#4215 = CARTESIAN_POINT('',(-2.023371143929,0.45,3.073371143929));
#4216 = VECTOR('',#4217,1.);
#4217 = DIRECTION('',(1.,0.,0.));
#4218 = ORIENTED_EDGE('',*,*,#4219,.F.);
#4219 = EDGE_CURVE('',#4220,#4212,#4222,.T.);
#4220 = VERTEX_POINT('',#4221);
#4221 = CARTESIAN_POINT('',(-2.023371143929,0.370791169082,
    3.171185904002));
#4222 = CIRCLE('',#4223,0.1);
#4223 = AXIS2_PLACEMENT_3D('',#4224,#4225,#4226);
#4224 = CARTESIAN_POINT('',(-2.023371143929,0.35,3.073371143929));
#4225 = DIRECTION('',(-1.,0.,0.));
#4226 = DIRECTION('',(0.,0.207911690818,0.978147600734));
#4227 = ORIENTED_EDGE('',*,*,#4228,.T.);
#4228 = EDGE_CURVE('',#4220,#4186,#4229,.T.);
#4229 = LINE('',#4230,#4231);
#4230 = CARTESIAN_POINT('',(-2.023371143929,0.370791169082,
    3.171185904002));
#4231 = VECTOR('',#4232,1.);
#4232 = DIRECTION('',(1.,0.,0.));
#4233 = CYLINDRICAL_SURFACE('',#4234,0.1);
#4234 = AXIS2_PLACEMENT_3D('',#4235,#4236,#4237);
#4235 = CARTESIAN_POINT('',(-7.93584,0.35,3.073371143929));
#4236 = DIRECTION('',(1.,0.,0.));
#4237 = DIRECTION('',(-0.,1.,0.));
#4238 = ADVANCED_FACE('',(#4239),#4257,.T.);
#4239 = FACE_BOUND('',#4240,.F.);
#4240 = EDGE_LOOP('',(#4241,#4242,#4243,#4244,#4250,#4251));
#4241 = ORIENTED_EDGE('',*,*,#3920,.F.);
#4242 = ORIENTED_EDGE('',*,*,#3882,.F.);
#4243 = ORIENTED_EDGE('',*,*,#3801,.F.);
#4244 = ORIENTED_EDGE('',*,*,#4245,.F.);
#4245 = EDGE_CURVE('',#4220,#3802,#4246,.T.);
#4246 = LINE('',#4247,#4248);
#4247 = CARTESIAN_POINT('',(-2.023371143929,0.370791169082,
    3.171185904002));
#4248 = VECTOR('',#4249,1.);
#4249 = DIRECTION('',(-0.203558594953,-0.957667894858,0.203558594953));
#4250 = ORIENTED_EDGE('',*,*,#4228,.T.);
#4251 = ORIENTED_EDGE('',*,*,#4252,.T.);
#4252 = EDGE_CURVE('',#4186,#3908,#4253,.T.);
#4253 = LINE('',#4254,#4255);
#4254 = CARTESIAN_POINT('',(2.023371143929,0.370791169082,3.171185904002
    ));
#4255 = VECTOR('',#4256,1.);
#4256 = DIRECTION('',(0.203558594953,-0.957667894858,0.203558594953));
#4257 = PLANE('',#4258);
#4258 = AXIS2_PLACEMENT_3D('',#4259,#4260,#4261);
#4259 = CARTESIAN_POINT('',(-2.2,0.,3.25));
#4260 = DIRECTION('',(0.,0.207911690818,0.978147600734));
#4261 = DIRECTION('',(1.,0.,-0.));
#4262 = ADVANCED_FACE('',(#4263),#4282,.T.);
#4263 = FACE_BOUND('',#4264,.T.);
#4264 = EDGE_LOOP('',(#4265,#4274,#4280,#4281));
#4265 = ORIENTED_EDGE('',*,*,#4266,.F.);
#4266 = EDGE_CURVE('',#4267,#4220,#4269,.T.);
#4267 = VERTEX_POINT('',#4268);
#4268 = CARTESIAN_POINT('',(-2.121185904002,0.370791169082,
    3.073371143929));
#4269 = CIRCLE('',#4270,0.1);
#4270 = AXIS2_PLACEMENT_3D('',#4271,#4272,#4273);
#4271 = CARTESIAN_POINT('',(-2.023371143929,0.35,3.073371143929));
#4272 = DIRECTION('',(0.203558594953,0.957667894858,-0.203558594953));
#4273 = DIRECTION('',(-0.978147600734,0.207911690818,5.107025913276E-15)
  );
#4274 = ORIENTED_EDGE('',*,*,#4275,.T.);
#4275 = EDGE_CURVE('',#4267,#3813,#4276,.T.);
#4276 = LINE('',#4277,#4278);
#4277 = CARTESIAN_POINT('',(-2.121185904002,0.370791169082,
    3.073371143929));
#4278 = VECTOR('',#4279,1.);
#4279 = DIRECTION('',(-0.203558594953,-0.957667894858,0.203558594953));
#4280 = ORIENTED_EDGE('',*,*,#3812,.T.);
#4281 = ORIENTED_EDGE('',*,*,#4245,.F.);
#4282 = CYLINDRICAL_SURFACE('',#4283,0.1);
#4283 = AXIS2_PLACEMENT_3D('',#4284,#4285,#4286);
#4284 = CARTESIAN_POINT('',(-1.725026753969,1.7536,2.775026753969));
#4285 = DIRECTION('',(-0.203558594953,-0.957667894858,0.203558594953));
#4286 = DIRECTION('',(-5.107025913276E-15,0.207911690818,0.978147600734)
  );
#4287 = ADVANCED_FACE('',(#4288),#4323,.T.);
#4288 = FACE_BOUND('',#4289,.F.);
#4289 = EDGE_LOOP('',(#4290,#4298,#4299,#4300,#4308,#4317));
#4290 = ORIENTED_EDGE('',*,*,#4291,.T.);
#4291 = EDGE_CURVE('',#4292,#4267,#4294,.T.);
#4292 = VERTEX_POINT('',#4293);
#4293 = CARTESIAN_POINT('',(-2.121185904002,0.370791169082,
    -3.073371143929));
#4294 = LINE('',#4295,#4296);
#4295 = CARTESIAN_POINT('',(-2.121185904002,0.370791169082,
    -3.073371143929));
#4296 = VECTOR('',#4297,1.);
#4297 = DIRECTION('',(0.,0.,1.));
#4298 = ORIENTED_EDGE('',*,*,#4275,.T.);
#4299 = ORIENTED_EDGE('',*,*,#3825,.F.);
#4300 = ORIENTED_EDGE('',*,*,#4301,.F.);
#4301 = EDGE_CURVE('',#4302,#3826,#4304,.T.);
#4302 = VERTEX_POINT('',#4303);
#4303 = CARTESIAN_POINT('',(-2.2,0.,-3.15));
#4304 = LINE('',#4305,#4306);
#4305 = CARTESIAN_POINT('',(-2.2,0.,-3.15));
#4306 = VECTOR('',#4307,1.);
#4307 = DIRECTION('',(0.,0.,1.));
#4308 = ORIENTED_EDGE('',*,*,#4309,.F.);
#4309 = EDGE_CURVE('',#4310,#4302,#4312,.T.);
#4310 = VERTEX_POINT('',#4311);
#4311 = CARTESIAN_POINT('',(-2.199976628885,1.099524505781E-04,
    -3.152161868812));
#4312 = B_SPLINE_CURVE_WITH_KNOTS('',3,(#4313,#4314,#4315,#4316),
  .UNSPECIFIED.,.F.,.F.,(4,4),(0.,1.),.PIECEWISE_BEZIER_KNOTS.);
#4313 = CARTESIAN_POINT('',(-2.199976628885,1.099524505768E-04,
    -3.152161868812));
#4314 = CARTESIAN_POINT('',(-2.199992169645,3.683892593636E-05,
    -3.151443179163));
#4315 = CARTESIAN_POINT('',(-2.2,0.,-3.1507225662));
#4316 = CARTESIAN_POINT('',(-2.2,0.,-3.15));
#4317 = ORIENTED_EDGE('',*,*,#4318,.F.);
#4318 = EDGE_CURVE('',#4292,#4310,#4319,.T.);
#4319 = LINE('',#4320,#4321);
#4320 = CARTESIAN_POINT('',(-2.121185904002,0.370791169082,
    -3.073371143929));
#4321 = VECTOR('',#4322,1.);
#4322 = DIRECTION('',(-0.203558594953,-0.957667894858,-0.203558594953));
#4323 = PLANE('',#4324);
#4324 = AXIS2_PLACEMENT_3D('',#4325,#4326,#4327);
#4325 = CARTESIAN_POINT('',(-2.2,0.,-3.25));
#4326 = DIRECTION('',(-0.978147600734,0.207911690818,0.));
#4327 = DIRECTION('',(0.,0.,1.));
#4328 = ADVANCED_FACE('',(#4329),#4354,.T.);
#4329 = FACE_BOUND('',#4330,.T.);
#4330 = EDGE_LOOP('',(#4331,#4338,#4346,#4353));
#4331 = ORIENTED_EDGE('',*,*,#4332,.F.);
#4332 = EDGE_CURVE('',#4212,#4267,#4333,.T.);
#4333 = CIRCLE('',#4334,0.1);
#4334 = AXIS2_PLACEMENT_3D('',#4335,#4336,#4337);
#4335 = CARTESIAN_POINT('',(-2.023371143929,0.35,3.073371143929));
#4336 = DIRECTION('',(0.,-0.,1.));
#4337 = DIRECTION('',(0.,1.,0.));
#4338 = ORIENTED_EDGE('',*,*,#4339,.F.);
#4339 = EDGE_CURVE('',#4340,#4212,#4342,.T.);
#4340 = VERTEX_POINT('',#4341);
#4341 = CARTESIAN_POINT('',(-2.023371143929,0.45,-3.073371143929));
#4342 = LINE('',#4343,#4344);
#4343 = CARTESIAN_POINT('',(-2.023371143929,0.45,-3.073371143929));
#4344 = VECTOR('',#4345,1.);
#4345 = DIRECTION('',(0.,0.,1.));
#4346 = ORIENTED_EDGE('',*,*,#4347,.F.);
#4347 = EDGE_CURVE('',#4292,#4340,#4348,.T.);
#4348 = CIRCLE('',#4349,0.1);
#4349 = AXIS2_PLACEMENT_3D('',#4350,#4351,#4352);
#4350 = CARTESIAN_POINT('',(-2.023371143929,0.35,-3.073371143929));
#4351 = DIRECTION('',(0.,0.,-1.));
#4352 = DIRECTION('',(-0.978147600734,0.207911690818,0.));
#4353 = ORIENTED_EDGE('',*,*,#4291,.T.);
#4354 = CYLINDRICAL_SURFACE('',#4355,0.1);
#4355 = AXIS2_PLACEMENT_3D('',#4356,#4357,#4358);
#4356 = CARTESIAN_POINT('',(-2.023371143929,0.35,-11.7234));
#4357 = DIRECTION('',(0.,0.,1.));
#4358 = DIRECTION('',(0.,1.,0.));
#4359 = ADVANCED_FACE('',(#4360),#4377,.T.);
#4360 = FACE_BOUND('',#4361,.T.);
#4361 = EDGE_LOOP('',(#4362,#4363,#4370));
#4362 = ORIENTED_EDGE('',*,*,#4347,.T.);
#4363 = ORIENTED_EDGE('',*,*,#4364,.T.);
#4364 = EDGE_CURVE('',#4340,#4070,#4365,.T.);
#4365 = CIRCLE('',#4366,0.1);
#4366 = AXIS2_PLACEMENT_3D('',#4367,#4368,#4369);
#4367 = CARTESIAN_POINT('',(-2.023371143929,0.35,-3.073371143929));
#4368 = DIRECTION('',(-1.,0.,0.));
#4369 = DIRECTION('',(0.,1.,0.));
#4370 = ORIENTED_EDGE('',*,*,#4371,.T.);
#4371 = EDGE_CURVE('',#4070,#4292,#4372,.T.);
#4372 = CIRCLE('',#4373,0.1);
#4373 = AXIS2_PLACEMENT_3D('',#4374,#4375,#4376);
#4374 = CARTESIAN_POINT('',(-2.023371143929,0.35,-3.073371143929));
#4375 = DIRECTION('',(0.203558594953,0.957667894858,0.203558594953));
#4376 = DIRECTION('',(-5.107025913276E-15,0.207911690818,-0.978147600734
    ));
#4377 = SPHERICAL_SURFACE('',#4378,0.1);
#4378 = AXIS2_PLACEMENT_3D('',#4379,#4380,#4381);
#4379 = CARTESIAN_POINT('',(-2.023371143929,0.35,-3.073371143929));
#4380 = DIRECTION('',(0.707106781187,0.,-0.707106781187));
#4381 = DIRECTION('',(-0.677173462579,0.28787532572,-0.677173462579));
#4382 = ADVANCED_FACE('',(#4383),#4399,.T.);
#4383 = FACE_BOUND('',#4384,.T.);
#4384 = EDGE_LOOP('',(#4385,#4386,#4387,#4398));
#4385 = ORIENTED_EDGE('',*,*,#4371,.F.);
#4386 = ORIENTED_EDGE('',*,*,#4077,.T.);
#4387 = ORIENTED_EDGE('',*,*,#4388,.T.);
#4388 = EDGE_CURVE('',#4078,#4310,#4389,.T.);
#4389 = B_SPLINE_CURVE_WITH_KNOTS('',3,(#4390,#4391,#4392,#4393,#4394,
    #4395,#4396,#4397),.UNSPECIFIED.,.F.,.F.,(4,1,1,1,1,4),(0.,0.2,0.4,
    0.6,0.8,1.),.QUASI_UNIFORM_KNOTS.);
#4390 = CARTESIAN_POINT('',(-2.102161868812,1.099524505768E-04,
    -3.249976628885));
#4391 = CARTESIAN_POINT('',(-2.112322128377,1.14357299845E-03,
    -3.249756926055));
#4392 = CARTESIAN_POINT('',(-2.132584742378,2.880216475043E-03,
    -3.24619599532));
#4393 = CARTESIAN_POINT('',(-2.160023658365,4.251178082525E-03,
    -3.231941919426));
#4394 = CARTESIAN_POINT('',(-2.181941919426,4.251178082522E-03,
    -3.210023658365));
#4395 = CARTESIAN_POINT('',(-2.19619599532,2.880216475047E-03,
    -3.182584742378));
#4396 = CARTESIAN_POINT('',(-2.199756926055,1.143572998451E-03,
    -3.162322128377));
#4397 = CARTESIAN_POINT('',(-2.199976628885,1.099524505781E-04,
    -3.152161868812));
#4398 = ORIENTED_EDGE('',*,*,#4318,.F.);
#4399 = CYLINDRICAL_SURFACE('',#4400,0.1);
#4400 = AXIS2_PLACEMENT_3D('',#4401,#4402,#4403);
#4401 = CARTESIAN_POINT('',(-1.725026753969,1.7536,-2.775026753969));
#4402 = DIRECTION('',(-0.203558594953,-0.957667894858,-0.203558594953));
#4403 = DIRECTION('',(-0.978147600734,0.207911690818,-5.107025913276E-15
    ));
#4404 = ADVANCED_FACE('',(#4405),#4420,.T.);
#4405 = FACE_BOUND('',#4406,.T.);
#4406 = EDGE_LOOP('',(#4407,#4408,#4409,#4410,#4411,#4412,#4413,#4414));
#4407 = ORIENTED_EDGE('',*,*,#4309,.F.);
#4408 = ORIENTED_EDGE('',*,*,#4388,.F.);
#4409 = ORIENTED_EDGE('',*,*,#4085,.F.);
#4410 = ORIENTED_EDGE('',*,*,#4045,.T.);
#4411 = ORIENTED_EDGE('',*,*,#3573,.F.);
#4412 = ORIENTED_EDGE('',*,*,#3519,.F.);
#4413 = ORIENTED_EDGE('',*,*,#3469,.F.);
#4414 = ORIENTED_EDGE('',*,*,#4415,.F.);
#4415 = EDGE_CURVE('',#4302,#3470,#4416,.T.);
#4416 = LINE('',#4417,#4418);
#4417 = CARTESIAN_POINT('',(-2.2,0.,-3.15));
#4418 = VECTOR('',#4419,1.);
#4419 = DIRECTION('',(0.,-1.,0.));
#4420 = CYLINDRICAL_SURFACE('',#4421,0.1);
#4421 = AXIS2_PLACEMENT_3D('',#4422,#4423,#4424);
#4422 = CARTESIAN_POINT('',(-2.1,1.7536,-3.15));
#4423 = DIRECTION('',(0.,-1.,0.));
#4424 = DIRECTION('',(-1.,0.,0.));
#4425 = ADVANCED_FACE('',(#4426),#4432,.T.);
#4426 = FACE_BOUND('',#4427,.F.);
#4427 = EDGE_LOOP('',(#4428,#4429,#4430,#4431));
#4428 = ORIENTED_EDGE('',*,*,#4415,.F.);
#4429 = ORIENTED_EDGE('',*,*,#4301,.T.);
#4430 = ORIENTED_EDGE('',*,*,#3834,.T.);
#4431 = ORIENTED_EDGE('',*,*,#3478,.F.);
#4432 = PLANE('',#4433);
#4433 = AXIS2_PLACEMENT_3D('',#4434,#4435,#4436);
#4434 = CARTESIAN_POINT('',(-2.2,-0.55,-3.25));
#4435 = DIRECTION('',(-1.,0.,0.));
#4436 = DIRECTION('',(0.,0.,1.));
#4437 = ADVANCED_FACE('',(#4438),#4455,.T.);
#4438 = FACE_BOUND('',#4439,.T.);
#4439 = EDGE_LOOP('',(#4440,#4447,#4448,#4449));
#4440 = ORIENTED_EDGE('',*,*,#4441,.F.);
#4441 = EDGE_CURVE('',#4062,#4153,#4442,.T.);
#4442 = CIRCLE('',#4443,0.1);
#4443 = AXIS2_PLACEMENT_3D('',#4444,#4445,#4446);
#4444 = CARTESIAN_POINT('',(2.023371143929,0.35,-3.073371143929));
#4445 = DIRECTION('',(1.,0.,0.));
#4446 = DIRECTION('',(0.,0.207911690818,-0.978147600734));
#4447 = ORIENTED_EDGE('',*,*,#4069,.T.);
#4448 = ORIENTED_EDGE('',*,*,#4364,.F.);
#4449 = ORIENTED_EDGE('',*,*,#4450,.F.);
#4450 = EDGE_CURVE('',#4153,#4340,#4451,.T.);
#4451 = LINE('',#4452,#4453);
#4452 = CARTESIAN_POINT('',(2.023371143929,0.45,-3.073371143929));
#4453 = VECTOR('',#4454,1.);
#4454 = DIRECTION('',(-1.,0.,0.));
#4455 = CYLINDRICAL_SURFACE('',#4456,0.1);
#4456 = AXIS2_PLACEMENT_3D('',#4457,#4458,#4459);
#4457 = CARTESIAN_POINT('',(7.93584,0.35,-3.073371143929));
#4458 = DIRECTION('',(-1.,0.,0.));
#4459 = DIRECTION('',(0.,1.,0.));
#4460 = ADVANCED_FACE('',(#4461,#4467),#4487,.T.);
#4461 = FACE_BOUND('',#4462,.F.);
#4462 = EDGE_LOOP('',(#4463,#4464,#4465,#4466));
#4463 = ORIENTED_EDGE('',*,*,#4339,.F.);
#4464 = ORIENTED_EDGE('',*,*,#4450,.F.);
#4465 = ORIENTED_EDGE('',*,*,#4161,.F.);
#4466 = ORIENTED_EDGE('',*,*,#4211,.F.);
#4467 = FACE_BOUND('',#4468,.F.);
#4468 = EDGE_LOOP('',(#4469,#4480));
#4469 = ORIENTED_EDGE('',*,*,#4470,.F.);
#4470 = EDGE_CURVE('',#4471,#4473,#4475,.T.);
#4471 = VERTEX_POINT('',#4472);
#4472 = CARTESIAN_POINT('',(-1.,0.45,-2.45));
#4473 = VERTEX_POINT('',#4474);
#4474 = CARTESIAN_POINT('',(-1.8,0.45,-2.45));
#4475 = CIRCLE('',#4476,0.4);
#4476 = AXIS2_PLACEMENT_3D('',#4477,#4478,#4479);
#4477 = CARTESIAN_POINT('',(-1.4,0.45,-2.45));
#4478 = DIRECTION('',(0.,-1.,0.));
#4479 = DIRECTION('',(1.,0.,0.));
#4480 = ORIENTED_EDGE('',*,*,#4481,.F.);
#4481 = EDGE_CURVE('',#4473,#4471,#4482,.T.);
#4482 = CIRCLE('',#4483,0.4);
#4483 = AXIS2_PLACEMENT_3D('',#4484,#4485,#4486);
#4484 = CARTESIAN_POINT('',(-1.4,0.45,-2.45));
#4485 = DIRECTION('',(0.,-1.,0.));
#4486 = DIRECTION('',(-1.,0.,0.));
#4487 = PLANE('',#4488);
#4488 = AXIS2_PLACEMENT_3D('',#4489,#4490,#4491);
#4489 = CARTESIAN_POINT('',(0.,0.45,0.));
#4490 = DIRECTION('',(0.,1.,0.));
#4491 = DIRECTION('',(1.,0.,0.));
#4492 = ADVANCED_FACE('',(#4493),#4519,.F.);
#4493 = FACE_BOUND('',#4494,.F.);
#4494 = EDGE_LOOP('',(#4495,#4496,#4504,#4513));
#4495 = ORIENTED_EDGE('',*,*,#4470,.T.);
#4496 = ORIENTED_EDGE('',*,*,#4497,.T.);
#4497 = EDGE_CURVE('',#4473,#4498,#4500,.T.);
#4498 = VERTEX_POINT('',#4499);
#4499 = CARTESIAN_POINT('',(-1.8,0.4,-2.45));
#4500 = LINE('',#4501,#4502);
#4501 = CARTESIAN_POINT('',(-1.8,0.45,-2.45));
#4502 = VECTOR('',#4503,1.);
#4503 = DIRECTION('',(0.,-1.,0.));
#4504 = ORIENTED_EDGE('',*,*,#4505,.F.);
#4505 = EDGE_CURVE('',#4506,#4498,#4508,.T.);
#4506 = VERTEX_POINT('',#4507);
#4507 = CARTESIAN_POINT('',(-1.,0.4,-2.45));
#4508 = CIRCLE('',#4509,0.4);
#4509 = AXIS2_PLACEMENT_3D('',#4510,#4511,#4512);
#4510 = CARTESIAN_POINT('',(-1.4,0.4,-2.45));
#4511 = DIRECTION('',(0.,-1.,0.));
#4512 = DIRECTION('',(1.,0.,0.));
#4513 = ORIENTED_EDGE('',*,*,#4514,.F.);
#4514 = EDGE_CURVE('',#4471,#4506,#4515,.T.);
#4515 = LINE('',#4516,#4517);
#4516 = CARTESIAN_POINT('',(-1.,0.45,-2.45));
#4517 = VECTOR('',#4518,1.);
#4518 = DIRECTION('',(0.,-1.,0.));
#4519 = CYLINDRICAL_SURFACE('',#4520,0.4);
#4520 = AXIS2_PLACEMENT_3D('',#4521,#4522,#4523);
#4521 = CARTESIAN_POINT('',(-1.4,0.45,-2.45));
#4522 = DIRECTION('',(0.,-1.,0.));
#4523 = DIRECTION('',(1.,0.,0.));
#4524 = ADVANCED_FACE('',(#4525),#4537,.F.);
#4525 = FACE_BOUND('',#4526,.F.);
#4526 = EDGE_LOOP('',(#4527,#4528,#4529,#4536));
#4527 = ORIENTED_EDGE('',*,*,#4481,.T.);
#4528 = ORIENTED_EDGE('',*,*,#4514,.T.);
#4529 = ORIENTED_EDGE('',*,*,#4530,.F.);
#4530 = EDGE_CURVE('',#4498,#4506,#4531,.T.);
#4531 = CIRCLE('',#4532,0.4);
#4532 = AXIS2_PLACEMENT_3D('',#4533,#4534,#4535);
#4533 = CARTESIAN_POINT('',(-1.4,0.4,-2.45));
#4534 = DIRECTION('',(0.,-1.,0.));
#4535 = DIRECTION('',(-1.,0.,0.));
#4536 = ORIENTED_EDGE('',*,*,#4497,.F.);
#4537 = CYLINDRICAL_SURFACE('',#4538,0.4);
#4538 = AXIS2_PLACEMENT_3D('',#4539,#4540,#4541);
#4539 = CARTESIAN_POINT('',(-1.4,0.45,-2.45));
#4540 = DIRECTION('',(0.,-1.,0.));
#4541 = DIRECTION('',(1.,0.,0.));
#4542 = ADVANCED_FACE('',(#4543),#4547,.F.);
#4543 = FACE_BOUND('',#4544,.F.);
#4544 = EDGE_LOOP('',(#4545,#4546));
#4545 = ORIENTED_EDGE('',*,*,#4505,.T.);
#4546 = ORIENTED_EDGE('',*,*,#4530,.T.);
#4547 = PLANE('',#4548);
#4548 = AXIS2_PLACEMENT_3D('',#4549,#4550,#4551);
#4549 = CARTESIAN_POINT('',(-1.4,0.4,-2.45));
#4550 = DIRECTION('',(0.,-1.,0.));
#4551 = DIRECTION('',(1.,0.,0.));
#4552 = ADVANCED_FACE('',(#4553),#4558,.T.);
#4553 = FACE_BOUND('',#4554,.T.);
#4554 = EDGE_LOOP('',(#4555,#4556,#4557));
#4555 = ORIENTED_EDGE('',*,*,#4152,.T.);
#4556 = ORIENTED_EDGE('',*,*,#4101,.T.);
#4557 = ORIENTED_EDGE('',*,*,#4441,.T.);
#4558 = SPHERICAL_SURFACE('',#4559,0.1);
#4559 = AXIS2_PLACEMENT_3D('',#4560,#4561,#4562);
#4560 = CARTESIAN_POINT('',(2.023371143929,0.35,-3.073371143929));
#4561 = DIRECTION('',(0.,-0.62932039105,-0.777145961457));
#4562 = DIRECTION('',(0.,0.777145961457,-0.62932039105));
#4563 = ADVANCED_FACE('',(#4564),#4569,.T.);
#4564 = FACE_BOUND('',#4565,.T.);
#4565 = EDGE_LOOP('',(#4566,#4567,#4568));
#4566 = ORIENTED_EDGE('',*,*,#4219,.T.);
#4567 = ORIENTED_EDGE('',*,*,#4332,.T.);
#4568 = ORIENTED_EDGE('',*,*,#4266,.T.);
#4569 = SPHERICAL_SURFACE('',#4570,0.1);
#4570 = AXIS2_PLACEMENT_3D('',#4571,#4572,#4573);
#4571 = CARTESIAN_POINT('',(-2.023371143929,0.35,3.073371143929));
#4572 = DIRECTION('',(0.,-0.62932039105,0.777145961457));
#4573 = DIRECTION('',(0.,0.777145961457,0.62932039105));
#4574 = ADVANCED_FACE('',(#4575),#4581,.T.);
#4575 = FACE_BOUND('',#4576,.T.);
#4576 = EDGE_LOOP('',(#4577,#4578,#4579,#4580));
#4577 = ORIENTED_EDGE('',*,*,#4185,.F.);
#4578 = ORIENTED_EDGE('',*,*,#4252,.T.);
#4579 = ORIENTED_EDGE('',*,*,#3907,.T.);
#4580 = ORIENTED_EDGE('',*,*,#4138,.F.);
#4581 = CYLINDRICAL_SURFACE('',#4582,0.1);
#4582 = AXIS2_PLACEMENT_3D('',#4583,#4584,#4585);
#4583 = CARTESIAN_POINT('',(1.725026753969,1.7536,2.775026753969));
#4584 = DIRECTION('',(0.203558594953,-0.957667894858,0.203558594953));
#4585 = DIRECTION('',(0.978147600734,0.207911690818,5.107025913276E-15)
  );
#4586 = ADVANCED_FACE('',(#4587),#4598,.T.);
#4587 = FACE_BOUND('',#4588,.T.);
#4588 = EDGE_LOOP('',(#4589,#4590,#4591,#4592));
#4589 = ORIENTED_EDGE('',*,*,#3706,.F.);
#4590 = ORIENTED_EDGE('',*,*,#3641,.F.);
#4591 = ORIENTED_EDGE('',*,*,#3937,.T.);
#4592 = ORIENTED_EDGE('',*,*,#4593,.T.);
#4593 = EDGE_CURVE('',#3929,#3707,#4594,.T.);
#4594 = LINE('',#4595,#4596);
#4595 = CARTESIAN_POINT('',(2.102161868812,-0.150109952451,
    3.249976628885));
#4596 = VECTOR('',#4597,1.);
#4597 = DIRECTION('',(-0.203558594953,-0.957667894858,-0.203558594953));
#4598 = CYLINDRICAL_SURFACE('',#4599,0.1);
#4599 = AXIS2_PLACEMENT_3D('',#4600,#4601,#4602);
#4600 = CARTESIAN_POINT('',(2.502388611309,1.7536,3.552388611309));
#4601 = DIRECTION('',(-0.203558594953,-0.957667894858,-0.203558594953));
#4602 = DIRECTION('',(0.978147600734,-0.207911690818,5.107025913276E-15)
  );
#4603 = ADVANCED_FACE('',(#4604),#4612,.T.);
#4604 = FACE_BOUND('',#4605,.F.);
#4605 = EDGE_LOOP('',(#4606,#4607,#4608,#4609,#4610,#4611));
#4606 = ORIENTED_EDGE('',*,*,#4593,.T.);
#4607 = ORIENTED_EDGE('',*,*,#3731,.T.);
#4608 = ORIENTED_EDGE('',*,*,#3773,.F.);
#4609 = ORIENTED_EDGE('',*,*,#3842,.F.);
#4610 = ORIENTED_EDGE('',*,*,#3875,.T.);
#4611 = ORIENTED_EDGE('',*,*,#3928,.F.);
#4612 = PLANE('',#4613);
#4613 = AXIS2_PLACEMENT_3D('',#4614,#4615,#4616);
#4614 = CARTESIAN_POINT('',(-2.2,-0.15,3.25));
#4615 = DIRECTION('',(0.,-0.207911690818,0.978147600734));
#4616 = DIRECTION('',(1.,0.,0.));
#4617 = ADVANCED_FACE('',(#4618),#4629,.T.);
#4618 = FACE_BOUND('',#4619,.T.);
#4619 = EDGE_LOOP('',(#4620,#4627,#4628));
#4620 = ORIENTED_EDGE('',*,*,#4621,.T.);
#4621 = EDGE_CURVE('',#3406,#3549,#4622,.T.);
#4622 = CIRCLE('',#4623,0.1);
#4623 = AXIS2_PLACEMENT_3D('',#4624,#4625,#4626);
#4624 = CARTESIAN_POINT('',(2.033998972012,-0.45,-3.083998972012));
#4625 = DIRECTION('',(1.,0.,0.));
#4626 = DIRECTION('',(0.,-1.,0.));
#4627 = ORIENTED_EDGE('',*,*,#3595,.T.);
#4628 = ORIENTED_EDGE('',*,*,#3681,.T.);
#4629 = SPHERICAL_SURFACE('',#4630,0.1);
#4630 = AXIS2_PLACEMENT_3D('',#4631,#4632,#4633);
#4631 = CARTESIAN_POINT('',(2.033998972012,-0.45,-3.083998972012));
#4632 = DIRECTION('',(-0.707106781187,0.,-0.707106781187));
#4633 = DIRECTION('',(0.677173462579,-0.28787532572,-0.677173462579));
#4634 = ADVANCED_FACE('',(#4635),#4647,.T.);
#4635 = FACE_BOUND('',#4636,.T.);
#4636 = EDGE_LOOP('',(#4637,#4638,#4639,#4646));
#4637 = ORIENTED_EDGE('',*,*,#4621,.F.);
#4638 = ORIENTED_EDGE('',*,*,#3413,.F.);
#4639 = ORIENTED_EDGE('',*,*,#4640,.F.);
#4640 = EDGE_CURVE('',#3510,#3390,#4641,.T.);
#4641 = CIRCLE('',#4642,0.1);
#4642 = AXIS2_PLACEMENT_3D('',#4643,#4644,#4645);
#4643 = CARTESIAN_POINT('',(-2.033998972012,-0.45,-3.083998972012));
#4644 = DIRECTION('',(-1.,0.,0.));
#4645 = DIRECTION('',(-0.,-0.207911690818,-0.978147600734));
#4646 = ORIENTED_EDGE('',*,*,#3581,.T.);
#4647 = CYLINDRICAL_SURFACE('',#4648,0.1);
#4648 = AXIS2_PLACEMENT_3D('',#4649,#4650,#4651);
#4649 = CARTESIAN_POINT('',(-7.93584,-0.45,-3.083998972012));
#4650 = DIRECTION('',(1.,0.,0.));
#4651 = DIRECTION('',(0.,-1.,0.));
#4652 = ADVANCED_FACE('',(#4653),#4658,.T.);
#4653 = FACE_BOUND('',#4654,.T.);
#4654 = EDGE_LOOP('',(#4655,#4656,#4657));
#4655 = ORIENTED_EDGE('',*,*,#3427,.T.);
#4656 = ORIENTED_EDGE('',*,*,#3509,.T.);
#4657 = ORIENTED_EDGE('',*,*,#4640,.T.);
#4658 = SPHERICAL_SURFACE('',#4659,0.1);
#4659 = AXIS2_PLACEMENT_3D('',#4660,#4661,#4662);
#4660 = CARTESIAN_POINT('',(-2.033998972012,-0.45,-3.083998972012));
#4661 = DIRECTION('',(0.,0.62932039105,-0.777145961457));
#4662 = DIRECTION('',(0.,-0.777145961457,-0.62932039105));
#4663 = ( GEOMETRIC_REPRESENTATION_CONTEXT(3) 
GLOBAL_UNCERTAINTY_ASSIGNED_CONTEXT((#4667)) 
GLOBAL_UNIT_ASSIGNED_CONTEXT((#4664,#4665,#4666)) REPRESENTATION_CONTEXT
('Context #1','3D Context with UNIT and UNCERTAINTY') );
#4664 = ( LENGTH_UNIT() NAMED_UNIT(*) SI_UNIT(.MILLI.,.METRE.) );
#4665 = ( NAMED_UNIT(*) PLANE_ANGLE_UNIT() SI_UNIT($,.RADIAN.) );
#4666 = ( NAMED_UNIT(*) SI_UNIT($,.STERADIAN.) SOLID_ANGLE_UNIT() );
#4667 = UNCERTAINTY_MEASURE_WITH_UNIT(LENGTH_MEASURE(1.E-05),#4664,
  'distance_accuracy_value','confusion accuracy');
#4668 = CONTEXT_DEPENDENT_SHAPE_REPRESENTATION(#4669,#4671);
#4669 = ( REPRESENTATION_RELATIONSHIP('','',#3380,#3273) 
REPRESENTATION_RELATIONSHIP_WITH_TRANSFORMATION(#4670) 
SHAPE_REPRESENTATION_RELATIONSHIP() );
#4670 = ITEM_DEFINED_TRANSFORMATION('','',#11,#3274);
#4671 = PRODUCT_DEFINITION_SHAPE('Placement','Placement of an item',
  #4672);
#4672 = NEXT_ASSEMBLY_USAGE_OCCURRENCE('11','BODY-TSSOP','',#3268,#3375,
  $);
#4673 = PRODUCT_RELATED_PRODUCT_CATEGORY('part',$,(#3377));
#4674 = SHAPE_DEFINITION_REPRESENTATION(#4675,#4681);
#4675 = PRODUCT_DEFINITION_SHAPE('','',#4676);
#4676 = PRODUCT_DEFINITION('design','',#4677,#4680);
#4677 = PRODUCT_DEFINITION_FORMATION('','',#4678);
#4678 = PRODUCT('LEAD-TSSOP','LEAD-TSSOP','',(#4679));
#4679 = PRODUCT_CONTEXT('',#2,'mechanical');
#4680 = PRODUCT_DEFINITION_CONTEXT('part definition',#2,'design');
#4681 = ADVANCED_BREP_SHAPE_REPRESENTATION('',(#11,#4682),#5104);
#4682 = MANIFOLD_SOLID_BREP('',#4683);
#4683 = CLOSED_SHELL('',(#4684,#4792,#4824,#4848,#4872,#4896,#4921,#4945
    ,#4970,#4994,#5018,#5042,#5067,#5084));
#4684 = ADVANCED_FACE('',(#4685),#4787,.F.);
#4685 = FACE_BOUND('',#4686,.F.);
#4686 = EDGE_LOOP('',(#4687,#4698,#4706,#4715,#4723,#4731,#4739,#4748,
    #4756,#4765,#4773,#4781));
#4687 = ORIENTED_EDGE('',*,*,#4688,.F.);
#4688 = EDGE_CURVE('',#4689,#4691,#4693,.T.);
#4689 = VERTEX_POINT('',#4690);
#4690 = CARTESIAN_POINT('',(-0.1225,0.176930339512,0.123846756068));
#4691 = VERTEX_POINT('',#4692);
#4692 = CARTESIAN_POINT('',(-0.1225,0.43,-0.17245974611));
#4693 = CIRCLE('',#4694,0.3);
#4694 = AXIS2_PLACEMENT_3D('',#4695,#4696,#4697);
#4695 = CARTESIAN_POINT('',(-0.1225,0.13,-0.17245974611));
#4696 = DIRECTION('',(-1.,0.,0.));
#4697 = DIRECTION('',(0.,0.15643446504,0.987688340595));
#4698 = ORIENTED_EDGE('',*,*,#4699,.T.);
#4699 = EDGE_CURVE('',#4689,#4700,#4702,.T.);
#4700 = VERTEX_POINT('',#4701);
#4701 = CARTESIAN_POINT('',(-0.1225,4.981201057029E-02,0.143980321453));
#4702 = LINE('',#4703,#4704);
#4703 = CARTESIAN_POINT('',(-0.1225,0.176930339512,0.123846756068));
#4704 = VECTOR('',#4705,1.);
#4705 = DIRECTION('',(0.,-0.987688340595,0.15643446504));
#4706 = ORIENTED_EDGE('',*,*,#4707,.F.);
#4707 = EDGE_CURVE('',#4708,#4700,#4710,.T.);
#4708 = VERTEX_POINT('',#4709);
#4709 = CARTESIAN_POINT('',(-0.1225,-7.635742721265E-02,0.28167010148));
#4710 = CIRCLE('',#4711,0.15);
#4711 = AXIS2_PLACEMENT_3D('',#4712,#4713,#4714);
#4712 = CARTESIAN_POINT('',(-0.1225,7.327718032632E-02,0.292133572542));
#4713 = DIRECTION('',(1.,0.,0.));
#4714 = DIRECTION('',(0.,-0.99756405026,-6.975647374412E-02));
#4715 = ORIENTED_EDGE('',*,*,#4716,.T.);
#4716 = EDGE_CURVE('',#4708,#4717,#4719,.T.);
#4717 = VERTEX_POINT('',#4718);
#4718 = CARTESIAN_POINT('',(-0.1225,-0.100365392461,0.625));
#4719 = LINE('',#4720,#4721);
#4720 = CARTESIAN_POINT('',(-0.1225,-7.635742721265E-02,0.28167010148));
#4721 = VECTOR('',#4722,1.);
#4722 = DIRECTION('',(0.,-6.975647374413E-02,0.99756405026));
#4723 = ORIENTED_EDGE('',*,*,#4724,.T.);
#4724 = EDGE_CURVE('',#4717,#4725,#4727,.T.);
#4725 = VERTEX_POINT('',#4726);
#4726 = CARTESIAN_POINT('',(-0.1225,-0.25,0.614536528938));
#4727 = LINE('',#4728,#4729);
#4728 = CARTESIAN_POINT('',(-0.1225,-0.100365392461,0.625));
#4729 = VECTOR('',#4730,1.);
#4730 = DIRECTION('',(0.,-0.99756405026,-6.975647374412E-02));
#4731 = ORIENTED_EDGE('',*,*,#4732,.T.);
#4732 = EDGE_CURVE('',#4725,#4733,#4735,.T.);
#4733 = VERTEX_POINT('',#4734);
#4734 = CARTESIAN_POINT('',(-0.1225,-0.225992034752,0.271206630419));
#4735 = LINE('',#4736,#4737);
#4736 = CARTESIAN_POINT('',(-0.1225,-0.25,0.614536528938));
#4737 = VECTOR('',#4738,1.);
#4738 = DIRECTION('',(0.,6.975647374413E-02,-0.99756405026));
#4739 = ORIENTED_EDGE('',*,*,#4740,.F.);
#4740 = EDGE_CURVE('',#4741,#4733,#4743,.T.);
#4741 = VERTEX_POINT('',#4742);
#4742 = CARTESIAN_POINT('',(-0.1225,2.634684081425E-02,
    -4.172929636685E-03));
#4743 = CIRCLE('',#4744,0.3);
#4744 = AXIS2_PLACEMENT_3D('',#4745,#4746,#4747);
#4745 = CARTESIAN_POINT('',(-0.1225,7.327718032632E-02,0.292133572542));
#4746 = DIRECTION('',(-1.,0.,0.));
#4747 = DIRECTION('',(-0.,-0.15643446504,-0.987688340595));
#4748 = ORIENTED_EDGE('',*,*,#4749,.T.);
#4749 = EDGE_CURVE('',#4741,#4750,#4752,.T.);
#4750 = VERTEX_POINT('',#4751);
#4751 = CARTESIAN_POINT('',(-0.1225,0.153465169756,-2.430649502112E-02)
  );
#4752 = LINE('',#4753,#4754);
#4753 = CARTESIAN_POINT('',(-0.1225,2.634684081425E-02,
    -4.172929636685E-03));
#4754 = VECTOR('',#4755,1.);
#4755 = DIRECTION('',(0.,0.987688340595,-0.15643446504));
#4756 = ORIENTED_EDGE('',*,*,#4757,.F.);
#4757 = EDGE_CURVE('',#4758,#4750,#4760,.T.);
#4758 = VERTEX_POINT('',#4759);
#4759 = CARTESIAN_POINT('',(-0.1225,0.28,-0.17245974611));
#4760 = CIRCLE('',#4761,0.15);
#4761 = AXIS2_PLACEMENT_3D('',#4762,#4763,#4764);
#4762 = CARTESIAN_POINT('',(-0.1225,0.13,-0.17245974611));
#4763 = DIRECTION('',(1.,0.,0.));
#4764 = DIRECTION('',(-0.,1.,0.));
#4765 = ORIENTED_EDGE('',*,*,#4766,.T.);
#4766 = EDGE_CURVE('',#4758,#4767,#4769,.T.);
#4767 = VERTEX_POINT('',#4768);
#4768 = CARTESIAN_POINT('',(-0.1225,0.28,-0.375));
#4769 = LINE('',#4770,#4771);
#4770 = CARTESIAN_POINT('',(-0.1225,0.28,-0.17245974611));
#4771 = VECTOR('',#4772,1.);
#4772 = DIRECTION('',(0.,0.,-1.));
#4773 = ORIENTED_EDGE('',*,*,#4774,.T.);
#4774 = EDGE_CURVE('',#4767,#4775,#4777,.T.);
#4775 = VERTEX_POINT('',#4776);
#4776 = CARTESIAN_POINT('',(-0.1225,0.43,-0.375));
#4777 = LINE('',#4778,#4779);
#4778 = CARTESIAN_POINT('',(-0.1225,0.28,-0.375));
#4779 = VECTOR('',#4780,1.);
#4780 = DIRECTION('',(0.,1.,0.));
#4781 = ORIENTED_EDGE('',*,*,#4782,.T.);
#4782 = EDGE_CURVE('',#4775,#4691,#4783,.T.);
#4783 = LINE('',#4784,#4785);
#4784 = CARTESIAN_POINT('',(-0.1225,0.43,-0.375));
#4785 = VECTOR('',#4786,1.);
#4786 = DIRECTION('',(0.,0.,1.));
#4787 = PLANE('',#4788);
#4788 = AXIS2_PLACEMENT_3D('',#4789,#4790,#4791);
#4789 = CARTESIAN_POINT('',(-0.1225,0.,0.));
#4790 = DIRECTION('',(1.,0.,0.));
#4791 = DIRECTION('',(0.,0.,-1.));
#4792 = ADVANCED_FACE('',(#4793),#4819,.T.);
#4793 = FACE_BOUND('',#4794,.T.);
#4794 = EDGE_LOOP('',(#4795,#4803,#4812,#4818));
#4795 = ORIENTED_EDGE('',*,*,#4796,.F.);
#4796 = EDGE_CURVE('',#4797,#4689,#4799,.T.);
#4797 = VERTEX_POINT('',#4798);
#4798 = CARTESIAN_POINT('',(0.1225,0.176930339512,0.123846756068));
#4799 = LINE('',#4800,#4801);
#4800 = CARTESIAN_POINT('',(0.1225,0.176930339512,0.123846756068));
#4801 = VECTOR('',#4802,1.);
#4802 = DIRECTION('',(-1.,0.,0.));
#4803 = ORIENTED_EDGE('',*,*,#4804,.F.);
#4804 = EDGE_CURVE('',#4805,#4797,#4807,.T.);
#4805 = VERTEX_POINT('',#4806);
#4806 = CARTESIAN_POINT('',(0.1225,0.43,-0.17245974611));
#4807 = CIRCLE('',#4808,0.3);
#4808 = AXIS2_PLACEMENT_3D('',#4809,#4810,#4811);
#4809 = CARTESIAN_POINT('',(0.1225,0.13,-0.17245974611));
#4810 = DIRECTION('',(1.,0.,0.));
#4811 = DIRECTION('',(-0.,1.,0.));
#4812 = ORIENTED_EDGE('',*,*,#4813,.T.);
#4813 = EDGE_CURVE('',#4805,#4691,#4814,.T.);
#4814 = LINE('',#4815,#4816);
#4815 = CARTESIAN_POINT('',(0.1225,0.43,-0.17245974611));
#4816 = VECTOR('',#4817,1.);
#4817 = DIRECTION('',(-1.,0.,0.));
#4818 = ORIENTED_EDGE('',*,*,#4688,.F.);
#4819 = CYLINDRICAL_SURFACE('',#4820,0.3);
#4820 = AXIS2_PLACEMENT_3D('',#4821,#4822,#4823);
#4821 = CARTESIAN_POINT('',(0.508014,0.13,-0.17245974611));
#4822 = DIRECTION('',(-1.,0.,0.));
#4823 = DIRECTION('',(0.,0.15643446504,0.987688340595));
#4824 = ADVANCED_FACE('',(#4825),#4843,.T.);
#4825 = FACE_BOUND('',#4826,.F.);
#4826 = EDGE_LOOP('',(#4827,#4828,#4829,#4837));
#4827 = ORIENTED_EDGE('',*,*,#4813,.T.);
#4828 = ORIENTED_EDGE('',*,*,#4782,.F.);
#4829 = ORIENTED_EDGE('',*,*,#4830,.T.);
#4830 = EDGE_CURVE('',#4775,#4831,#4833,.T.);
#4831 = VERTEX_POINT('',#4832);
#4832 = CARTESIAN_POINT('',(0.1225,0.43,-0.375));
#4833 = LINE('',#4834,#4835);
#4834 = CARTESIAN_POINT('',(-0.1225,0.43,-0.375));
#4835 = VECTOR('',#4836,1.);
#4836 = DIRECTION('',(1.,0.,0.));
#4837 = ORIENTED_EDGE('',*,*,#4838,.T.);
#4838 = EDGE_CURVE('',#4831,#4805,#4839,.T.);
#4839 = LINE('',#4840,#4841);
#4840 = CARTESIAN_POINT('',(0.1225,0.43,-0.375));
#4841 = VECTOR('',#4842,1.);
#4842 = DIRECTION('',(0.,0.,1.));
#4843 = PLANE('',#4844);
#4844 = AXIS2_PLACEMENT_3D('',#4845,#4846,#4847);
#4845 = CARTESIAN_POINT('',(-0.1225,0.43,-0.375));
#4846 = DIRECTION('',(0.,1.,0.));
#4847 = DIRECTION('',(0.,-0.,1.));
#4848 = ADVANCED_FACE('',(#4849),#4867,.T.);
#4849 = FACE_BOUND('',#4850,.F.);
#4850 = EDGE_LOOP('',(#4851,#4852,#4860,#4866));
#4851 = ORIENTED_EDGE('',*,*,#4774,.F.);
#4852 = ORIENTED_EDGE('',*,*,#4853,.T.);
#4853 = EDGE_CURVE('',#4767,#4854,#4856,.T.);
#4854 = VERTEX_POINT('',#4855);
#4855 = CARTESIAN_POINT('',(0.1225,0.28,-0.375));
#4856 = LINE('',#4857,#4858);
#4857 = CARTESIAN_POINT('',(-0.1225,0.28,-0.375));
#4858 = VECTOR('',#4859,1.);
#4859 = DIRECTION('',(1.,0.,0.));
#4860 = ORIENTED_EDGE('',*,*,#4861,.T.);
#4861 = EDGE_CURVE('',#4854,#4831,#4862,.T.);
#4862 = LINE('',#4863,#4864);
#4863 = CARTESIAN_POINT('',(0.1225,0.28,-0.375));
#4864 = VECTOR('',#4865,1.);
#4865 = DIRECTION('',(0.,1.,0.));
#4866 = ORIENTED_EDGE('',*,*,#4830,.F.);
#4867 = PLANE('',#4868);
#4868 = AXIS2_PLACEMENT_3D('',#4869,#4870,#4871);
#4869 = CARTESIAN_POINT('',(-0.1225,0.28,-0.375));
#4870 = DIRECTION('',(0.,0.,-1.));
#4871 = DIRECTION('',(0.,1.,0.));
#4872 = ADVANCED_FACE('',(#4873),#4891,.T.);
#4873 = FACE_BOUND('',#4874,.F.);
#4874 = EDGE_LOOP('',(#4875,#4883,#4889,#4890));
#4875 = ORIENTED_EDGE('',*,*,#4876,.T.);
#4876 = EDGE_CURVE('',#4758,#4877,#4879,.T.);
#4877 = VERTEX_POINT('',#4878);
#4878 = CARTESIAN_POINT('',(0.1225,0.28,-0.17245974611));
#4879 = LINE('',#4880,#4881);
#4880 = CARTESIAN_POINT('',(-0.1225,0.28,-0.17245974611));
#4881 = VECTOR('',#4882,1.);
#4882 = DIRECTION('',(1.,0.,0.));
#4883 = ORIENTED_EDGE('',*,*,#4884,.T.);
#4884 = EDGE_CURVE('',#4877,#4854,#4885,.T.);
#4885 = LINE('',#4886,#4887);
#4886 = CARTESIAN_POINT('',(0.1225,0.28,-0.17245974611));
#4887 = VECTOR('',#4888,1.);
#4888 = DIRECTION('',(0.,0.,-1.));
#4889 = ORIENTED_EDGE('',*,*,#4853,.F.);
#4890 = ORIENTED_EDGE('',*,*,#4766,.F.);
#4891 = PLANE('',#4892);
#4892 = AXIS2_PLACEMENT_3D('',#4893,#4894,#4895);
#4893 = CARTESIAN_POINT('',(-0.1225,0.28,-4.434764329087E-02));
#4894 = DIRECTION('',(0.,-1.,0.));
#4895 = DIRECTION('',(0.,0.,-1.));
#4896 = ADVANCED_FACE('',(#4897),#4916,.F.);
#4897 = FACE_BOUND('',#4898,.F.);
#4898 = EDGE_LOOP('',(#4899,#4900,#4901,#4909));
#4899 = ORIENTED_EDGE('',*,*,#4876,.F.);
#4900 = ORIENTED_EDGE('',*,*,#4757,.T.);
#4901 = ORIENTED_EDGE('',*,*,#4902,.T.);
#4902 = EDGE_CURVE('',#4750,#4903,#4905,.T.);
#4903 = VERTEX_POINT('',#4904);
#4904 = CARTESIAN_POINT('',(0.1225,0.153465169756,-2.430649502112E-02));
#4905 = LINE('',#4906,#4907);
#4906 = CARTESIAN_POINT('',(-0.1225,0.153465169756,-2.430649502112E-02)
  );
#4907 = VECTOR('',#4908,1.);
#4908 = DIRECTION('',(1.,0.,0.));
#4909 = ORIENTED_EDGE('',*,*,#4910,.T.);
#4910 = EDGE_CURVE('',#4903,#4877,#4911,.T.);
#4911 = CIRCLE('',#4912,0.15);
#4912 = AXIS2_PLACEMENT_3D('',#4913,#4914,#4915);
#4913 = CARTESIAN_POINT('',(0.1225,0.13,-0.17245974611));
#4914 = DIRECTION('',(-1.,0.,0.));
#4915 = DIRECTION('',(0.,0.15643446504,0.987688340595));
#4916 = CYLINDRICAL_SURFACE('',#4917,0.15);
#4917 = AXIS2_PLACEMENT_3D('',#4918,#4919,#4920);
#4918 = CARTESIAN_POINT('',(-0.441882,0.13,-0.17245974611));
#4919 = DIRECTION('',(1.,0.,0.));
#4920 = DIRECTION('',(-0.,1.,0.));
#4921 = ADVANCED_FACE('',(#4922),#4940,.T.);
#4922 = FACE_BOUND('',#4923,.F.);
#4923 = EDGE_LOOP('',(#4924,#4932,#4938,#4939));
#4924 = ORIENTED_EDGE('',*,*,#4925,.F.);
#4925 = EDGE_CURVE('',#4926,#4741,#4928,.T.);
#4926 = VERTEX_POINT('',#4927);
#4927 = CARTESIAN_POINT('',(0.1225,2.634684081425E-02,
    -4.172929636685E-03));
#4928 = LINE('',#4929,#4930);
#4929 = CARTESIAN_POINT('',(0.1225,2.634684081425E-02,
    -4.172929636685E-03));
#4930 = VECTOR('',#4931,1.);
#4931 = DIRECTION('',(-1.,0.,0.));
#4932 = ORIENTED_EDGE('',*,*,#4933,.F.);
#4933 = EDGE_CURVE('',#4903,#4926,#4934,.T.);
#4934 = LINE('',#4935,#4936);
#4935 = CARTESIAN_POINT('',(0.1225,0.153465169756,-2.430649502112E-02));
#4936 = VECTOR('',#4937,1.);
#4937 = DIRECTION('',(0.,-0.987688340595,0.15643446504));
#4938 = ORIENTED_EDGE('',*,*,#4902,.F.);
#4939 = ORIENTED_EDGE('',*,*,#4749,.F.);
#4940 = PLANE('',#4941);
#4941 = AXIS2_PLACEMENT_3D('',#4942,#4943,#4944);
#4942 = CARTESIAN_POINT('',(-0.1225,-0.209345993361,3.315714799263E-02)
  );
#4943 = DIRECTION('',(0.,-0.15643446504,-0.987688340595));
#4944 = DIRECTION('',(0.,0.987688340595,-0.15643446504));
#4945 = ADVANCED_FACE('',(#4946),#4965,.T.);
#4946 = FACE_BOUND('',#4947,.T.);
#4947 = EDGE_LOOP('',(#4948,#4949,#4958,#4964));
#4948 = ORIENTED_EDGE('',*,*,#4925,.F.);
#4949 = ORIENTED_EDGE('',*,*,#4950,.F.);
#4950 = EDGE_CURVE('',#4951,#4926,#4953,.T.);
#4951 = VERTEX_POINT('',#4952);
#4952 = CARTESIAN_POINT('',(0.1225,-0.225992034752,0.271206630419));
#4953 = CIRCLE('',#4954,0.3);
#4954 = AXIS2_PLACEMENT_3D('',#4955,#4956,#4957);
#4955 = CARTESIAN_POINT('',(0.1225,7.327718032632E-02,0.292133572542));
#4956 = DIRECTION('',(1.,0.,0.));
#4957 = DIRECTION('',(0.,-0.99756405026,-6.975647374413E-02));
#4958 = ORIENTED_EDGE('',*,*,#4959,.T.);
#4959 = EDGE_CURVE('',#4951,#4733,#4960,.T.);
#4960 = LINE('',#4961,#4962);
#4961 = CARTESIAN_POINT('',(0.1225,-0.225992034752,0.271206630419));
#4962 = VECTOR('',#4963,1.);
#4963 = DIRECTION('',(-1.,0.,0.));
#4964 = ORIENTED_EDGE('',*,*,#4740,.F.);
#4965 = CYLINDRICAL_SURFACE('',#4966,0.3);
#4966 = AXIS2_PLACEMENT_3D('',#4967,#4968,#4969);
#4967 = CARTESIAN_POINT('',(0.508014,7.327718032632E-02,0.292133572542)
  );
#4968 = DIRECTION('',(-1.,0.,0.));
#4969 = DIRECTION('',(-0.,-0.15643446504,-0.987688340595));
#4970 = ADVANCED_FACE('',(#4971),#4989,.T.);
#4971 = FACE_BOUND('',#4972,.F.);
#4972 = EDGE_LOOP('',(#4973,#4974,#4975,#4983));
#4973 = ORIENTED_EDGE('',*,*,#4959,.T.);
#4974 = ORIENTED_EDGE('',*,*,#4732,.F.);
#4975 = ORIENTED_EDGE('',*,*,#4976,.T.);
#4976 = EDGE_CURVE('',#4725,#4977,#4979,.T.);
#4977 = VERTEX_POINT('',#4978);
#4978 = CARTESIAN_POINT('',(0.1225,-0.25,0.614536528938));
#4979 = LINE('',#4980,#4981);
#4980 = CARTESIAN_POINT('',(-0.1225,-0.25,0.614536528938));
#4981 = VECTOR('',#4982,1.);
#4982 = DIRECTION('',(1.,0.,0.));
#4983 = ORIENTED_EDGE('',*,*,#4984,.T.);
#4984 = EDGE_CURVE('',#4977,#4951,#4985,.T.);
#4985 = LINE('',#4986,#4987);
#4986 = CARTESIAN_POINT('',(0.1225,-0.25,0.614536528938));
#4987 = VECTOR('',#4988,1.);
#4988 = DIRECTION('',(0.,6.975647374413E-02,-0.99756405026));
#4989 = PLANE('',#4990);
#4990 = AXIS2_PLACEMENT_3D('',#4991,#4992,#4993);
#4991 = CARTESIAN_POINT('',(-0.1225,-0.25,0.614536528938));
#4992 = DIRECTION('',(0.,-0.99756405026,-6.975647374413E-02));
#4993 = DIRECTION('',(0.,6.975647374413E-02,-0.99756405026));
#4994 = ADVANCED_FACE('',(#4995),#5013,.T.);
#4995 = FACE_BOUND('',#4996,.F.);
#4996 = EDGE_LOOP('',(#4997,#4998,#5006,#5012));
#4997 = ORIENTED_EDGE('',*,*,#4724,.F.);
#4998 = ORIENTED_EDGE('',*,*,#4999,.T.);
#4999 = EDGE_CURVE('',#4717,#5000,#5002,.T.);
#5000 = VERTEX_POINT('',#5001);
#5001 = CARTESIAN_POINT('',(0.1225,-0.100365392461,0.625));
#5002 = LINE('',#5003,#5004);
#5003 = CARTESIAN_POINT('',(-0.1225,-0.100365392461,0.625));
#5004 = VECTOR('',#5005,1.);
#5005 = DIRECTION('',(1.,0.,0.));
#5006 = ORIENTED_EDGE('',*,*,#5007,.T.);
#5007 = EDGE_CURVE('',#5000,#4977,#5008,.T.);
#5008 = LINE('',#5009,#5010);
#5009 = CARTESIAN_POINT('',(0.1225,-0.100365392461,0.625));
#5010 = VECTOR('',#5011,1.);
#5011 = DIRECTION('',(0.,-0.99756405026,-6.975647374412E-02));
#5012 = ORIENTED_EDGE('',*,*,#4976,.F.);
#5013 = PLANE('',#5014);
#5014 = AXIS2_PLACEMENT_3D('',#5015,#5016,#5017);
#5015 = CARTESIAN_POINT('',(-0.1225,-0.100365392461,0.625));
#5016 = DIRECTION('',(0.,-6.975647374412E-02,0.99756405026));
#5017 = DIRECTION('',(0.,-0.99756405026,-6.975647374412E-02));
#5018 = ADVANCED_FACE('',(#5019),#5037,.T.);
#5019 = FACE_BOUND('',#5020,.F.);
#5020 = EDGE_LOOP('',(#5021,#5029,#5035,#5036));
#5021 = ORIENTED_EDGE('',*,*,#5022,.T.);
#5022 = EDGE_CURVE('',#4708,#5023,#5025,.T.);
#5023 = VERTEX_POINT('',#5024);
#5024 = CARTESIAN_POINT('',(0.1225,-7.635742721265E-02,0.28167010148));
#5025 = LINE('',#5026,#5027);
#5026 = CARTESIAN_POINT('',(-0.1225,-7.635742721265E-02,0.28167010148));
#5027 = VECTOR('',#5028,1.);
#5028 = DIRECTION('',(1.,0.,0.));
#5029 = ORIENTED_EDGE('',*,*,#5030,.T.);
#5030 = EDGE_CURVE('',#5023,#5000,#5031,.T.);
#5031 = LINE('',#5032,#5033);
#5032 = CARTESIAN_POINT('',(0.1225,-7.635742721265E-02,0.28167010148));
#5033 = VECTOR('',#5034,1.);
#5034 = DIRECTION('',(0.,-6.975647374413E-02,0.99756405026));
#5035 = ORIENTED_EDGE('',*,*,#4999,.F.);
#5036 = ORIENTED_EDGE('',*,*,#4716,.F.);
#5037 = PLANE('',#5038);
#5038 = AXIS2_PLACEMENT_3D('',#5039,#5040,#5041);
#5039 = CARTESIAN_POINT('',(-0.1225,-6.803440651722E-02,0.162645360267)
  );
#5040 = DIRECTION('',(0.,0.99756405026,6.975647374413E-02));
#5041 = DIRECTION('',(0.,-6.975647374413E-02,0.99756405026));
#5042 = ADVANCED_FACE('',(#5043),#5062,.F.);
#5043 = FACE_BOUND('',#5044,.F.);
#5044 = EDGE_LOOP('',(#5045,#5046,#5047,#5055));
#5045 = ORIENTED_EDGE('',*,*,#5022,.F.);
#5046 = ORIENTED_EDGE('',*,*,#4707,.T.);
#5047 = ORIENTED_EDGE('',*,*,#5048,.T.);
#5048 = EDGE_CURVE('',#4700,#5049,#5051,.T.);
#5049 = VERTEX_POINT('',#5050);
#5050 = CARTESIAN_POINT('',(0.1225,4.981201057029E-02,0.143980321453));
#5051 = LINE('',#5052,#5053);
#5052 = CARTESIAN_POINT('',(-0.1225,4.981201057029E-02,0.143980321453));
#5053 = VECTOR('',#5054,1.);
#5054 = DIRECTION('',(1.,0.,0.));
#5055 = ORIENTED_EDGE('',*,*,#5056,.T.);
#5056 = EDGE_CURVE('',#5049,#5023,#5057,.T.);
#5057 = CIRCLE('',#5058,0.15);
#5058 = AXIS2_PLACEMENT_3D('',#5059,#5060,#5061);
#5059 = CARTESIAN_POINT('',(0.1225,7.327718032632E-02,0.292133572542));
#5060 = DIRECTION('',(-1.,0.,0.));
#5061 = DIRECTION('',(-0.,-0.15643446504,-0.987688340595));
#5062 = CYLINDRICAL_SURFACE('',#5063,0.15);
#5063 = AXIS2_PLACEMENT_3D('',#5064,#5065,#5066);
#5064 = CARTESIAN_POINT('',(-0.441882,7.327718032632E-02,0.292133572542)
  );
#5065 = DIRECTION('',(1.,0.,0.));
#5066 = DIRECTION('',(0.,-0.99756405026,-6.975647374413E-02));
#5067 = ADVANCED_FACE('',(#5068),#5079,.T.);
#5068 = FACE_BOUND('',#5069,.F.);
#5069 = EDGE_LOOP('',(#5070,#5071,#5077,#5078));
#5070 = ORIENTED_EDGE('',*,*,#4796,.F.);
#5071 = ORIENTED_EDGE('',*,*,#5072,.F.);
#5072 = EDGE_CURVE('',#5049,#4797,#5073,.T.);
#5073 = LINE('',#5074,#5075);
#5074 = CARTESIAN_POINT('',(0.1225,4.981201057029E-02,0.143980321453));
#5075 = VECTOR('',#5076,1.);
#5076 = DIRECTION('',(0.,0.987688340595,-0.15643446504));
#5077 = ORIENTED_EDGE('',*,*,#5048,.F.);
#5078 = ORIENTED_EDGE('',*,*,#4699,.F.);
#5079 = PLANE('',#5080);
#5080 = AXIS2_PLACEMENT_3D('',#5081,#5082,#5083);
#5081 = CARTESIAN_POINT('',(-0.1225,2.346516975603E-02,0.148153251089));
#5082 = DIRECTION('',(0.,0.15643446504,0.987688340595));
#5083 = DIRECTION('',(0.,-0.987688340595,0.15643446504));
#5084 = ADVANCED_FACE('',(#5085),#5099,.T.);
#5085 = FACE_BOUND('',#5086,.F.);
#5086 = EDGE_LOOP('',(#5087,#5088,#5089,#5090,#5091,#5092,#5093,#5094,
    #5095,#5096,#5097,#5098));
#5087 = ORIENTED_EDGE('',*,*,#4804,.F.);
#5088 = ORIENTED_EDGE('',*,*,#4838,.F.);
#5089 = ORIENTED_EDGE('',*,*,#4861,.F.);
#5090 = ORIENTED_EDGE('',*,*,#4884,.F.);
#5091 = ORIENTED_EDGE('',*,*,#4910,.F.);
#5092 = ORIENTED_EDGE('',*,*,#4933,.T.);
#5093 = ORIENTED_EDGE('',*,*,#4950,.F.);
#5094 = ORIENTED_EDGE('',*,*,#4984,.F.);
#5095 = ORIENTED_EDGE('',*,*,#5007,.F.);
#5096 = ORIENTED_EDGE('',*,*,#5030,.F.);
#5097 = ORIENTED_EDGE('',*,*,#5056,.F.);
#5098 = ORIENTED_EDGE('',*,*,#5072,.T.);
#5099 = PLANE('',#5100);
#5100 = AXIS2_PLACEMENT_3D('',#5101,#5102,#5103);
#5101 = CARTESIAN_POINT('',(0.1225,0.,0.));
#5102 = DIRECTION('',(1.,0.,0.));
#5103 = DIRECTION('',(0.,0.,-1.));
#5104 = ( GEOMETRIC_REPRESENTATION_CONTEXT(3) 
GLOBAL_UNCERTAINTY_ASSIGNED_CONTEXT((#5108)) 
GLOBAL_UNIT_ASSIGNED_CONTEXT((#5105,#5106,#5107)) REPRESENTATION_CONTEXT
('Context #1','3D Context with UNIT and UNCERTAINTY') );
#5105 = ( LENGTH_UNIT() NAMED_UNIT(*) SI_UNIT(.MILLI.,.METRE.) );
#5106 = ( NAMED_UNIT(*) PLANE_ANGLE_UNIT() SI_UNIT($,.RADIAN.) );
#5107 = ( NAMED_UNIT(*) SI_UNIT($,.STERADIAN.) SOLID_ANGLE_UNIT() );
#5108 = UNCERTAINTY_MEASURE_WITH_UNIT(LENGTH_MEASURE(1.E-07),#5105,
  'distance_accuracy_value','confusion accuracy');
#5109 = CONTEXT_DEPENDENT_SHAPE_REPRESENTATION(#5110,#5112);
#5110 = ( REPRESENTATION_RELATIONSHIP('','',#4681,#3273) 
REPRESENTATION_RELATIONSHIP_WITH_TRANSFORMATION(#5111) 
SHAPE_REPRESENTATION_RELATIONSHIP() );
#5111 = ITEM_DEFINED_TRANSFORMATION('','',#11,#3278);
#5112 = PRODUCT_DEFINITION_SHAPE('Placement','Placement of an item',
  #5113);
#5113 = NEXT_ASSEMBLY_USAGE_OCCURRENCE('12','LEAD-TSSOP','',#3268,#4676,
  $);
#5114 = PRODUCT_RELATED_PRODUCT_CATEGORY('part',$,(#4678));
#5115 = CONTEXT_DEPENDENT_SHAPE_REPRESENTATION(#5116,#5118);
#5116 = ( REPRESENTATION_RELATIONSHIP('','',#4681,#3273) 
REPRESENTATION_RELATIONSHIP_WITH_TRANSFORMATION(#5117) 
SHAPE_REPRESENTATION_RELATIONSHIP() );
#5117 = ITEM_DEFINED_TRANSFORMATION('','',#11,#3282);
#5118 = PRODUCT_DEFINITION_SHAPE('Placement','Placement of an item',
  #5119);
#5119 = NEXT_ASSEMBLY_USAGE_OCCURRENCE('13','LEAD-TSSOP','',#3268,#4676,
  $);
#5120 = CONTEXT_DEPENDENT_SHAPE_REPRESENTATION(#5121,#5123);
#5121 = ( REPRESENTATION_RELATIONSHIP('','',#4681,#3273) 
REPRESENTATION_RELATIONSHIP_WITH_TRANSFORMATION(#5122) 
SHAPE_REPRESENTATION_RELATIONSHIP() );
#5122 = ITEM_DEFINED_TRANSFORMATION('','',#11,#3286);
#5123 = PRODUCT_DEFINITION_SHAPE('Placement','Placement of an item',
  #5124);
#5124 = NEXT_ASSEMBLY_USAGE_OCCURRENCE('14','LEAD-TSSOP','',#3268,#4676,
  $);
#5125 = CONTEXT_DEPENDENT_SHAPE_REPRESENTATION(#5126,#5128);
#5126 = ( REPRESENTATION_RELATIONSHIP('','',#4681,#3273) 
REPRESENTATION_RELATIONSHIP_WITH_TRANSFORMATION(#5127) 
SHAPE_REPRESENTATION_RELATIONSHIP() );
#5127 = ITEM_DEFINED_TRANSFORMATION('','',#11,#3290);
#5128 = PRODUCT_DEFINITION_SHAPE('Placement','Placement of an item',
  #5129);
#5129 = NEXT_ASSEMBLY_USAGE_OCCURRENCE('15','LEAD-TSSOP','',#3268,#4676,
  $);
#5130 = CONTEXT_DEPENDENT_SHAPE_REPRESENTATION(#5131,#5133);
#5131 = ( REPRESENTATION_RELATIONSHIP('','',#4681,#3273) 
REPRESENTATION_RELATIONSHIP_WITH_TRANSFORMATION(#5132) 
SHAPE_REPRESENTATION_RELATIONSHIP() );
#5132 = ITEM_DEFINED_TRANSFORMATION('','',#11,#3294);
#5133 = PRODUCT_DEFINITION_SHAPE('Placement','Placement of an item',
  #5134);
#5134 = NEXT_ASSEMBLY_USAGE_OCCURRENCE('16','LEAD-TSSOP','',#3268,#4676,
  $);
#5135 = CONTEXT_DEPENDENT_SHAPE_REPRESENTATION(#5136,#5138);
#5136 = ( REPRESENTATION_RELATIONSHIP('','',#4681,#3273) 
REPRESENTATION_RELATIONSHIP_WITH_TRANSFORMATION(#5137) 
SHAPE_REPRESENTATION_RELATIONSHIP() );
#5137 = ITEM_DEFINED_TRANSFORMATION('','',#11,#3298);
#5138 = PRODUCT_DEFINITION_SHAPE('Placement','Placement of an item',
  #5139);
#5139 = NEXT_ASSEMBLY_USAGE_OCCURRENCE('17','LEAD-TSSOP','',#3268,#4676,
  $);
#5140 = CONTEXT_DEPENDENT_SHAPE_REPRESENTATION(#5141,#5143);
#5141 = ( REPRESENTATION_RELATIONSHIP('','',#4681,#3273) 
REPRESENTATION_RELATIONSHIP_WITH_TRANSFORMATION(#5142) 
SHAPE_REPRESENTATION_RELATIONSHIP() );
#5142 = ITEM_DEFINED_TRANSFORMATION('','',#11,#3302);
#5143 = PRODUCT_DEFINITION_SHAPE('Placement','Placement of an item',
  #5144);
#5144 = NEXT_ASSEMBLY_USAGE_OCCURRENCE('18','LEAD-TSSOP','',#3268,#4676,
  $);
#5145 = CONTEXT_DEPENDENT_SHAPE_REPRESENTATION(#5146,#5148);
#5146 = ( REPRESENTATION_RELATIONSHIP('','',#4681,#3273) 
REPRESENTATION_RELATIONSHIP_WITH_TRANSFORMATION(#5147) 
SHAPE_REPRESENTATION_RELATIONSHIP() );
#5147 = ITEM_DEFINED_TRANSFORMATION('','',#11,#3306);
#5148 = PRODUCT_DEFINITION_SHAPE('Placement','Placement of an item',
  #5149);
#5149 = NEXT_ASSEMBLY_USAGE_OCCURRENCE('19','LEAD-TSSOP','',#3268,#4676,
  $);
#5150 = CONTEXT_DEPENDENT_SHAPE_REPRESENTATION(#5151,#5153);
#5151 = ( REPRESENTATION_RELATIONSHIP('','',#4681,#3273) 
REPRESENTATION_RELATIONSHIP_WITH_TRANSFORMATION(#5152) 
SHAPE_REPRESENTATION_RELATIONSHIP() );
#5152 = ITEM_DEFINED_TRANSFORMATION('','',#11,#3310);
#5153 = PRODUCT_DEFINITION_SHAPE('Placement','Placement of an item',
  #5154);
#5154 = NEXT_ASSEMBLY_USAGE_OCCURRENCE('20','LEAD-TSSOP','',#3268,#4676,
  $);
#5155 = CONTEXT_DEPENDENT_SHAPE_REPRESENTATION(#5156,#5158);
#5156 = ( REPRESENTATION_RELATIONSHIP('','',#4681,#3273) 
REPRESENTATION_RELATIONSHIP_WITH_TRANSFORMATION(#5157) 
SHAPE_REPRESENTATION_RELATIONSHIP() );
#5157 = ITEM_DEFINED_TRANSFORMATION('','',#11,#3314);
#5158 = PRODUCT_DEFINITION_SHAPE('Placement','Placement of an item',
  #5159);
#5159 = NEXT_ASSEMBLY_USAGE_OCCURRENCE('21','LEAD-TSSOP','',#3268,#4676,
  $);
#5160 = CONTEXT_DEPENDENT_SHAPE_REPRESENTATION(#5161,#5163);
#5161 = ( REPRESENTATION_RELATIONSHIP('','',#4681,#3273) 
REPRESENTATION_RELATIONSHIP_WITH_TRANSFORMATION(#5162) 
SHAPE_REPRESENTATION_RELATIONSHIP() );
#5162 = ITEM_DEFINED_TRANSFORMATION('','',#11,#3318);
#5163 = PRODUCT_DEFINITION_SHAPE('Placement','Placement of an item',
  #5164);
#5164 = NEXT_ASSEMBLY_USAGE_OCCURRENCE('22','LEAD-TSSOP','',#3268,#4676,
  $);
#5165 = CONTEXT_DEPENDENT_SHAPE_REPRESENTATION(#5166,#5168);
#5166 = ( REPRESENTATION_RELATIONSHIP('','',#4681,#3273) 
REPRESENTATION_RELATIONSHIP_WITH_TRANSFORMATION(#5167) 
SHAPE_REPRESENTATION_RELATIONSHIP() );
#5167 = ITEM_DEFINED_TRANSFORMATION('','',#11,#3322);
#5168 = PRODUCT_DEFINITION_SHAPE('Placement','Placement of an item',
  #5169);
#5169 = NEXT_ASSEMBLY_USAGE_OCCURRENCE('23','LEAD-TSSOP','',#3268,#4676,
  $);
#5170 = CONTEXT_DEPENDENT_SHAPE_REPRESENTATION(#5171,#5173);
#5171 = ( REPRESENTATION_RELATIONSHIP('','',#4681,#3273) 
REPRESENTATION_RELATIONSHIP_WITH_TRANSFORMATION(#5172) 
SHAPE_REPRESENTATION_RELATIONSHIP() );
#5172 = ITEM_DEFINED_TRANSFORMATION('','',#11,#3326);
#5173 = PRODUCT_DEFINITION_SHAPE('Placement','Placement of an item',
  #5174);
#5174 = NEXT_ASSEMBLY_USAGE_OCCURRENCE('24','LEAD-TSSOP','',#3268,#4676,
  $);
#5175 = CONTEXT_DEPENDENT_SHAPE_REPRESENTATION(#5176,#5178);
#5176 = ( REPRESENTATION_RELATIONSHIP('','',#4681,#3273) 
REPRESENTATION_RELATIONSHIP_WITH_TRANSFORMATION(#5177) 
SHAPE_REPRESENTATION_RELATIONSHIP() );
#5177 = ITEM_DEFINED_TRANSFORMATION('','',#11,#3330);
#5178 = PRODUCT_DEFINITION_SHAPE('Placement','Placement of an item',
  #5179);
#5179 = NEXT_ASSEMBLY_USAGE_OCCURRENCE('25','LEAD-TSSOP','',#3268,#4676,
  $);
#5180 = CONTEXT_DEPENDENT_SHAPE_REPRESENTATION(#5181,#5183);
#5181 = ( REPRESENTATION_RELATIONSHIP('','',#4681,#3273) 
REPRESENTATION_RELATIONSHIP_WITH_TRANSFORMATION(#5182) 
SHAPE_REPRESENTATION_RELATIONSHIP() );
#5182 = ITEM_DEFINED_TRANSFORMATION('','',#11,#3334);
#5183 = PRODUCT_DEFINITION_SHAPE('Placement','Placement of an item',
  #5184);
#5184 = NEXT_ASSEMBLY_USAGE_OCCURRENCE('26','LEAD-TSSOP','',#3268,#4676,
  $);
#5185 = CONTEXT_DEPENDENT_SHAPE_REPRESENTATION(#5186,#5188);
#5186 = ( REPRESENTATION_RELATIONSHIP('','',#4681,#3273) 
REPRESENTATION_RELATIONSHIP_WITH_TRANSFORMATION(#5187) 
SHAPE_REPRESENTATION_RELATIONSHIP() );
#5187 = ITEM_DEFINED_TRANSFORMATION('','',#11,#3338);
#5188 = PRODUCT_DEFINITION_SHAPE('Placement','Placement of an item',
  #5189);
#5189 = NEXT_ASSEMBLY_USAGE_OCCURRENCE('27','LEAD-TSSOP','',#3268,#4676,
  $);
#5190 = CONTEXT_DEPENDENT_SHAPE_REPRESENTATION(#5191,#5193);
#5191 = ( REPRESENTATION_RELATIONSHIP('','',#4681,#3273) 
REPRESENTATION_RELATIONSHIP_WITH_TRANSFORMATION(#5192) 
SHAPE_REPRESENTATION_RELATIONSHIP() );
#5192 = ITEM_DEFINED_TRANSFORMATION('','',#11,#3342);
#5193 = PRODUCT_DEFINITION_SHAPE('Placement','Placement of an item',
  #5194);
#5194 = NEXT_ASSEMBLY_USAGE_OCCURRENCE('28','LEAD-TSSOP','',#3268,#4676,
  $);
#5195 = CONTEXT_DEPENDENT_SHAPE_REPRESENTATION(#5196,#5198);
#5196 = ( REPRESENTATION_RELATIONSHIP('','',#4681,#3273) 
REPRESENTATION_RELATIONSHIP_WITH_TRANSFORMATION(#5197) 
SHAPE_REPRESENTATION_RELATIONSHIP() );
#5197 = ITEM_DEFINED_TRANSFORMATION('','',#11,#3346);
#5198 = PRODUCT_DEFINITION_SHAPE('Placement','Placement of an item',
  #5199);
#5199 = NEXT_ASSEMBLY_USAGE_OCCURRENCE('29','LEAD-TSSOP','',#3268,#4676,
  $);
#5200 = CONTEXT_DEPENDENT_SHAPE_REPRESENTATION(#5201,#5203);
#5201 = ( REPRESENTATION_RELATIONSHIP('','',#4681,#3273) 
REPRESENTATION_RELATIONSHIP_WITH_TRANSFORMATION(#5202) 
SHAPE_REPRESENTATION_RELATIONSHIP() );
#5202 = ITEM_DEFINED_TRANSFORMATION('','',#11,#3350);
#5203 = PRODUCT_DEFINITION_SHAPE('Placement','Placement of an item',
  #5204);
#5204 = NEXT_ASSEMBLY_USAGE_OCCURRENCE('30','LEAD-TSSOP','',#3268,#4676,
  $);
#5205 = CONTEXT_DEPENDENT_SHAPE_REPRESENTATION(#5206,#5208);
#5206 = ( REPRESENTATION_RELATIONSHIP('','',#4681,#3273) 
REPRESENTATION_RELATIONSHIP_WITH_TRANSFORMATION(#5207) 
SHAPE_REPRESENTATION_RELATIONSHIP() );
#5207 = ITEM_DEFINED_TRANSFORMATION('','',#11,#3354);
#5208 = PRODUCT_DEFINITION_SHAPE('Placement','Placement of an item',
  #5209);
#5209 = NEXT_ASSEMBLY_USAGE_OCCURRENCE('31','LEAD-TSSOP','',#3268,#4676,
  $);
#5210 = SHAPE_DEFINITION_REPRESENTATION(#5211,#5217);
#5211 = PRODUCT_DEFINITION_SHAPE('','',#5212);
#5212 = PRODUCT_DEFINITION('design','',#5213,#5216);
#5213 = PRODUCT_DEFINITION_FORMATION('','',#5214);
#5214 = PRODUCT('PIN1','PIN1','',(#5215));
#5215 = PRODUCT_CONTEXT('',#2,'mechanical');
#5216 = PRODUCT_DEFINITION_CONTEXT('part definition',#2,'design');
#5217 = SHAPE_REPRESENTATION('',(#11),#5218);
#5218 = ( GEOMETRIC_REPRESENTATION_CONTEXT(3) 
GLOBAL_UNCERTAINTY_ASSIGNED_CONTEXT((#5222)) 
GLOBAL_UNIT_ASSIGNED_CONTEXT((#5219,#5220,#5221)) REPRESENTATION_CONTEXT
('Context #1','3D Context with UNIT and UNCERTAINTY') );
#5219 = ( LENGTH_UNIT() NAMED_UNIT(*) SI_UNIT(.MILLI.,.METRE.) );
#5220 = ( NAMED_UNIT(*) PLANE_ANGLE_UNIT() SI_UNIT($,.RADIAN.) );
#5221 = ( NAMED_UNIT(*) SI_UNIT($,.STERADIAN.) SOLID_ANGLE_UNIT() );
#5222 = UNCERTAINTY_MEASURE_WITH_UNIT(LENGTH_MEASURE(1.E-07),#5219,
  'distance_accuracy_value','confusion accuracy');
#5223 = CONTEXT_DEPENDENT_SHAPE_REPRESENTATION(#5224,#5226);
#5224 = ( REPRESENTATION_RELATIONSHIP('','',#5217,#3273) 
REPRESENTATION_RELATIONSHIP_WITH_TRANSFORMATION(#5225) 
SHAPE_REPRESENTATION_RELATIONSHIP() );
#5225 = ITEM_DEFINED_TRANSFORMATION('','',#11,#3358);
#5226 = PRODUCT_DEFINITION_SHAPE('Placement','Placement of an item',
  #5227);
#5227 = NEXT_ASSEMBLY_USAGE_OCCURRENCE('32','PIN1','',#3268,#5212,$);
#5228 = PRODUCT_RELATED_PRODUCT_CATEGORY('part',$,(#5214));
#5229 = SHAPE_DEFINITION_REPRESENTATION(#5230,#5236);
#5230 = PRODUCT_DEFINITION_SHAPE('','',#5231);
#5231 = PRODUCT_DEFINITION('design','',#5232,#5235);
#5232 = PRODUCT_DEFINITION_FORMATION('','',#5233);
#5233 = PRODUCT('fin-unsaved-export-iHnoa2_PCB',
  'fin-unsaved-export-iHnoa2_PCB','',(#5234));
#5234 = PRODUCT_CONTEXT('',#2,'mechanical');
#5235 = PRODUCT_DEFINITION_CONTEXT('part definition',#2,'design');
#5236 = ADVANCED_BREP_SHAPE_REPRESENTATION('',(#11,#5237),#6245);
#5237 = MANIFOLD_SOLID_BREP('',#5238);
#5238 = CLOSED_SHELL('',(#5239,#5279,#5310,#5341,#5600,#5859,#5871,#5888
    ,#5905,#5922,#5939,#5956,#5973,#5990,#6007,#6024,#6041,#6058,#6075,
    #6092,#6109,#6126,#6143,#6160,#6177,#6194,#6211,#6228));
#5239 = ADVANCED_FACE('',(#5240),#5274,.T.);
#5240 = FACE_BOUND('',#5241,.T.);
#5241 = EDGE_LOOP('',(#5242,#5252,#5260,#5268));
#5242 = ORIENTED_EDGE('',*,*,#5243,.T.);
#5243 = EDGE_CURVE('',#5244,#5246,#5248,.T.);
#5244 = VERTEX_POINT('',#5245);
#5245 = CARTESIAN_POINT('',(188.86794,-151.490076,0.));
#5246 = VERTEX_POINT('',#5247);
#5247 = CARTESIAN_POINT('',(188.86794,-151.490076,1.51));
#5248 = LINE('',#5249,#5250);
#5249 = CARTESIAN_POINT('',(188.86794,-151.490076,0.));
#5250 = VECTOR('',#5251,1.);
#5251 = DIRECTION('',(0.,0.,1.));
#5252 = ORIENTED_EDGE('',*,*,#5253,.T.);
#5253 = EDGE_CURVE('',#5246,#5254,#5256,.T.);
#5254 = VERTEX_POINT('',#5255);
#5255 = CARTESIAN_POINT('',(36.5,-151.5,1.51));
#5256 = LINE('',#5257,#5258);
#5257 = CARTESIAN_POINT('',(188.86794,-151.490076,1.51));
#5258 = VECTOR('',#5259,1.);
#5259 = DIRECTION('',(-0.999999997879,-6.513181171159E-05,0.));
#5260 = ORIENTED_EDGE('',*,*,#5261,.F.);
#5261 = EDGE_CURVE('',#5262,#5254,#5264,.T.);
#5262 = VERTEX_POINT('',#5263);
#5263 = CARTESIAN_POINT('',(36.5,-151.5,0.));
#5264 = LINE('',#5265,#5266);
#5265 = CARTESIAN_POINT('',(36.5,-151.5,0.));
#5266 = VECTOR('',#5267,1.);
#5267 = DIRECTION('',(0.,0.,1.));
#5268 = ORIENTED_EDGE('',*,*,#5269,.F.);
#5269 = EDGE_CURVE('',#5244,#5262,#5270,.T.);
#5270 = LINE('',#5271,#5272);
#5271 = CARTESIAN_POINT('',(188.86794,-151.490076,0.));
#5272 = VECTOR('',#5273,1.);
#5273 = DIRECTION('',(-0.999999997879,-6.513181171159E-05,0.));
#5274 = PLANE('',#5275);
#5275 = AXIS2_PLACEMENT_3D('',#5276,#5277,#5278);
#5276 = CARTESIAN_POINT('',(188.86794,-151.490076,0.));
#5277 = DIRECTION('',(6.513181171159E-05,-0.999999997879,0.));
#5278 = DIRECTION('',(-0.999999997879,-6.513181171159E-05,0.));
#5279 = ADVANCED_FACE('',(#5280),#5305,.T.);
#5280 = FACE_BOUND('',#5281,.T.);
#5281 = EDGE_LOOP('',(#5282,#5292,#5298,#5299));
#5282 = ORIENTED_EDGE('',*,*,#5283,.T.);
#5283 = EDGE_CURVE('',#5284,#5286,#5288,.T.);
#5284 = VERTEX_POINT('',#5285);
#5285 = CARTESIAN_POINT('',(87.55,-88.,0.));
#5286 = VERTEX_POINT('',#5287);
#5287 = CARTESIAN_POINT('',(87.55,-88.,1.51));
#5288 = LINE('',#5289,#5290);
#5289 = CARTESIAN_POINT('',(87.55,-88.,0.));
#5290 = VECTOR('',#5291,1.);
#5291 = DIRECTION('',(0.,0.,1.));
#5292 = ORIENTED_EDGE('',*,*,#5293,.T.);
#5293 = EDGE_CURVE('',#5286,#5246,#5294,.T.);
#5294 = LINE('',#5295,#5296);
#5295 = CARTESIAN_POINT('',(87.55,-88.,1.51));
#5296 = VECTOR('',#5297,1.);
#5297 = DIRECTION('',(0.847372374066,-0.530999114567,0.));
#5298 = ORIENTED_EDGE('',*,*,#5243,.F.);
#5299 = ORIENTED_EDGE('',*,*,#5300,.F.);
#5300 = EDGE_CURVE('',#5284,#5244,#5301,.T.);
#5301 = LINE('',#5302,#5303);
#5302 = CARTESIAN_POINT('',(87.55,-88.,0.));
#5303 = VECTOR('',#5304,1.);
#5304 = DIRECTION('',(0.847372374066,-0.530999114567,0.));
#5305 = PLANE('',#5306);
#5306 = AXIS2_PLACEMENT_3D('',#5307,#5308,#5309);
#5307 = CARTESIAN_POINT('',(87.55,-88.,0.));
#5308 = DIRECTION('',(0.530999114567,0.847372374066,-0.));
#5309 = DIRECTION('',(0.847372374066,-0.530999114567,0.));
#5310 = ADVANCED_FACE('',(#5311),#5336,.T.);
#5311 = FACE_BOUND('',#5312,.T.);
#5312 = EDGE_LOOP('',(#5313,#5314,#5322,#5330));
#5313 = ORIENTED_EDGE('',*,*,#5261,.T.);
#5314 = ORIENTED_EDGE('',*,*,#5315,.T.);
#5315 = EDGE_CURVE('',#5254,#5316,#5318,.T.);
#5316 = VERTEX_POINT('',#5317);
#5317 = CARTESIAN_POINT('',(55.8,-88.,1.51));
#5318 = LINE('',#5319,#5320);
#5319 = CARTESIAN_POINT('',(36.5,-151.5,1.51));
#5320 = VECTOR('',#5321,1.);
#5321 = DIRECTION('',(0.290801853227,0.956783299478,0.));
#5322 = ORIENTED_EDGE('',*,*,#5323,.F.);
#5323 = EDGE_CURVE('',#5324,#5316,#5326,.T.);
#5324 = VERTEX_POINT('',#5325);
#5325 = CARTESIAN_POINT('',(55.8,-88.,0.));
#5326 = LINE('',#5327,#5328);
#5327 = CARTESIAN_POINT('',(55.8,-88.,0.));
#5328 = VECTOR('',#5329,1.);
#5329 = DIRECTION('',(0.,0.,1.));
#5330 = ORIENTED_EDGE('',*,*,#5331,.F.);
#5331 = EDGE_CURVE('',#5262,#5324,#5332,.T.);
#5332 = LINE('',#5333,#5334);
#5333 = CARTESIAN_POINT('',(36.5,-151.5,0.));
#5334 = VECTOR('',#5335,1.);
#5335 = DIRECTION('',(0.290801853227,0.956783299478,0.));
#5336 = PLANE('',#5337);
#5337 = AXIS2_PLACEMENT_3D('',#5338,#5339,#5340);
#5338 = CARTESIAN_POINT('',(36.5,-151.5,0.));
#5339 = DIRECTION('',(-0.956783299478,0.290801853227,0.));
#5340 = DIRECTION('',(0.290801853227,0.956783299478,0.));
#5341 = ADVANCED_FACE('',(#5342,#5353,#5364,#5375,#5386,#5397,#5408,
    #5419,#5430,#5441,#5452,#5463,#5474,#5485,#5496,#5507,#5518,#5529,
    #5540,#5551,#5562,#5573,#5584),#5595,.F.);
#5342 = FACE_BOUND('',#5343,.F.);
#5343 = EDGE_LOOP('',(#5344,#5345,#5346,#5352));
#5344 = ORIENTED_EDGE('',*,*,#5269,.F.);
#5345 = ORIENTED_EDGE('',*,*,#5300,.F.);
#5346 = ORIENTED_EDGE('',*,*,#5347,.F.);
#5347 = EDGE_CURVE('',#5324,#5284,#5348,.T.);
#5348 = LINE('',#5349,#5350);
#5349 = CARTESIAN_POINT('',(55.8,-88.,0.));
#5350 = VECTOR('',#5351,1.);
#5351 = DIRECTION('',(1.,0.,0.));
#5352 = ORIENTED_EDGE('',*,*,#5331,.F.);
#5353 = FACE_BOUND('',#5354,.F.);
#5354 = EDGE_LOOP('',(#5355));
#5355 = ORIENTED_EDGE('',*,*,#5356,.T.);
#5356 = EDGE_CURVE('',#5357,#5357,#5359,.T.);
#5357 = VERTEX_POINT('',#5358);
#5358 = CARTESIAN_POINT('',(47.96,-149.,0.));
#5359 = CIRCLE('',#5360,0.5);
#5360 = AXIS2_PLACEMENT_3D('',#5361,#5362,#5363);
#5361 = CARTESIAN_POINT('',(47.96,-148.5,0.));
#5362 = DIRECTION('',(-0.,0.,-1.));
#5363 = DIRECTION('',(-0.,-1.,0.));
#5364 = FACE_BOUND('',#5365,.F.);
#5365 = EDGE_LOOP('',(#5366));
#5366 = ORIENTED_EDGE('',*,*,#5367,.T.);
#5367 = EDGE_CURVE('',#5368,#5368,#5370,.T.);
#5368 = VERTEX_POINT('',#5369);
#5369 = CARTESIAN_POINT('',(50.5,-149.,0.));
#5370 = CIRCLE('',#5371,0.5);
#5371 = AXIS2_PLACEMENT_3D('',#5372,#5373,#5374);
#5372 = CARTESIAN_POINT('',(50.5,-148.5,0.));
#5373 = DIRECTION('',(-0.,0.,-1.));
#5374 = DIRECTION('',(-0.,-1.,0.));
#5375 = FACE_BOUND('',#5376,.F.);
#5376 = EDGE_LOOP('',(#5377));
#5377 = ORIENTED_EDGE('',*,*,#5378,.T.);
#5378 = EDGE_CURVE('',#5379,#5379,#5381,.T.);
#5379 = VERTEX_POINT('',#5380);
#5380 = CARTESIAN_POINT('',(53.04,-149.,0.));
#5381 = CIRCLE('',#5382,0.5);
#5382 = AXIS2_PLACEMENT_3D('',#5383,#5384,#5385);
#5383 = CARTESIAN_POINT('',(53.04,-148.5,0.));
#5384 = DIRECTION('',(-0.,0.,-1.));
#5385 = DIRECTION('',(-0.,-1.,0.));
#5386 = FACE_BOUND('',#5387,.F.);
#5387 = EDGE_LOOP('',(#5388));
#5388 = ORIENTED_EDGE('',*,*,#5389,.T.);
#5389 = EDGE_CURVE('',#5390,#5390,#5392,.T.);
#5390 = VERTEX_POINT('',#5391);
#5391 = CARTESIAN_POINT('',(55.58,-149.,0.));
#5392 = CIRCLE('',#5393,0.5);
#5393 = AXIS2_PLACEMENT_3D('',#5394,#5395,#5396);
#5394 = CARTESIAN_POINT('',(55.58,-148.5,0.));
#5395 = DIRECTION('',(-0.,0.,-1.));
#5396 = DIRECTION('',(-0.,-1.,0.));
#5397 = FACE_BOUND('',#5398,.F.);
#5398 = EDGE_LOOP('',(#5399));
#5399 = ORIENTED_EDGE('',*,*,#5400,.T.);
#5400 = EDGE_CURVE('',#5401,#5401,#5403,.T.);
#5401 = VERTEX_POINT('',#5402);
#5402 = CARTESIAN_POINT('',(58.12,-149.,0.));
#5403 = CIRCLE('',#5404,0.5);
#5404 = AXIS2_PLACEMENT_3D('',#5405,#5406,#5407);
#5405 = CARTESIAN_POINT('',(58.12,-148.5,0.));
#5406 = DIRECTION('',(-0.,0.,-1.));
#5407 = DIRECTION('',(-0.,-1.,0.));
#5408 = FACE_BOUND('',#5409,.F.);
#5409 = EDGE_LOOP('',(#5410));
#5410 = ORIENTED_EDGE('',*,*,#5411,.T.);
#5411 = EDGE_CURVE('',#5412,#5412,#5414,.T.);
#5412 = VERTEX_POINT('',#5413);
#5413 = CARTESIAN_POINT('',(60.66,-149.,0.));
#5414 = CIRCLE('',#5415,0.5);
#5415 = AXIS2_PLACEMENT_3D('',#5416,#5417,#5418);
#5416 = CARTESIAN_POINT('',(60.66,-148.5,0.));
#5417 = DIRECTION('',(-0.,0.,-1.));
#5418 = DIRECTION('',(-0.,-1.,0.));
#5419 = FACE_BOUND('',#5420,.F.);
#5420 = EDGE_LOOP('',(#5421));
#5421 = ORIENTED_EDGE('',*,*,#5422,.T.);
#5422 = EDGE_CURVE('',#5423,#5423,#5425,.T.);
#5423 = VERTEX_POINT('',#5424);
#5424 = CARTESIAN_POINT('',(63.2,-149.,0.));
#5425 = CIRCLE('',#5426,0.5);
#5426 = AXIS2_PLACEMENT_3D('',#5427,#5428,#5429);
#5427 = CARTESIAN_POINT('',(63.2,-148.5,0.));
#5428 = DIRECTION('',(-0.,0.,-1.));
#5429 = DIRECTION('',(-0.,-1.,0.));
#5430 = FACE_BOUND('',#5431,.F.);
#5431 = EDGE_LOOP('',(#5432));
#5432 = ORIENTED_EDGE('',*,*,#5433,.T.);
#5433 = EDGE_CURVE('',#5434,#5434,#5436,.T.);
#5434 = VERTEX_POINT('',#5435);
#5435 = CARTESIAN_POINT('',(65.74,-149.,0.));
#5436 = CIRCLE('',#5437,0.5);
#5437 = AXIS2_PLACEMENT_3D('',#5438,#5439,#5440);
#5438 = CARTESIAN_POINT('',(65.74,-148.5,0.));
#5439 = DIRECTION('',(-0.,0.,-1.));
#5440 = DIRECTION('',(-0.,-1.,0.));
#5441 = FACE_BOUND('',#5442,.F.);
#5442 = EDGE_LOOP('',(#5443));
#5443 = ORIENTED_EDGE('',*,*,#5444,.T.);
#5444 = EDGE_CURVE('',#5445,#5445,#5447,.T.);
#5445 = VERTEX_POINT('',#5446);
#5446 = CARTESIAN_POINT('',(68.28,-149.,0.));
#5447 = CIRCLE('',#5448,0.5);
#5448 = AXIS2_PLACEMENT_3D('',#5449,#5450,#5451);
#5449 = CARTESIAN_POINT('',(68.28,-148.5,0.));
#5450 = DIRECTION('',(-0.,0.,-1.));
#5451 = DIRECTION('',(-0.,-1.,0.));
#5452 = FACE_BOUND('',#5453,.F.);
#5453 = EDGE_LOOP('',(#5454));
#5454 = ORIENTED_EDGE('',*,*,#5455,.T.);
#5455 = EDGE_CURVE('',#5456,#5456,#5458,.T.);
#5456 = VERTEX_POINT('',#5457);
#5457 = CARTESIAN_POINT('',(70.82,-149.,0.));
#5458 = CIRCLE('',#5459,0.5);
#5459 = AXIS2_PLACEMENT_3D('',#5460,#5461,#5462);
#5460 = CARTESIAN_POINT('',(70.82,-148.5,0.));
#5461 = DIRECTION('',(-0.,0.,-1.));
#5462 = DIRECTION('',(-0.,-1.,0.));
#5463 = FACE_BOUND('',#5464,.F.);
#5464 = EDGE_LOOP('',(#5465));
#5465 = ORIENTED_EDGE('',*,*,#5466,.T.);
#5466 = EDGE_CURVE('',#5467,#5467,#5469,.T.);
#5467 = VERTEX_POINT('',#5468);
#5468 = CARTESIAN_POINT('',(154.38,-149.,0.));
#5469 = CIRCLE('',#5470,0.5);
#5470 = AXIS2_PLACEMENT_3D('',#5471,#5472,#5473);
#5471 = CARTESIAN_POINT('',(154.38,-148.5,0.));
#5472 = DIRECTION('',(-0.,0.,-1.));
#5473 = DIRECTION('',(-0.,-1.,0.));
#5474 = FACE_BOUND('',#5475,.F.);
#5475 = EDGE_LOOP('',(#5476));
#5476 = ORIENTED_EDGE('',*,*,#5477,.T.);
#5477 = EDGE_CURVE('',#5478,#5478,#5480,.T.);
#5478 = VERTEX_POINT('',#5479);
#5479 = CARTESIAN_POINT('',(156.92,-149.,0.));
#5480 = CIRCLE('',#5481,0.5);
#5481 = AXIS2_PLACEMENT_3D('',#5482,#5483,#5484);
#5482 = CARTESIAN_POINT('',(156.92,-148.5,0.));
#5483 = DIRECTION('',(-0.,0.,-1.));
#5484 = DIRECTION('',(-0.,-1.,0.));
#5485 = FACE_BOUND('',#5486,.F.);
#5486 = EDGE_LOOP('',(#5487));
#5487 = ORIENTED_EDGE('',*,*,#5488,.T.);
#5488 = EDGE_CURVE('',#5489,#5489,#5491,.T.);
#5489 = VERTEX_POINT('',#5490);
#5490 = CARTESIAN_POINT('',(159.46,-149.,0.));
#5491 = CIRCLE('',#5492,0.5);
#5492 = AXIS2_PLACEMENT_3D('',#5493,#5494,#5495);
#5493 = CARTESIAN_POINT('',(159.46,-148.5,0.));
#5494 = DIRECTION('',(-0.,0.,-1.));
#5495 = DIRECTION('',(-0.,-1.,0.));
#5496 = FACE_BOUND('',#5497,.F.);
#5497 = EDGE_LOOP('',(#5498));
#5498 = ORIENTED_EDGE('',*,*,#5499,.T.);
#5499 = EDGE_CURVE('',#5500,#5500,#5502,.T.);
#5500 = VERTEX_POINT('',#5501);
#5501 = CARTESIAN_POINT('',(162.,-149.,0.));
#5502 = CIRCLE('',#5503,0.5);
#5503 = AXIS2_PLACEMENT_3D('',#5504,#5505,#5506);
#5504 = CARTESIAN_POINT('',(162.,-148.5,0.));
#5505 = DIRECTION('',(-0.,0.,-1.));
#5506 = DIRECTION('',(-0.,-1.,0.));
#5507 = FACE_BOUND('',#5508,.F.);
#5508 = EDGE_LOOP('',(#5509));
#5509 = ORIENTED_EDGE('',*,*,#5510,.T.);
#5510 = EDGE_CURVE('',#5511,#5511,#5513,.T.);
#5511 = VERTEX_POINT('',#5512);
#5512 = CARTESIAN_POINT('',(57.46,-117.5,0.));
#5513 = CIRCLE('',#5514,0.5);
#5514 = AXIS2_PLACEMENT_3D('',#5515,#5516,#5517);
#5515 = CARTESIAN_POINT('',(57.46,-117.,0.));
#5516 = DIRECTION('',(-0.,0.,-1.));
#5517 = DIRECTION('',(-0.,-1.,0.));
#5518 = FACE_BOUND('',#5519,.F.);
#5519 = EDGE_LOOP('',(#5520));
#5520 = ORIENTED_EDGE('',*,*,#5521,.T.);
#5521 = EDGE_CURVE('',#5522,#5522,#5524,.T.);
#5522 = VERTEX_POINT('',#5523);
#5523 = CARTESIAN_POINT('',(60.,-117.5,0.));
#5524 = CIRCLE('',#5525,0.5);
#5525 = AXIS2_PLACEMENT_3D('',#5526,#5527,#5528);
#5526 = CARTESIAN_POINT('',(60.,-117.,0.));
#5527 = DIRECTION('',(-0.,0.,-1.));
#5528 = DIRECTION('',(-0.,-1.,0.));
#5529 = FACE_BOUND('',#5530,.F.);
#5530 = EDGE_LOOP('',(#5531));
#5531 = ORIENTED_EDGE('',*,*,#5532,.T.);
#5532 = EDGE_CURVE('',#5533,#5533,#5535,.T.);
#5533 = VERTEX_POINT('',#5534);
#5534 = CARTESIAN_POINT('',(62.54,-117.5,0.));
#5535 = CIRCLE('',#5536,0.5);
#5536 = AXIS2_PLACEMENT_3D('',#5537,#5538,#5539);
#5537 = CARTESIAN_POINT('',(62.54,-117.,0.));
#5538 = DIRECTION('',(-0.,0.,-1.));
#5539 = DIRECTION('',(-0.,-1.,0.));
#5540 = FACE_BOUND('',#5541,.F.);
#5541 = EDGE_LOOP('',(#5542));
#5542 = ORIENTED_EDGE('',*,*,#5543,.T.);
#5543 = EDGE_CURVE('',#5544,#5544,#5546,.T.);
#5544 = VERTEX_POINT('',#5545);
#5545 = CARTESIAN_POINT('',(65.08,-117.5,0.));
#5546 = CIRCLE('',#5547,0.5);
#5547 = AXIS2_PLACEMENT_3D('',#5548,#5549,#5550);
#5548 = CARTESIAN_POINT('',(65.08,-117.,0.));
#5549 = DIRECTION('',(-0.,0.,-1.));
#5550 = DIRECTION('',(-0.,-1.,0.));
#5551 = FACE_BOUND('',#5552,.F.);
#5552 = EDGE_LOOP('',(#5553));
#5553 = ORIENTED_EDGE('',*,*,#5554,.T.);
#5554 = EDGE_CURVE('',#5555,#5555,#5557,.T.);
#5555 = VERTEX_POINT('',#5556);
#5556 = CARTESIAN_POINT('',(112.46,-117.,0.));
#5557 = CIRCLE('',#5558,0.5);
#5558 = AXIS2_PLACEMENT_3D('',#5559,#5560,#5561);
#5559 = CARTESIAN_POINT('',(112.46,-116.5,0.));
#5560 = DIRECTION('',(-0.,0.,-1.));
#5561 = DIRECTION('',(-0.,-1.,0.));
#5562 = FACE_BOUND('',#5563,.F.);
#5563 = EDGE_LOOP('',(#5564));
#5564 = ORIENTED_EDGE('',*,*,#5565,.T.);
#5565 = EDGE_CURVE('',#5566,#5566,#5568,.T.);
#5566 = VERTEX_POINT('',#5567);
#5567 = CARTESIAN_POINT('',(115.,-117.,0.));
#5568 = CIRCLE('',#5569,0.5);
#5569 = AXIS2_PLACEMENT_3D('',#5570,#5571,#5572);
#5570 = CARTESIAN_POINT('',(115.,-116.5,0.));
#5571 = DIRECTION('',(-0.,0.,-1.));
#5572 = DIRECTION('',(-0.,-1.,0.));
#5573 = FACE_BOUND('',#5574,.F.);
#5574 = EDGE_LOOP('',(#5575));
#5575 = ORIENTED_EDGE('',*,*,#5576,.T.);
#5576 = EDGE_CURVE('',#5577,#5577,#5579,.T.);
#5577 = VERTEX_POINT('',#5578);
#5578 = CARTESIAN_POINT('',(117.54,-117.,0.));
#5579 = CIRCLE('',#5580,0.5);
#5580 = AXIS2_PLACEMENT_3D('',#5581,#5582,#5583);
#5581 = CARTESIAN_POINT('',(117.54,-116.5,0.));
#5582 = DIRECTION('',(-0.,0.,-1.));
#5583 = DIRECTION('',(-0.,-1.,0.));
#5584 = FACE_BOUND('',#5585,.F.);
#5585 = EDGE_LOOP('',(#5586));
#5586 = ORIENTED_EDGE('',*,*,#5587,.T.);
#5587 = EDGE_CURVE('',#5588,#5588,#5590,.T.);
#5588 = VERTEX_POINT('',#5589);
#5589 = CARTESIAN_POINT('',(120.08,-117.,0.));
#5590 = CIRCLE('',#5591,0.5);
#5591 = AXIS2_PLACEMENT_3D('',#5592,#5593,#5594);
#5592 = CARTESIAN_POINT('',(120.08,-116.5,0.));
#5593 = DIRECTION('',(-0.,0.,-1.));
#5594 = DIRECTION('',(-0.,-1.,0.));
#5595 = PLANE('',#5596);
#5596 = AXIS2_PLACEMENT_3D('',#5597,#5598,#5599);
#5597 = CARTESIAN_POINT('',(0.,0.,0.));
#5598 = DIRECTION('',(0.,0.,1.));
#5599 = DIRECTION('',(1.,0.,-0.));
#5600 = ADVANCED_FACE('',(#5601,#5612,#5623,#5634,#5645,#5656,#5667,
    #5678,#5689,#5700,#5711,#5722,#5733,#5744,#5755,#5766,#5777,#5788,
    #5799,#5810,#5821,#5832,#5843),#5854,.T.);
#5601 = FACE_BOUND('',#5602,.T.);
#5602 = EDGE_LOOP('',(#5603,#5604,#5605,#5611));
#5603 = ORIENTED_EDGE('',*,*,#5253,.F.);
#5604 = ORIENTED_EDGE('',*,*,#5293,.F.);
#5605 = ORIENTED_EDGE('',*,*,#5606,.F.);
#5606 = EDGE_CURVE('',#5316,#5286,#5607,.T.);
#5607 = LINE('',#5608,#5609);
#5608 = CARTESIAN_POINT('',(55.8,-88.,1.51));
#5609 = VECTOR('',#5610,1.);
#5610 = DIRECTION('',(1.,0.,0.));
#5611 = ORIENTED_EDGE('',*,*,#5315,.F.);
#5612 = FACE_BOUND('',#5613,.T.);
#5613 = EDGE_LOOP('',(#5614));
#5614 = ORIENTED_EDGE('',*,*,#5615,.T.);
#5615 = EDGE_CURVE('',#5616,#5616,#5618,.T.);
#5616 = VERTEX_POINT('',#5617);
#5617 = CARTESIAN_POINT('',(47.96,-149.,1.51));
#5618 = CIRCLE('',#5619,0.5);
#5619 = AXIS2_PLACEMENT_3D('',#5620,#5621,#5622);
#5620 = CARTESIAN_POINT('',(47.96,-148.5,1.51));
#5621 = DIRECTION('',(-0.,0.,-1.));
#5622 = DIRECTION('',(-0.,-1.,0.));
#5623 = FACE_BOUND('',#5624,.T.);
#5624 = EDGE_LOOP('',(#5625));
#5625 = ORIENTED_EDGE('',*,*,#5626,.T.);
#5626 = EDGE_CURVE('',#5627,#5627,#5629,.T.);
#5627 = VERTEX_POINT('',#5628);
#5628 = CARTESIAN_POINT('',(50.5,-149.,1.51));
#5629 = CIRCLE('',#5630,0.5);
#5630 = AXIS2_PLACEMENT_3D('',#5631,#5632,#5633);
#5631 = CARTESIAN_POINT('',(50.5,-148.5,1.51));
#5632 = DIRECTION('',(-0.,0.,-1.));
#5633 = DIRECTION('',(-0.,-1.,0.));
#5634 = FACE_BOUND('',#5635,.T.);
#5635 = EDGE_LOOP('',(#5636));
#5636 = ORIENTED_EDGE('',*,*,#5637,.T.);
#5637 = EDGE_CURVE('',#5638,#5638,#5640,.T.);
#5638 = VERTEX_POINT('',#5639);
#5639 = CARTESIAN_POINT('',(53.04,-149.,1.51));
#5640 = CIRCLE('',#5641,0.5);
#5641 = AXIS2_PLACEMENT_3D('',#5642,#5643,#5644);
#5642 = CARTESIAN_POINT('',(53.04,-148.5,1.51));
#5643 = DIRECTION('',(-0.,0.,-1.));
#5644 = DIRECTION('',(-0.,-1.,0.));
#5645 = FACE_BOUND('',#5646,.T.);
#5646 = EDGE_LOOP('',(#5647));
#5647 = ORIENTED_EDGE('',*,*,#5648,.T.);
#5648 = EDGE_CURVE('',#5649,#5649,#5651,.T.);
#5649 = VERTEX_POINT('',#5650);
#5650 = CARTESIAN_POINT('',(55.58,-149.,1.51));
#5651 = CIRCLE('',#5652,0.5);
#5652 = AXIS2_PLACEMENT_3D('',#5653,#5654,#5655);
#5653 = CARTESIAN_POINT('',(55.58,-148.5,1.51));
#5654 = DIRECTION('',(-0.,0.,-1.));
#5655 = DIRECTION('',(-0.,-1.,0.));
#5656 = FACE_BOUND('',#5657,.T.);
#5657 = EDGE_LOOP('',(#5658));
#5658 = ORIENTED_EDGE('',*,*,#5659,.T.);
#5659 = EDGE_CURVE('',#5660,#5660,#5662,.T.);
#5660 = VERTEX_POINT('',#5661);
#5661 = CARTESIAN_POINT('',(58.12,-149.,1.51));
#5662 = CIRCLE('',#5663,0.5);
#5663 = AXIS2_PLACEMENT_3D('',#5664,#5665,#5666);
#5664 = CARTESIAN_POINT('',(58.12,-148.5,1.51));
#5665 = DIRECTION('',(-0.,0.,-1.));
#5666 = DIRECTION('',(-0.,-1.,0.));
#5667 = FACE_BOUND('',#5668,.T.);
#5668 = EDGE_LOOP('',(#5669));
#5669 = ORIENTED_EDGE('',*,*,#5670,.T.);
#5670 = EDGE_CURVE('',#5671,#5671,#5673,.T.);
#5671 = VERTEX_POINT('',#5672);
#5672 = CARTESIAN_POINT('',(60.66,-149.,1.51));
#5673 = CIRCLE('',#5674,0.5);
#5674 = AXIS2_PLACEMENT_3D('',#5675,#5676,#5677);
#5675 = CARTESIAN_POINT('',(60.66,-148.5,1.51));
#5676 = DIRECTION('',(-0.,0.,-1.));
#5677 = DIRECTION('',(-0.,-1.,0.));
#5678 = FACE_BOUND('',#5679,.T.);
#5679 = EDGE_LOOP('',(#5680));
#5680 = ORIENTED_EDGE('',*,*,#5681,.T.);
#5681 = EDGE_CURVE('',#5682,#5682,#5684,.T.);
#5682 = VERTEX_POINT('',#5683);
#5683 = CARTESIAN_POINT('',(63.2,-149.,1.51));
#5684 = CIRCLE('',#5685,0.5);
#5685 = AXIS2_PLACEMENT_3D('',#5686,#5687,#5688);
#5686 = CARTESIAN_POINT('',(63.2,-148.5,1.51));
#5687 = DIRECTION('',(-0.,0.,-1.));
#5688 = DIRECTION('',(-0.,-1.,0.));
#5689 = FACE_BOUND('',#5690,.T.);
#5690 = EDGE_LOOP('',(#5691));
#5691 = ORIENTED_EDGE('',*,*,#5692,.T.);
#5692 = EDGE_CURVE('',#5693,#5693,#5695,.T.);
#5693 = VERTEX_POINT('',#5694);
#5694 = CARTESIAN_POINT('',(65.74,-149.,1.51));
#5695 = CIRCLE('',#5696,0.5);
#5696 = AXIS2_PLACEMENT_3D('',#5697,#5698,#5699);
#5697 = CARTESIAN_POINT('',(65.74,-148.5,1.51));
#5698 = DIRECTION('',(-0.,0.,-1.));
#5699 = DIRECTION('',(-0.,-1.,0.));
#5700 = FACE_BOUND('',#5701,.T.);
#5701 = EDGE_LOOP('',(#5702));
#5702 = ORIENTED_EDGE('',*,*,#5703,.T.);
#5703 = EDGE_CURVE('',#5704,#5704,#5706,.T.);
#5704 = VERTEX_POINT('',#5705);
#5705 = CARTESIAN_POINT('',(68.28,-149.,1.51));
#5706 = CIRCLE('',#5707,0.5);
#5707 = AXIS2_PLACEMENT_3D('',#5708,#5709,#5710);
#5708 = CARTESIAN_POINT('',(68.28,-148.5,1.51));
#5709 = DIRECTION('',(-0.,0.,-1.));
#5710 = DIRECTION('',(-0.,-1.,0.));
#5711 = FACE_BOUND('',#5712,.T.);
#5712 = EDGE_LOOP('',(#5713));
#5713 = ORIENTED_EDGE('',*,*,#5714,.T.);
#5714 = EDGE_CURVE('',#5715,#5715,#5717,.T.);
#5715 = VERTEX_POINT('',#5716);
#5716 = CARTESIAN_POINT('',(70.82,-149.,1.51));
#5717 = CIRCLE('',#5718,0.5);
#5718 = AXIS2_PLACEMENT_3D('',#5719,#5720,#5721);
#5719 = CARTESIAN_POINT('',(70.82,-148.5,1.51));
#5720 = DIRECTION('',(-0.,0.,-1.));
#5721 = DIRECTION('',(-0.,-1.,0.));
#5722 = FACE_BOUND('',#5723,.T.);
#5723 = EDGE_LOOP('',(#5724));
#5724 = ORIENTED_EDGE('',*,*,#5725,.T.);
#5725 = EDGE_CURVE('',#5726,#5726,#5728,.T.);
#5726 = VERTEX_POINT('',#5727);
#5727 = CARTESIAN_POINT('',(154.38,-149.,1.51));
#5728 = CIRCLE('',#5729,0.5);
#5729 = AXIS2_PLACEMENT_3D('',#5730,#5731,#5732);
#5730 = CARTESIAN_POINT('',(154.38,-148.5,1.51));
#5731 = DIRECTION('',(-0.,0.,-1.));
#5732 = DIRECTION('',(-0.,-1.,0.));
#5733 = FACE_BOUND('',#5734,.T.);
#5734 = EDGE_LOOP('',(#5735));
#5735 = ORIENTED_EDGE('',*,*,#5736,.T.);
#5736 = EDGE_CURVE('',#5737,#5737,#5739,.T.);
#5737 = VERTEX_POINT('',#5738);
#5738 = CARTESIAN_POINT('',(156.92,-149.,1.51));
#5739 = CIRCLE('',#5740,0.5);
#5740 = AXIS2_PLACEMENT_3D('',#5741,#5742,#5743);
#5741 = CARTESIAN_POINT('',(156.92,-148.5,1.51));
#5742 = DIRECTION('',(-0.,0.,-1.));
#5743 = DIRECTION('',(-0.,-1.,0.));
#5744 = FACE_BOUND('',#5745,.T.);
#5745 = EDGE_LOOP('',(#5746));
#5746 = ORIENTED_EDGE('',*,*,#5747,.T.);
#5747 = EDGE_CURVE('',#5748,#5748,#5750,.T.);
#5748 = VERTEX_POINT('',#5749);
#5749 = CARTESIAN_POINT('',(159.46,-149.,1.51));
#5750 = CIRCLE('',#5751,0.5);
#5751 = AXIS2_PLACEMENT_3D('',#5752,#5753,#5754);
#5752 = CARTESIAN_POINT('',(159.46,-148.5,1.51));
#5753 = DIRECTION('',(-0.,0.,-1.));
#5754 = DIRECTION('',(-0.,-1.,0.));
#5755 = FACE_BOUND('',#5756,.T.);
#5756 = EDGE_LOOP('',(#5757));
#5757 = ORIENTED_EDGE('',*,*,#5758,.T.);
#5758 = EDGE_CURVE('',#5759,#5759,#5761,.T.);
#5759 = VERTEX_POINT('',#5760);
#5760 = CARTESIAN_POINT('',(162.,-149.,1.51));
#5761 = CIRCLE('',#5762,0.5);
#5762 = AXIS2_PLACEMENT_3D('',#5763,#5764,#5765);
#5763 = CARTESIAN_POINT('',(162.,-148.5,1.51));
#5764 = DIRECTION('',(-0.,0.,-1.));
#5765 = DIRECTION('',(-0.,-1.,0.));
#5766 = FACE_BOUND('',#5767,.T.);
#5767 = EDGE_LOOP('',(#5768));
#5768 = ORIENTED_EDGE('',*,*,#5769,.T.);
#5769 = EDGE_CURVE('',#5770,#5770,#5772,.T.);
#5770 = VERTEX_POINT('',#5771);
#5771 = CARTESIAN_POINT('',(57.46,-117.5,1.51));
#5772 = CIRCLE('',#5773,0.5);
#5773 = AXIS2_PLACEMENT_3D('',#5774,#5775,#5776);
#5774 = CARTESIAN_POINT('',(57.46,-117.,1.51));
#5775 = DIRECTION('',(-0.,0.,-1.));
#5776 = DIRECTION('',(-0.,-1.,0.));
#5777 = FACE_BOUND('',#5778,.T.);
#5778 = EDGE_LOOP('',(#5779));
#5779 = ORIENTED_EDGE('',*,*,#5780,.T.);
#5780 = EDGE_CURVE('',#5781,#5781,#5783,.T.);
#5781 = VERTEX_POINT('',#5782);
#5782 = CARTESIAN_POINT('',(60.,-117.5,1.51));
#5783 = CIRCLE('',#5784,0.5);
#5784 = AXIS2_PLACEMENT_3D('',#5785,#5786,#5787);
#5785 = CARTESIAN_POINT('',(60.,-117.,1.51));
#5786 = DIRECTION('',(-0.,0.,-1.));
#5787 = DIRECTION('',(-0.,-1.,0.));
#5788 = FACE_BOUND('',#5789,.T.);
#5789 = EDGE_LOOP('',(#5790));
#5790 = ORIENTED_EDGE('',*,*,#5791,.T.);
#5791 = EDGE_CURVE('',#5792,#5792,#5794,.T.);
#5792 = VERTEX_POINT('',#5793);
#5793 = CARTESIAN_POINT('',(62.54,-117.5,1.51));
#5794 = CIRCLE('',#5795,0.5);
#5795 = AXIS2_PLACEMENT_3D('',#5796,#5797,#5798);
#5796 = CARTESIAN_POINT('',(62.54,-117.,1.51));
#5797 = DIRECTION('',(-0.,0.,-1.));
#5798 = DIRECTION('',(-0.,-1.,0.));
#5799 = FACE_BOUND('',#5800,.T.);
#5800 = EDGE_LOOP('',(#5801));
#5801 = ORIENTED_EDGE('',*,*,#5802,.T.);
#5802 = EDGE_CURVE('',#5803,#5803,#5805,.T.);
#5803 = VERTEX_POINT('',#5804);
#5804 = CARTESIAN_POINT('',(65.08,-117.5,1.51));
#5805 = CIRCLE('',#5806,0.5);
#5806 = AXIS2_PLACEMENT_3D('',#5807,#5808,#5809);
#5807 = CARTESIAN_POINT('',(65.08,-117.,1.51));
#5808 = DIRECTION('',(-0.,0.,-1.));
#5809 = DIRECTION('',(-0.,-1.,0.));
#5810 = FACE_BOUND('',#5811,.T.);
#5811 = EDGE_LOOP('',(#5812));
#5812 = ORIENTED_EDGE('',*,*,#5813,.T.);
#5813 = EDGE_CURVE('',#5814,#5814,#5816,.T.);
#5814 = VERTEX_POINT('',#5815);
#5815 = CARTESIAN_POINT('',(112.46,-117.,1.51));
#5816 = CIRCLE('',#5817,0.5);
#5817 = AXIS2_PLACEMENT_3D('',#5818,#5819,#5820);
#5818 = CARTESIAN_POINT('',(112.46,-116.5,1.51));
#5819 = DIRECTION('',(-0.,0.,-1.));
#5820 = DIRECTION('',(-0.,-1.,0.));
#5821 = FACE_BOUND('',#5822,.T.);
#5822 = EDGE_LOOP('',(#5823));
#5823 = ORIENTED_EDGE('',*,*,#5824,.T.);
#5824 = EDGE_CURVE('',#5825,#5825,#5827,.T.);
#5825 = VERTEX_POINT('',#5826);
#5826 = CARTESIAN_POINT('',(115.,-117.,1.51));
#5827 = CIRCLE('',#5828,0.5);
#5828 = AXIS2_PLACEMENT_3D('',#5829,#5830,#5831);
#5829 = CARTESIAN_POINT('',(115.,-116.5,1.51));
#5830 = DIRECTION('',(-0.,0.,-1.));
#5831 = DIRECTION('',(-0.,-1.,0.));
#5832 = FACE_BOUND('',#5833,.T.);
#5833 = EDGE_LOOP('',(#5834));
#5834 = ORIENTED_EDGE('',*,*,#5835,.T.);
#5835 = EDGE_CURVE('',#5836,#5836,#5838,.T.);
#5836 = VERTEX_POINT('',#5837);
#5837 = CARTESIAN_POINT('',(117.54,-117.,1.51));
#5838 = CIRCLE('',#5839,0.5);
#5839 = AXIS2_PLACEMENT_3D('',#5840,#5841,#5842);
#5840 = CARTESIAN_POINT('',(117.54,-116.5,1.51));
#5841 = DIRECTION('',(-0.,0.,-1.));
#5842 = DIRECTION('',(-0.,-1.,0.));
#5843 = FACE_BOUND('',#5844,.T.);
#5844 = EDGE_LOOP('',(#5845));
#5845 = ORIENTED_EDGE('',*,*,#5846,.T.);
#5846 = EDGE_CURVE('',#5847,#5847,#5849,.T.);
#5847 = VERTEX_POINT('',#5848);
#5848 = CARTESIAN_POINT('',(120.08,-117.,1.51));
#5849 = CIRCLE('',#5850,0.5);
#5850 = AXIS2_PLACEMENT_3D('',#5851,#5852,#5853);
#5851 = CARTESIAN_POINT('',(120.08,-116.5,1.51));
#5852 = DIRECTION('',(-0.,0.,-1.));
#5853 = DIRECTION('',(-0.,-1.,0.));
#5854 = PLANE('',#5855);
#5855 = AXIS2_PLACEMENT_3D('',#5856,#5857,#5858);
#5856 = CARTESIAN_POINT('',(0.,0.,1.51));
#5857 = DIRECTION('',(0.,0.,1.));
#5858 = DIRECTION('',(1.,0.,-0.));
#5859 = ADVANCED_FACE('',(#5860),#5866,.T.);
#5860 = FACE_BOUND('',#5861,.T.);
#5861 = EDGE_LOOP('',(#5862,#5863,#5864,#5865));
#5862 = ORIENTED_EDGE('',*,*,#5323,.T.);
#5863 = ORIENTED_EDGE('',*,*,#5606,.T.);
#5864 = ORIENTED_EDGE('',*,*,#5283,.F.);
#5865 = ORIENTED_EDGE('',*,*,#5347,.F.);
#5866 = PLANE('',#5867);
#5867 = AXIS2_PLACEMENT_3D('',#5868,#5869,#5870);
#5868 = CARTESIAN_POINT('',(55.8,-88.,0.));
#5869 = DIRECTION('',(0.,1.,0.));
#5870 = DIRECTION('',(1.,0.,0.));
#5871 = ADVANCED_FACE('',(#5872),#5883,.F.);
#5872 = FACE_BOUND('',#5873,.T.);
#5873 = EDGE_LOOP('',(#5874,#5875,#5881,#5882));
#5874 = ORIENTED_EDGE('',*,*,#5356,.T.);
#5875 = ORIENTED_EDGE('',*,*,#5876,.T.);
#5876 = EDGE_CURVE('',#5357,#5616,#5877,.T.);
#5877 = LINE('',#5878,#5879);
#5878 = CARTESIAN_POINT('',(47.96,-149.,-4.6E-02));
#5879 = VECTOR('',#5880,1.);
#5880 = DIRECTION('',(0.,0.,1.));
#5881 = ORIENTED_EDGE('',*,*,#5615,.F.);
#5882 = ORIENTED_EDGE('',*,*,#5876,.F.);
#5883 = CYLINDRICAL_SURFACE('',#5884,0.5);
#5884 = AXIS2_PLACEMENT_3D('',#5885,#5886,#5887);
#5885 = CARTESIAN_POINT('',(47.96,-148.5,-4.6E-02));
#5886 = DIRECTION('',(-0.,-0.,-1.));
#5887 = DIRECTION('',(-0.,-1.,0.));
#5888 = ADVANCED_FACE('',(#5889),#5900,.F.);
#5889 = FACE_BOUND('',#5890,.T.);
#5890 = EDGE_LOOP('',(#5891,#5892,#5898,#5899));
#5891 = ORIENTED_EDGE('',*,*,#5367,.T.);
#5892 = ORIENTED_EDGE('',*,*,#5893,.T.);
#5893 = EDGE_CURVE('',#5368,#5627,#5894,.T.);
#5894 = LINE('',#5895,#5896);
#5895 = CARTESIAN_POINT('',(50.5,-149.,-4.6E-02));
#5896 = VECTOR('',#5897,1.);
#5897 = DIRECTION('',(0.,0.,1.));
#5898 = ORIENTED_EDGE('',*,*,#5626,.F.);
#5899 = ORIENTED_EDGE('',*,*,#5893,.F.);
#5900 = CYLINDRICAL_SURFACE('',#5901,0.5);
#5901 = AXIS2_PLACEMENT_3D('',#5902,#5903,#5904);
#5902 = CARTESIAN_POINT('',(50.5,-148.5,-4.6E-02));
#5903 = DIRECTION('',(-0.,-0.,-1.));
#5904 = DIRECTION('',(-0.,-1.,0.));
#5905 = ADVANCED_FACE('',(#5906),#5917,.F.);
#5906 = FACE_BOUND('',#5907,.T.);
#5907 = EDGE_LOOP('',(#5908,#5909,#5915,#5916));
#5908 = ORIENTED_EDGE('',*,*,#5378,.T.);
#5909 = ORIENTED_EDGE('',*,*,#5910,.T.);
#5910 = EDGE_CURVE('',#5379,#5638,#5911,.T.);
#5911 = LINE('',#5912,#5913);
#5912 = CARTESIAN_POINT('',(53.04,-149.,-4.6E-02));
#5913 = VECTOR('',#5914,1.);
#5914 = DIRECTION('',(0.,0.,1.));
#5915 = ORIENTED_EDGE('',*,*,#5637,.F.);
#5916 = ORIENTED_EDGE('',*,*,#5910,.F.);
#5917 = CYLINDRICAL_SURFACE('',#5918,0.5);
#5918 = AXIS2_PLACEMENT_3D('',#5919,#5920,#5921);
#5919 = CARTESIAN_POINT('',(53.04,-148.5,-4.6E-02));
#5920 = DIRECTION('',(-0.,-0.,-1.));
#5921 = DIRECTION('',(-0.,-1.,0.));
#5922 = ADVANCED_FACE('',(#5923),#5934,.F.);
#5923 = FACE_BOUND('',#5924,.T.);
#5924 = EDGE_LOOP('',(#5925,#5926,#5932,#5933));
#5925 = ORIENTED_EDGE('',*,*,#5389,.T.);
#5926 = ORIENTED_EDGE('',*,*,#5927,.T.);
#5927 = EDGE_CURVE('',#5390,#5649,#5928,.T.);
#5928 = LINE('',#5929,#5930);
#5929 = CARTESIAN_POINT('',(55.58,-149.,-4.6E-02));
#5930 = VECTOR('',#5931,1.);
#5931 = DIRECTION('',(0.,0.,1.));
#5932 = ORIENTED_EDGE('',*,*,#5648,.F.);
#5933 = ORIENTED_EDGE('',*,*,#5927,.F.);
#5934 = CYLINDRICAL_SURFACE('',#5935,0.5);
#5935 = AXIS2_PLACEMENT_3D('',#5936,#5937,#5938);
#5936 = CARTESIAN_POINT('',(55.58,-148.5,-4.6E-02));
#5937 = DIRECTION('',(-0.,-0.,-1.));
#5938 = DIRECTION('',(-0.,-1.,0.));
#5939 = ADVANCED_FACE('',(#5940),#5951,.F.);
#5940 = FACE_BOUND('',#5941,.T.);
#5941 = EDGE_LOOP('',(#5942,#5943,#5949,#5950));
#5942 = ORIENTED_EDGE('',*,*,#5400,.T.);
#5943 = ORIENTED_EDGE('',*,*,#5944,.T.);
#5944 = EDGE_CURVE('',#5401,#5660,#5945,.T.);
#5945 = LINE('',#5946,#5947);
#5946 = CARTESIAN_POINT('',(58.12,-149.,-4.6E-02));
#5947 = VECTOR('',#5948,1.);
#5948 = DIRECTION('',(0.,0.,1.));
#5949 = ORIENTED_EDGE('',*,*,#5659,.F.);
#5950 = ORIENTED_EDGE('',*,*,#5944,.F.);
#5951 = CYLINDRICAL_SURFACE('',#5952,0.5);
#5952 = AXIS2_PLACEMENT_3D('',#5953,#5954,#5955);
#5953 = CARTESIAN_POINT('',(58.12,-148.5,-4.6E-02));
#5954 = DIRECTION('',(-0.,-0.,-1.));
#5955 = DIRECTION('',(-0.,-1.,0.));
#5956 = ADVANCED_FACE('',(#5957),#5968,.F.);
#5957 = FACE_BOUND('',#5958,.T.);
#5958 = EDGE_LOOP('',(#5959,#5960,#5966,#5967));
#5959 = ORIENTED_EDGE('',*,*,#5411,.T.);
#5960 = ORIENTED_EDGE('',*,*,#5961,.T.);
#5961 = EDGE_CURVE('',#5412,#5671,#5962,.T.);
#5962 = LINE('',#5963,#5964);
#5963 = CARTESIAN_POINT('',(60.66,-149.,-4.6E-02));
#5964 = VECTOR('',#5965,1.);
#5965 = DIRECTION('',(0.,0.,1.));
#5966 = ORIENTED_EDGE('',*,*,#5670,.F.);
#5967 = ORIENTED_EDGE('',*,*,#5961,.F.);
#5968 = CYLINDRICAL_SURFACE('',#5969,0.5);
#5969 = AXIS2_PLACEMENT_3D('',#5970,#5971,#5972);
#5970 = CARTESIAN_POINT('',(60.66,-148.5,-4.6E-02));
#5971 = DIRECTION('',(-0.,-0.,-1.));
#5972 = DIRECTION('',(-0.,-1.,0.));
#5973 = ADVANCED_FACE('',(#5974),#5985,.F.);
#5974 = FACE_BOUND('',#5975,.T.);
#5975 = EDGE_LOOP('',(#5976,#5977,#5983,#5984));
#5976 = ORIENTED_EDGE('',*,*,#5422,.T.);
#5977 = ORIENTED_EDGE('',*,*,#5978,.T.);
#5978 = EDGE_CURVE('',#5423,#5682,#5979,.T.);
#5979 = LINE('',#5980,#5981);
#5980 = CARTESIAN_POINT('',(63.2,-149.,-4.6E-02));
#5981 = VECTOR('',#5982,1.);
#5982 = DIRECTION('',(0.,0.,1.));
#5983 = ORIENTED_EDGE('',*,*,#5681,.F.);
#5984 = ORIENTED_EDGE('',*,*,#5978,.F.);
#5985 = CYLINDRICAL_SURFACE('',#5986,0.5);
#5986 = AXIS2_PLACEMENT_3D('',#5987,#5988,#5989);
#5987 = CARTESIAN_POINT('',(63.2,-148.5,-4.6E-02));
#5988 = DIRECTION('',(-0.,-0.,-1.));
#5989 = DIRECTION('',(-0.,-1.,0.));
#5990 = ADVANCED_FACE('',(#5991),#6002,.F.);
#5991 = FACE_BOUND('',#5992,.T.);
#5992 = EDGE_LOOP('',(#5993,#5994,#6000,#6001));
#5993 = ORIENTED_EDGE('',*,*,#5433,.T.);
#5994 = ORIENTED_EDGE('',*,*,#5995,.T.);
#5995 = EDGE_CURVE('',#5434,#5693,#5996,.T.);
#5996 = LINE('',#5997,#5998);
#5997 = CARTESIAN_POINT('',(65.74,-149.,-4.6E-02));
#5998 = VECTOR('',#5999,1.);
#5999 = DIRECTION('',(0.,0.,1.));
#6000 = ORIENTED_EDGE('',*,*,#5692,.F.);
#6001 = ORIENTED_EDGE('',*,*,#5995,.F.);
#6002 = CYLINDRICAL_SURFACE('',#6003,0.5);
#6003 = AXIS2_PLACEMENT_3D('',#6004,#6005,#6006);
#6004 = CARTESIAN_POINT('',(65.74,-148.5,-4.6E-02));
#6005 = DIRECTION('',(-0.,-0.,-1.));
#6006 = DIRECTION('',(-0.,-1.,0.));
#6007 = ADVANCED_FACE('',(#6008),#6019,.F.);
#6008 = FACE_BOUND('',#6009,.T.);
#6009 = EDGE_LOOP('',(#6010,#6011,#6017,#6018));
#6010 = ORIENTED_EDGE('',*,*,#5444,.T.);
#6011 = ORIENTED_EDGE('',*,*,#6012,.T.);
#6012 = EDGE_CURVE('',#5445,#5704,#6013,.T.);
#6013 = LINE('',#6014,#6015);
#6014 = CARTESIAN_POINT('',(68.28,-149.,-4.6E-02));
#6015 = VECTOR('',#6016,1.);
#6016 = DIRECTION('',(0.,0.,1.));
#6017 = ORIENTED_EDGE('',*,*,#5703,.F.);
#6018 = ORIENTED_EDGE('',*,*,#6012,.F.);
#6019 = CYLINDRICAL_SURFACE('',#6020,0.5);
#6020 = AXIS2_PLACEMENT_3D('',#6021,#6022,#6023);
#6021 = CARTESIAN_POINT('',(68.28,-148.5,-4.6E-02));
#6022 = DIRECTION('',(-0.,-0.,-1.));
#6023 = DIRECTION('',(-0.,-1.,0.));
#6024 = ADVANCED_FACE('',(#6025),#6036,.F.);
#6025 = FACE_BOUND('',#6026,.T.);
#6026 = EDGE_LOOP('',(#6027,#6028,#6034,#6035));
#6027 = ORIENTED_EDGE('',*,*,#5455,.T.);
#6028 = ORIENTED_EDGE('',*,*,#6029,.T.);
#6029 = EDGE_CURVE('',#5456,#5715,#6030,.T.);
#6030 = LINE('',#6031,#6032);
#6031 = CARTESIAN_POINT('',(70.82,-149.,-4.6E-02));
#6032 = VECTOR('',#6033,1.);
#6033 = DIRECTION('',(0.,0.,1.));
#6034 = ORIENTED_EDGE('',*,*,#5714,.F.);
#6035 = ORIENTED_EDGE('',*,*,#6029,.F.);
#6036 = CYLINDRICAL_SURFACE('',#6037,0.5);
#6037 = AXIS2_PLACEMENT_3D('',#6038,#6039,#6040);
#6038 = CARTESIAN_POINT('',(70.82,-148.5,-4.6E-02));
#6039 = DIRECTION('',(-0.,-0.,-1.));
#6040 = DIRECTION('',(-0.,-1.,0.));
#6041 = ADVANCED_FACE('',(#6042),#6053,.F.);
#6042 = FACE_BOUND('',#6043,.T.);
#6043 = EDGE_LOOP('',(#6044,#6045,#6051,#6052));
#6044 = ORIENTED_EDGE('',*,*,#5466,.T.);
#6045 = ORIENTED_EDGE('',*,*,#6046,.T.);
#6046 = EDGE_CURVE('',#5467,#5726,#6047,.T.);
#6047 = LINE('',#6048,#6049);
#6048 = CARTESIAN_POINT('',(154.38,-149.,-4.6E-02));
#6049 = VECTOR('',#6050,1.);
#6050 = DIRECTION('',(0.,0.,1.));
#6051 = ORIENTED_EDGE('',*,*,#5725,.F.);
#6052 = ORIENTED_EDGE('',*,*,#6046,.F.);
#6053 = CYLINDRICAL_SURFACE('',#6054,0.5);
#6054 = AXIS2_PLACEMENT_3D('',#6055,#6056,#6057);
#6055 = CARTESIAN_POINT('',(154.38,-148.5,-4.6E-02));
#6056 = DIRECTION('',(-0.,-0.,-1.));
#6057 = DIRECTION('',(-0.,-1.,0.));
#6058 = ADVANCED_FACE('',(#6059),#6070,.F.);
#6059 = FACE_BOUND('',#6060,.T.);
#6060 = EDGE_LOOP('',(#6061,#6062,#6068,#6069));
#6061 = ORIENTED_EDGE('',*,*,#5477,.T.);
#6062 = ORIENTED_EDGE('',*,*,#6063,.T.);
#6063 = EDGE_CURVE('',#5478,#5737,#6064,.T.);
#6064 = LINE('',#6065,#6066);
#6065 = CARTESIAN_POINT('',(156.92,-149.,-4.6E-02));
#6066 = VECTOR('',#6067,1.);
#6067 = DIRECTION('',(0.,0.,1.));
#6068 = ORIENTED_EDGE('',*,*,#5736,.F.);
#6069 = ORIENTED_EDGE('',*,*,#6063,.F.);
#6070 = CYLINDRICAL_SURFACE('',#6071,0.5);
#6071 = AXIS2_PLACEMENT_3D('',#6072,#6073,#6074);
#6072 = CARTESIAN_POINT('',(156.92,-148.5,-4.6E-02));
#6073 = DIRECTION('',(-0.,-0.,-1.));
#6074 = DIRECTION('',(-0.,-1.,0.));
#6075 = ADVANCED_FACE('',(#6076),#6087,.F.);
#6076 = FACE_BOUND('',#6077,.T.);
#6077 = EDGE_LOOP('',(#6078,#6079,#6085,#6086));
#6078 = ORIENTED_EDGE('',*,*,#5488,.T.);
#6079 = ORIENTED_EDGE('',*,*,#6080,.T.);
#6080 = EDGE_CURVE('',#5489,#5748,#6081,.T.);
#6081 = LINE('',#6082,#6083);
#6082 = CARTESIAN_POINT('',(159.46,-149.,-4.6E-02));
#6083 = VECTOR('',#6084,1.);
#6084 = DIRECTION('',(0.,0.,1.));
#6085 = ORIENTED_EDGE('',*,*,#5747,.F.);
#6086 = ORIENTED_EDGE('',*,*,#6080,.F.);
#6087 = CYLINDRICAL_SURFACE('',#6088,0.5);
#6088 = AXIS2_PLACEMENT_3D('',#6089,#6090,#6091);
#6089 = CARTESIAN_POINT('',(159.46,-148.5,-4.6E-02));
#6090 = DIRECTION('',(-0.,-0.,-1.));
#6091 = DIRECTION('',(-0.,-1.,0.));
#6092 = ADVANCED_FACE('',(#6093),#6104,.F.);
#6093 = FACE_BOUND('',#6094,.T.);
#6094 = EDGE_LOOP('',(#6095,#6096,#6102,#6103));
#6095 = ORIENTED_EDGE('',*,*,#5499,.T.);
#6096 = ORIENTED_EDGE('',*,*,#6097,.T.);
#6097 = EDGE_CURVE('',#5500,#5759,#6098,.T.);
#6098 = LINE('',#6099,#6100);
#6099 = CARTESIAN_POINT('',(162.,-149.,-4.6E-02));
#6100 = VECTOR('',#6101,1.);
#6101 = DIRECTION('',(0.,0.,1.));
#6102 = ORIENTED_EDGE('',*,*,#5758,.F.);
#6103 = ORIENTED_EDGE('',*,*,#6097,.F.);
#6104 = CYLINDRICAL_SURFACE('',#6105,0.5);
#6105 = AXIS2_PLACEMENT_3D('',#6106,#6107,#6108);
#6106 = CARTESIAN_POINT('',(162.,-148.5,-4.6E-02));
#6107 = DIRECTION('',(-0.,-0.,-1.));
#6108 = DIRECTION('',(-0.,-1.,0.));
#6109 = ADVANCED_FACE('',(#6110),#6121,.F.);
#6110 = FACE_BOUND('',#6111,.T.);
#6111 = EDGE_LOOP('',(#6112,#6113,#6119,#6120));
#6112 = ORIENTED_EDGE('',*,*,#5510,.T.);
#6113 = ORIENTED_EDGE('',*,*,#6114,.T.);
#6114 = EDGE_CURVE('',#5511,#5770,#6115,.T.);
#6115 = LINE('',#6116,#6117);
#6116 = CARTESIAN_POINT('',(57.46,-117.5,-4.6E-02));
#6117 = VECTOR('',#6118,1.);
#6118 = DIRECTION('',(0.,0.,1.));
#6119 = ORIENTED_EDGE('',*,*,#5769,.F.);
#6120 = ORIENTED_EDGE('',*,*,#6114,.F.);
#6121 = CYLINDRICAL_SURFACE('',#6122,0.5);
#6122 = AXIS2_PLACEMENT_3D('',#6123,#6124,#6125);
#6123 = CARTESIAN_POINT('',(57.46,-117.,-4.6E-02));
#6124 = DIRECTION('',(-0.,-0.,-1.));
#6125 = DIRECTION('',(-0.,-1.,0.));
#6126 = ADVANCED_FACE('',(#6127),#6138,.F.);
#6127 = FACE_BOUND('',#6128,.T.);
#6128 = EDGE_LOOP('',(#6129,#6130,#6136,#6137));
#6129 = ORIENTED_EDGE('',*,*,#5521,.T.);
#6130 = ORIENTED_EDGE('',*,*,#6131,.T.);
#6131 = EDGE_CURVE('',#5522,#5781,#6132,.T.);
#6132 = LINE('',#6133,#6134);
#6133 = CARTESIAN_POINT('',(60.,-117.5,-4.6E-02));
#6134 = VECTOR('',#6135,1.);
#6135 = DIRECTION('',(0.,0.,1.));
#6136 = ORIENTED_EDGE('',*,*,#5780,.F.);
#6137 = ORIENTED_EDGE('',*,*,#6131,.F.);
#6138 = CYLINDRICAL_SURFACE('',#6139,0.5);
#6139 = AXIS2_PLACEMENT_3D('',#6140,#6141,#6142);
#6140 = CARTESIAN_POINT('',(60.,-117.,-4.6E-02));
#6141 = DIRECTION('',(-0.,-0.,-1.));
#6142 = DIRECTION('',(-0.,-1.,0.));
#6143 = ADVANCED_FACE('',(#6144),#6155,.F.);
#6144 = FACE_BOUND('',#6145,.T.);
#6145 = EDGE_LOOP('',(#6146,#6147,#6153,#6154));
#6146 = ORIENTED_EDGE('',*,*,#5532,.T.);
#6147 = ORIENTED_EDGE('',*,*,#6148,.T.);
#6148 = EDGE_CURVE('',#5533,#5792,#6149,.T.);
#6149 = LINE('',#6150,#6151);
#6150 = CARTESIAN_POINT('',(62.54,-117.5,-4.6E-02));
#6151 = VECTOR('',#6152,1.);
#6152 = DIRECTION('',(0.,0.,1.));
#6153 = ORIENTED_EDGE('',*,*,#5791,.F.);
#6154 = ORIENTED_EDGE('',*,*,#6148,.F.);
#6155 = CYLINDRICAL_SURFACE('',#6156,0.5);
#6156 = AXIS2_PLACEMENT_3D('',#6157,#6158,#6159);
#6157 = CARTESIAN_POINT('',(62.54,-117.,-4.6E-02));
#6158 = DIRECTION('',(-0.,-0.,-1.));
#6159 = DIRECTION('',(-0.,-1.,0.));
#6160 = ADVANCED_FACE('',(#6161),#6172,.F.);
#6161 = FACE_BOUND('',#6162,.T.);
#6162 = EDGE_LOOP('',(#6163,#6164,#6170,#6171));
#6163 = ORIENTED_EDGE('',*,*,#5543,.T.);
#6164 = ORIENTED_EDGE('',*,*,#6165,.T.);
#6165 = EDGE_CURVE('',#5544,#5803,#6166,.T.);
#6166 = LINE('',#6167,#6168);
#6167 = CARTESIAN_POINT('',(65.08,-117.5,-4.6E-02));
#6168 = VECTOR('',#6169,1.);
#6169 = DIRECTION('',(0.,0.,1.));
#6170 = ORIENTED_EDGE('',*,*,#5802,.F.);
#6171 = ORIENTED_EDGE('',*,*,#6165,.F.);
#6172 = CYLINDRICAL_SURFACE('',#6173,0.5);
#6173 = AXIS2_PLACEMENT_3D('',#6174,#6175,#6176);
#6174 = CARTESIAN_POINT('',(65.08,-117.,-4.6E-02));
#6175 = DIRECTION('',(-0.,-0.,-1.));
#6176 = DIRECTION('',(-0.,-1.,0.));
#6177 = ADVANCED_FACE('',(#6178),#6189,.F.);
#6178 = FACE_BOUND('',#6179,.T.);
#6179 = EDGE_LOOP('',(#6180,#6181,#6187,#6188));
#6180 = ORIENTED_EDGE('',*,*,#5554,.T.);
#6181 = ORIENTED_EDGE('',*,*,#6182,.T.);
#6182 = EDGE_CURVE('',#5555,#5814,#6183,.T.);
#6183 = LINE('',#6184,#6185);
#6184 = CARTESIAN_POINT('',(112.46,-117.,-4.6E-02));
#6185 = VECTOR('',#6186,1.);
#6186 = DIRECTION('',(0.,0.,1.));
#6187 = ORIENTED_EDGE('',*,*,#5813,.F.);
#6188 = ORIENTED_EDGE('',*,*,#6182,.F.);
#6189 = CYLINDRICAL_SURFACE('',#6190,0.5);
#6190 = AXIS2_PLACEMENT_3D('',#6191,#6192,#6193);
#6191 = CARTESIAN_POINT('',(112.46,-116.5,-4.6E-02));
#6192 = DIRECTION('',(-0.,-0.,-1.));
#6193 = DIRECTION('',(-0.,-1.,0.));
#6194 = ADVANCED_FACE('',(#6195),#6206,.F.);
#6195 = FACE_BOUND('',#6196,.T.);
#6196 = EDGE_LOOP('',(#6197,#6198,#6204,#6205));
#6197 = ORIENTED_EDGE('',*,*,#5565,.T.);
#6198 = ORIENTED_EDGE('',*,*,#6199,.T.);
#6199 = EDGE_CURVE('',#5566,#5825,#6200,.T.);
#6200 = LINE('',#6201,#6202);
#6201 = CARTESIAN_POINT('',(115.,-117.,-4.6E-02));
#6202 = VECTOR('',#6203,1.);
#6203 = DIRECTION('',(0.,0.,1.));
#6204 = ORIENTED_EDGE('',*,*,#5824,.F.);
#6205 = ORIENTED_EDGE('',*,*,#6199,.F.);
#6206 = CYLINDRICAL_SURFACE('',#6207,0.5);
#6207 = AXIS2_PLACEMENT_3D('',#6208,#6209,#6210);
#6208 = CARTESIAN_POINT('',(115.,-116.5,-4.6E-02));
#6209 = DIRECTION('',(-0.,-0.,-1.));
#6210 = DIRECTION('',(-0.,-1.,0.));
#6211 = ADVANCED_FACE('',(#6212),#6223,.F.);
#6212 = FACE_BOUND('',#6213,.T.);
#6213 = EDGE_LOOP('',(#6214,#6215,#6221,#6222));
#6214 = ORIENTED_EDGE('',*,*,#5576,.T.);
#6215 = ORIENTED_EDGE('',*,*,#6216,.T.);
#6216 = EDGE_CURVE('',#5577,#5836,#6217,.T.);
#6217 = LINE('',#6218,#6219);
#6218 = CARTESIAN_POINT('',(117.54,-117.,-4.6E-02));
#6219 = VECTOR('',#6220,1.);
#6220 = DIRECTION('',(0.,0.,1.));
#6221 = ORIENTED_EDGE('',*,*,#5835,.F.);
#6222 = ORIENTED_EDGE('',*,*,#6216,.F.);
#6223 = CYLINDRICAL_SURFACE('',#6224,0.5);
#6224 = AXIS2_PLACEMENT_3D('',#6225,#6226,#6227);
#6225 = CARTESIAN_POINT('',(117.54,-116.5,-4.6E-02));
#6226 = DIRECTION('',(-0.,-0.,-1.));
#6227 = DIRECTION('',(-0.,-1.,0.));
#6228 = ADVANCED_FACE('',(#6229),#6240,.F.);
#6229 = FACE_BOUND('',#6230,.T.);
#6230 = EDGE_LOOP('',(#6231,#6232,#6238,#6239));
#6231 = ORIENTED_EDGE('',*,*,#5587,.T.);
#6232 = ORIENTED_EDGE('',*,*,#6233,.T.);
#6233 = EDGE_CURVE('',#5588,#5847,#6234,.T.);
#6234 = LINE('',#6235,#6236);
#6235 = CARTESIAN_POINT('',(120.08,-117.,-4.6E-02));
#6236 = VECTOR('',#6237,1.);
#6237 = DIRECTION('',(0.,0.,1.));
#6238 = ORIENTED_EDGE('',*,*,#5846,.F.);
#6239 = ORIENTED_EDGE('',*,*,#6233,.F.);
#6240 = CYLINDRICAL_SURFACE('',#6241,0.5);
#6241 = AXIS2_PLACEMENT_3D('',#6242,#6243,#6244);
#6242 = CARTESIAN_POINT('',(120.08,-116.5,-4.6E-02));
#6243 = DIRECTION('',(-0.,-0.,-1.));
#6244 = DIRECTION('',(-0.,-1.,0.));
#6245 = ( GEOMETRIC_REPRESENTATION_CONTEXT(3) 
GLOBAL_UNCERTAINTY_ASSIGNED_CONTEXT((#6249)) 
GLOBAL_UNIT_ASSIGNED_CONTEXT((#6246,#6247,#6248)) REPRESENTATION_CONTEXT
('Context #1','3D Context with UNIT and UNCERTAINTY') );
#6246 = ( LENGTH_UNIT() NAMED_UNIT(*) SI_UNIT(.MILLI.,.METRE.) );
#6247 = ( NAMED_UNIT(*) PLANE_ANGLE_UNIT() SI_UNIT($,.RADIAN.) );
#6248 = ( NAMED_UNIT(*) SI_UNIT($,.STERADIAN.) SOLID_ANGLE_UNIT() );
#6249 = UNCERTAINTY_MEASURE_WITH_UNIT(LENGTH_MEASURE(1.E-07),#6246,
  'distance_accuracy_value','confusion accuracy');
#6250 = CONTEXT_DEPENDENT_SHAPE_REPRESENTATION(#6251,#6253);
#6251 = ( REPRESENTATION_RELATIONSHIP('','',#5236,#10) 
REPRESENTATION_RELATIONSHIP_WITH_TRANSFORMATION(#6252) 
SHAPE_REPRESENTATION_RELATIONSHIP() );
#6252 = ITEM_DEFINED_TRANSFORMATION('','',#11,#27);
#6253 = PRODUCT_DEFINITION_SHAPE('Placement','Placement of an item',
  #6254);
#6254 = NEXT_ASSEMBLY_USAGE_OCCURRENCE('35','=>[0:1:1:15]','',#5,#5231,$
  );
#6255 = PRODUCT_RELATED_PRODUCT_CATEGORY('part',$,(#5233));
#6256 = REPRESENTATION('material name',(#6257),#615);
#6257 = DESCRIPTIVE_REPRESENTATION_ITEM('PKG_NAME','SOT-23');
#6258 = PROPERTY_DEFINITION('material property','material name',#105);
#6259 = PROPERTY_DEFINITION_REPRESENTATION(#6258,#6256);
#6260 = REPRESENTATION('material name',(#6261),#1254);
#6261 = DESCRIPTIVE_REPRESENTATION_ITEM('FORMERLY','');
#6262 = PROPERTY_DEFINITION('material property','material name',#1098);
#6263 = PROPERTY_DEFINITION_REPRESENTATION(#6262,#6260);
#6264 = REPRESENTATION('material name',(#6265),#4663);
#6265 = DESCRIPTIVE_REPRESENTATION_ITEM('MM_YYYY','02/2017');
#6266 = PROPERTY_DEFINITION('material property','material name',#3375);
#6267 = PROPERTY_DEFINITION_REPRESENTATION(#6266,#6264);
#6268 = PROPERTY_DEFINITION('material property','material name',#4676);
#6269 = PROPERTY_DEFINITION_REPRESENTATION(#6268,#6260);
#6270 = MECHANICAL_DESIGN_GEOMETRIC_PRESENTATION_REPRESENTATION('',(
    #6271),#1056);
#6271 = STYLED_ITEM('color',(#6272),#634);
#6272 = PRESENTATION_STYLE_ASSIGNMENT((#6273));
#6273 = SURFACE_STYLE_USAGE(.BOTH.,#6274);
#6274 = SURFACE_SIDE_STYLE('',(#6275));
#6275 = SURFACE_STYLE_FILL_AREA(#6276);
#6276 = FILL_AREA_STYLE('',(#6277));
#6277 = FILL_AREA_STYLE_COLOUR('',#6278);
#6278 = DRAUGHTING_PRE_DEFINED_COLOUR('white');
#6279 = MECHANICAL_DESIGN_GEOMETRIC_PRESENTATION_REPRESENTATION('',(
    #6280),#615);
#6280 = STYLED_ITEM('color',(#6281),#111);
#6281 = PRESENTATION_STYLE_ASSIGNMENT((#6282));
#6282 = SURFACE_STYLE_USAGE(.BOTH.,#6283);
#6283 = SURFACE_SIDE_STYLE('',(#6284));
#6284 = SURFACE_STYLE_FILL_AREA(#6285);
#6285 = FILL_AREA_STYLE('',(#6286));
#6286 = FILL_AREA_STYLE_COLOUR('',#6287);
#6287 = COLOUR_RGB('',0.274510000205,0.274510000205,0.274510000205);
#6288 = MECHANICAL_DESIGN_GEOMETRIC_PRESENTATION_REPRESENTATION('',(
    #6289),#4663);
#6289 = STYLED_ITEM('color',(#6290),#3381);
#6290 = PRESENTATION_STYLE_ASSIGNMENT((#6291));
#6291 = SURFACE_STYLE_USAGE(.BOTH.,#6292);
#6292 = SURFACE_SIDE_STYLE('',(#6293));
#6293 = SURFACE_STYLE_FILL_AREA(#6294);
#6294 = FILL_AREA_STYLE('',(#6295));
#6295 = FILL_AREA_STYLE_COLOUR('',#6287);
#6296 = MECHANICAL_DESIGN_GEOMETRIC_PRESENTATION_REPRESENTATION('',(
    #6297),#6245);
#6297 = STYLED_ITEM('color',(#6298),#5237);
#6298 = PRESENTATION_STYLE_ASSIGNMENT((#6299));
#6299 = SURFACE_STYLE_USAGE(.BOTH.,#6300);
#6300 = SURFACE_SIDE_STYLE('',(#6301));
#6301 = SURFACE_STYLE_FILL_AREA(#6302);
#6302 = FILL_AREA_STYLE('',(#6303));
#6303 = FILL_AREA_STYLE_COLOUR('',#6304);
#6304 = COLOUR_RGB('',0.313304153717,0.484529207832,0.410020903123);
#6305 = MECHANICAL_DESIGN_GEOMETRIC_PRESENTATION_REPRESENTATION('',(
    #6306,#6316,#6325,#6334,#6344,#6353,#6362,#6371,#6380,#6389,#6398,
    #6407,#6416,#6425,#6434,#6443,#6453,#6462,#6471,#6480,#6489,#6498,
    #6507,#6516,#6525,#6534,#6543,#6552,#6561,#6570,#6579,#6588,#6597,
    #6606,#6615,#6624,#6633,#6642,#6651,#6660,#6669,#6678,#6687,#6696,
    #6705,#6714,#6723,#6732,#6741,#6750,#6759,#6768,#6777,#6786,#6795,
    #6804,#6813,#6822,#6831,#6840,#6849,#6858,#6867,#6876,#6885,#6894,
    #6903,#6912,#6921,#6930,#6939,#6948,#6957,#6966,#6975,#6984,#6993,
    #7002,#7011),#3232);
#6306 = STYLED_ITEM('color',(#6307),#1298);
#6307 = PRESENTATION_STYLE_ASSIGNMENT((#6308,#6314));
#6308 = SURFACE_STYLE_USAGE(.BOTH.,#6309);
#6309 = SURFACE_SIDE_STYLE('',(#6310));
#6310 = SURFACE_STYLE_FILL_AREA(#6311);
#6311 = FILL_AREA_STYLE('',(#6312));
#6312 = FILL_AREA_STYLE_COLOUR('',#6313);
#6313 = COLOUR_RGB('',0.587999997538,0.587999997538,0.587999997538);
#6314 = CURVE_STYLE('',#6315,POSITIVE_LENGTH_MEASURE(0.1),#6313);
#6315 = DRAUGHTING_PRE_DEFINED_CURVE_FONT('continuous');
#6316 = STYLED_ITEM('color',(#6317),#1330);
#6317 = PRESENTATION_STYLE_ASSIGNMENT((#6318,#6323));
#6318 = SURFACE_STYLE_USAGE(.BOTH.,#6319);
#6319 = SURFACE_SIDE_STYLE('',(#6320));
#6320 = SURFACE_STYLE_FILL_AREA(#6321);
#6321 = FILL_AREA_STYLE('',(#6322));
#6322 = FILL_AREA_STYLE_COLOUR('',#6313);
#6323 = CURVE_STYLE('',#6324,POSITIVE_LENGTH_MEASURE(0.1),#6313);
#6324 = DRAUGHTING_PRE_DEFINED_CURVE_FONT('continuous');
#6325 = STYLED_ITEM('color',(#6326),#1339);
#6326 = PRESENTATION_STYLE_ASSIGNMENT((#6327,#6332));
#6327 = SURFACE_STYLE_USAGE(.BOTH.,#6328);
#6328 = SURFACE_SIDE_STYLE('',(#6329));
#6329 = SURFACE_STYLE_FILL_AREA(#6330);
#6330 = FILL_AREA_STYLE('',(#6331));
#6331 = FILL_AREA_STYLE_COLOUR('',#6313);
#6332 = CURVE_STYLE('',#6333,POSITIVE_LENGTH_MEASURE(0.1),#6313);
#6333 = DRAUGHTING_PRE_DEFINED_CURVE_FONT('continuous');
#6334 = STYLED_ITEM('color',(#6335),#1350);
#6335 = PRESENTATION_STYLE_ASSIGNMENT((#6336,#6342));
#6336 = SURFACE_STYLE_USAGE(.BOTH.,#6337);
#6337 = SURFACE_SIDE_STYLE('',(#6338));
#6338 = SURFACE_STYLE_FILL_AREA(#6339);
#6339 = FILL_AREA_STYLE('',(#6340));
#6340 = FILL_AREA_STYLE_COLOUR('',#6341);
#6341 = COLOUR_RGB('',0.196000005209,0.196000005209,0.196000005209);
#6342 = CURVE_STYLE('',#6343,POSITIVE_LENGTH_MEASURE(0.1),#6341);
#6343 = DRAUGHTING_PRE_DEFINED_CURVE_FONT('continuous');
#6344 = STYLED_ITEM('color',(#6345),#1390);
#6345 = PRESENTATION_STYLE_ASSIGNMENT((#6346,#6351));
#6346 = SURFACE_STYLE_USAGE(.BOTH.,#6347);
#6347 = SURFACE_SIDE_STYLE('',(#6348));
#6348 = SURFACE_STYLE_FILL_AREA(#6349);
#6349 = FILL_AREA_STYLE('',(#6350));
#6350 = FILL_AREA_STYLE_COLOUR('',#6341);
#6351 = CURVE_STYLE('',#6352,POSITIVE_LENGTH_MEASURE(0.1),#6341);
#6352 = DRAUGHTING_PRE_DEFINED_CURVE_FONT('continuous');
#6353 = STYLED_ITEM('color',(#6354),#1421);
#6354 = PRESENTATION_STYLE_ASSIGNMENT((#6355,#6360));
#6355 = SURFACE_STYLE_USAGE(.BOTH.,#6356);
#6356 = SURFACE_SIDE_STYLE('',(#6357));
#6357 = SURFACE_STYLE_FILL_AREA(#6358);
#6358 = FILL_AREA_STYLE('',(#6359));
#6359 = FILL_AREA_STYLE_COLOUR('',#6341);
#6360 = CURVE_STYLE('',#6361,POSITIVE_LENGTH_MEASURE(0.1),#6341);
#6361 = DRAUGHTING_PRE_DEFINED_CURVE_FONT('continuous');
#6362 = STYLED_ITEM('color',(#6363),#1452);
#6363 = PRESENTATION_STYLE_ASSIGNMENT((#6364,#6369));
#6364 = SURFACE_STYLE_USAGE(.BOTH.,#6365);
#6365 = SURFACE_SIDE_STYLE('',(#6366));
#6366 = SURFACE_STYLE_FILL_AREA(#6367);
#6367 = FILL_AREA_STYLE('',(#6368));
#6368 = FILL_AREA_STYLE_COLOUR('',#6341);
#6369 = CURVE_STYLE('',#6370,POSITIVE_LENGTH_MEASURE(0.1),#6341);
#6370 = DRAUGHTING_PRE_DEFINED_CURVE_FONT('continuous');
#6371 = STYLED_ITEM('color',(#6372),#1474);
#6372 = PRESENTATION_STYLE_ASSIGNMENT((#6373,#6378));
#6373 = SURFACE_STYLE_USAGE(.BOTH.,#6374);
#6374 = SURFACE_SIDE_STYLE('',(#6375));
#6375 = SURFACE_STYLE_FILL_AREA(#6376);
#6376 = FILL_AREA_STYLE('',(#6377));
#6377 = FILL_AREA_STYLE_COLOUR('',#6341);
#6378 = CURVE_STYLE('',#6379,POSITIVE_LENGTH_MEASURE(0.1),#6341);
#6379 = DRAUGHTING_PRE_DEFINED_CURVE_FONT('continuous');
#6380 = STYLED_ITEM('color',(#6381),#1486);
#6381 = PRESENTATION_STYLE_ASSIGNMENT((#6382,#6387));
#6382 = SURFACE_STYLE_USAGE(.BOTH.,#6383);
#6383 = SURFACE_SIDE_STYLE('',(#6384));
#6384 = SURFACE_STYLE_FILL_AREA(#6385);
#6385 = FILL_AREA_STYLE('',(#6386));
#6386 = FILL_AREA_STYLE_COLOUR('',#6341);
#6387 = CURVE_STYLE('',#6388,POSITIVE_LENGTH_MEASURE(0.1),#6341);
#6388 = DRAUGHTING_PRE_DEFINED_CURVE_FONT('continuous');
#6389 = STYLED_ITEM('color',(#6390),#1500);
#6390 = PRESENTATION_STYLE_ASSIGNMENT((#6391,#6396));
#6391 = SURFACE_STYLE_USAGE(.BOTH.,#6392);
#6392 = SURFACE_SIDE_STYLE('',(#6393));
#6393 = SURFACE_STYLE_FILL_AREA(#6394);
#6394 = FILL_AREA_STYLE('',(#6395));
#6395 = FILL_AREA_STYLE_COLOUR('',#6313);
#6396 = CURVE_STYLE('',#6397,POSITIVE_LENGTH_MEASURE(0.1),#6313);
#6397 = DRAUGHTING_PRE_DEFINED_CURVE_FONT('continuous');
#6398 = STYLED_ITEM('color',(#6399),#1540);
#6399 = PRESENTATION_STYLE_ASSIGNMENT((#6400,#6405));
#6400 = SURFACE_STYLE_USAGE(.BOTH.,#6401);
#6401 = SURFACE_SIDE_STYLE('',(#6402));
#6402 = SURFACE_STYLE_FILL_AREA(#6403);
#6403 = FILL_AREA_STYLE('',(#6404));
#6404 = FILL_AREA_STYLE_COLOUR('',#6313);
#6405 = CURVE_STYLE('',#6406,POSITIVE_LENGTH_MEASURE(0.1),#6313);
#6406 = DRAUGHTING_PRE_DEFINED_CURVE_FONT('continuous');
#6407 = STYLED_ITEM('color',(#6408),#1571);
#6408 = PRESENTATION_STYLE_ASSIGNMENT((#6409,#6414));
#6409 = SURFACE_STYLE_USAGE(.BOTH.,#6410);
#6410 = SURFACE_SIDE_STYLE('',(#6411));
#6411 = SURFACE_STYLE_FILL_AREA(#6412);
#6412 = FILL_AREA_STYLE('',(#6413));
#6413 = FILL_AREA_STYLE_COLOUR('',#6313);
#6414 = CURVE_STYLE('',#6415,POSITIVE_LENGTH_MEASURE(0.1),#6313);
#6415 = DRAUGHTING_PRE_DEFINED_CURVE_FONT('continuous');
#6416 = STYLED_ITEM('color',(#6417),#1602);
#6417 = PRESENTATION_STYLE_ASSIGNMENT((#6418,#6423));
#6418 = SURFACE_STYLE_USAGE(.BOTH.,#6419);
#6419 = SURFACE_SIDE_STYLE('',(#6420));
#6420 = SURFACE_STYLE_FILL_AREA(#6421);
#6421 = FILL_AREA_STYLE('',(#6422));
#6422 = FILL_AREA_STYLE_COLOUR('',#6313);
#6423 = CURVE_STYLE('',#6424,POSITIVE_LENGTH_MEASURE(0.1),#6313);
#6424 = DRAUGHTING_PRE_DEFINED_CURVE_FONT('continuous');
#6425 = STYLED_ITEM('color',(#6426),#1624);
#6426 = PRESENTATION_STYLE_ASSIGNMENT((#6427,#6432));
#6427 = SURFACE_STYLE_USAGE(.BOTH.,#6428);
#6428 = SURFACE_SIDE_STYLE('',(#6429));
#6429 = SURFACE_STYLE_FILL_AREA(#6430);
#6430 = FILL_AREA_STYLE('',(#6431));
#6431 = FILL_AREA_STYLE_COLOUR('',#6313);
#6432 = CURVE_STYLE('',#6433,POSITIVE_LENGTH_MEASURE(0.1),#6313);
#6433 = DRAUGHTING_PRE_DEFINED_CURVE_FONT('continuous');
#6434 = STYLED_ITEM('color',(#6435),#1636);
#6435 = PRESENTATION_STYLE_ASSIGNMENT((#6436,#6441));
#6436 = SURFACE_STYLE_USAGE(.BOTH.,#6437);
#6437 = SURFACE_SIDE_STYLE('',(#6438));
#6438 = SURFACE_STYLE_FILL_AREA(#6439);
#6439 = FILL_AREA_STYLE('',(#6440));
#6440 = FILL_AREA_STYLE_COLOUR('',#6313);
#6441 = CURVE_STYLE('',#6442,POSITIVE_LENGTH_MEASURE(0.1),#6313);
#6442 = DRAUGHTING_PRE_DEFINED_CURVE_FONT('continuous');
#6443 = STYLED_ITEM('color',(#6444),#1650);
#6444 = PRESENTATION_STYLE_ASSIGNMENT((#6445,#6451));
#6445 = SURFACE_STYLE_USAGE(.BOTH.,#6446);
#6446 = SURFACE_SIDE_STYLE('',(#6447));
#6447 = SURFACE_STYLE_FILL_AREA(#6448);
#6448 = FILL_AREA_STYLE('',(#6449));
#6449 = FILL_AREA_STYLE_COLOUR('',#6450);
#6450 = COLOUR_RGB('',0.72499999117,0.72499999117,0.72499999117);
#6451 = CURVE_STYLE('',#6452,POSITIVE_LENGTH_MEASURE(0.1),#6450);
#6452 = DRAUGHTING_PRE_DEFINED_CURVE_FONT('continuous');
#6453 = STYLED_ITEM('color',(#6454),#1690);
#6454 = PRESENTATION_STYLE_ASSIGNMENT((#6455,#6460));
#6455 = SURFACE_STYLE_USAGE(.BOTH.,#6456);
#6456 = SURFACE_SIDE_STYLE('',(#6457));
#6457 = SURFACE_STYLE_FILL_AREA(#6458);
#6458 = FILL_AREA_STYLE('',(#6459));
#6459 = FILL_AREA_STYLE_COLOUR('',#6450);
#6460 = CURVE_STYLE('',#6461,POSITIVE_LENGTH_MEASURE(0.1),#6450);
#6461 = DRAUGHTING_PRE_DEFINED_CURVE_FONT('continuous');
#6462 = STYLED_ITEM('color',(#6463),#1730);
#6463 = PRESENTATION_STYLE_ASSIGNMENT((#6464,#6469));
#6464 = SURFACE_STYLE_USAGE(.BOTH.,#6465);
#6465 = SURFACE_SIDE_STYLE('',(#6466));
#6466 = SURFACE_STYLE_FILL_AREA(#6467);
#6467 = FILL_AREA_STYLE('',(#6468));
#6468 = FILL_AREA_STYLE_COLOUR('',#6450);
#6469 = CURVE_STYLE('',#6470,POSITIVE_LENGTH_MEASURE(0.1),#6450);
#6470 = DRAUGHTING_PRE_DEFINED_CURVE_FONT('continuous');
#6471 = STYLED_ITEM('color',(#6472),#1754);
#6472 = PRESENTATION_STYLE_ASSIGNMENT((#6473,#6478));
#6473 = SURFACE_STYLE_USAGE(.BOTH.,#6474);
#6474 = SURFACE_SIDE_STYLE('',(#6475));
#6475 = SURFACE_STYLE_FILL_AREA(#6476);
#6476 = FILL_AREA_STYLE('',(#6477));
#6477 = FILL_AREA_STYLE_COLOUR('',#6450);
#6478 = CURVE_STYLE('',#6479,POSITIVE_LENGTH_MEASURE(0.1),#6450);
#6479 = DRAUGHTING_PRE_DEFINED_CURVE_FONT('continuous');
#6480 = STYLED_ITEM('color',(#6481),#1776);
#6481 = PRESENTATION_STYLE_ASSIGNMENT((#6482,#6487));
#6482 = SURFACE_STYLE_USAGE(.BOTH.,#6483);
#6483 = SURFACE_SIDE_STYLE('',(#6484));
#6484 = SURFACE_STYLE_FILL_AREA(#6485);
#6485 = FILL_AREA_STYLE('',(#6486));
#6486 = FILL_AREA_STYLE_COLOUR('',#6450);
#6487 = CURVE_STYLE('',#6488,POSITIVE_LENGTH_MEASURE(0.1),#6450);
#6488 = DRAUGHTING_PRE_DEFINED_CURVE_FONT('continuous');
#6489 = STYLED_ITEM('color',(#6490),#1805);
#6490 = PRESENTATION_STYLE_ASSIGNMENT((#6491,#6496));
#6491 = SURFACE_STYLE_USAGE(.BOTH.,#6492);
#6492 = SURFACE_SIDE_STYLE('',(#6493));
#6493 = SURFACE_STYLE_FILL_AREA(#6494);
#6494 = FILL_AREA_STYLE('',(#6495));
#6495 = FILL_AREA_STYLE_COLOUR('',#6450);
#6496 = CURVE_STYLE('',#6497,POSITIVE_LENGTH_MEASURE(0.1),#6450);
#6497 = DRAUGHTING_PRE_DEFINED_CURVE_FONT('continuous');
#6498 = STYLED_ITEM('color',(#6499),#1822);
#6499 = PRESENTATION_STYLE_ASSIGNMENT((#6500,#6505));
#6500 = SURFACE_STYLE_USAGE(.BOTH.,#6501);
#6501 = SURFACE_SIDE_STYLE('',(#6502));
#6502 = SURFACE_STYLE_FILL_AREA(#6503);
#6503 = FILL_AREA_STYLE('',(#6504));
#6504 = FILL_AREA_STYLE_COLOUR('',#6450);
#6505 = CURVE_STYLE('',#6506,POSITIVE_LENGTH_MEASURE(0.1),#6450);
#6506 = DRAUGHTING_PRE_DEFINED_CURVE_FONT('continuous');
#6507 = STYLED_ITEM('color',(#6508),#1834);
#6508 = PRESENTATION_STYLE_ASSIGNMENT((#6509,#6514));
#6509 = SURFACE_STYLE_USAGE(.BOTH.,#6510);
#6510 = SURFACE_SIDE_STYLE('',(#6511));
#6511 = SURFACE_STYLE_FILL_AREA(#6512);
#6512 = FILL_AREA_STYLE('',(#6513));
#6513 = FILL_AREA_STYLE_COLOUR('',#6450);
#6514 = CURVE_STYLE('',#6515,POSITIVE_LENGTH_MEASURE(0.1),#6450);
#6515 = DRAUGHTING_PRE_DEFINED_CURVE_FONT('continuous');
#6516 = STYLED_ITEM('color',(#6517),#1848);
#6517 = PRESENTATION_STYLE_ASSIGNMENT((#6518,#6523));
#6518 = SURFACE_STYLE_USAGE(.BOTH.,#6519);
#6519 = SURFACE_SIDE_STYLE('',(#6520));
#6520 = SURFACE_STYLE_FILL_AREA(#6521);
#6521 = FILL_AREA_STYLE('',(#6522));
#6522 = FILL_AREA_STYLE_COLOUR('',#6450);
#6523 = CURVE_STYLE('',#6524,POSITIVE_LENGTH_MEASURE(0.1),#6450);
#6524 = DRAUGHTING_PRE_DEFINED_CURVE_FONT('continuous');
#6525 = STYLED_ITEM('color',(#6526),#1888);
#6526 = PRESENTATION_STYLE_ASSIGNMENT((#6527,#6532));
#6527 = SURFACE_STYLE_USAGE(.BOTH.,#6528);
#6528 = SURFACE_SIDE_STYLE('',(#6529));
#6529 = SURFACE_STYLE_FILL_AREA(#6530);
#6530 = FILL_AREA_STYLE('',(#6531));
#6531 = FILL_AREA_STYLE_COLOUR('',#6450);
#6532 = CURVE_STYLE('',#6533,POSITIVE_LENGTH_MEASURE(0.1),#6450);
#6533 = DRAUGHTING_PRE_DEFINED_CURVE_FONT('continuous');
#6534 = STYLED_ITEM('color',(#6535),#1928);
#6535 = PRESENTATION_STYLE_ASSIGNMENT((#6536,#6541));
#6536 = SURFACE_STYLE_USAGE(.BOTH.,#6537);
#6537 = SURFACE_SIDE_STYLE('',(#6538));
#6538 = SURFACE_STYLE_FILL_AREA(#6539);
#6539 = FILL_AREA_STYLE('',(#6540));
#6540 = FILL_AREA_STYLE_COLOUR('',#6450);
#6541 = CURVE_STYLE('',#6542,POSITIVE_LENGTH_MEASURE(0.1),#6450);
#6542 = DRAUGHTING_PRE_DEFINED_CURVE_FONT('continuous');
#6543 = STYLED_ITEM('color',(#6544),#1952);
#6544 = PRESENTATION_STYLE_ASSIGNMENT((#6545,#6550));
#6545 = SURFACE_STYLE_USAGE(.BOTH.,#6546);
#6546 = SURFACE_SIDE_STYLE('',(#6547));
#6547 = SURFACE_STYLE_FILL_AREA(#6548);
#6548 = FILL_AREA_STYLE('',(#6549));
#6549 = FILL_AREA_STYLE_COLOUR('',#6450);
#6550 = CURVE_STYLE('',#6551,POSITIVE_LENGTH_MEASURE(0.1),#6450);
#6551 = DRAUGHTING_PRE_DEFINED_CURVE_FONT('continuous');
#6552 = STYLED_ITEM('color',(#6553),#1974);
#6553 = PRESENTATION_STYLE_ASSIGNMENT((#6554,#6559));
#6554 = SURFACE_STYLE_USAGE(.BOTH.,#6555);
#6555 = SURFACE_SIDE_STYLE('',(#6556));
#6556 = SURFACE_STYLE_FILL_AREA(#6557);
#6557 = FILL_AREA_STYLE('',(#6558));
#6558 = FILL_AREA_STYLE_COLOUR('',#6450);
#6559 = CURVE_STYLE('',#6560,POSITIVE_LENGTH_MEASURE(0.1),#6450);
#6560 = DRAUGHTING_PRE_DEFINED_CURVE_FONT('continuous');
#6561 = STYLED_ITEM('color',(#6562),#2003);
#6562 = PRESENTATION_STYLE_ASSIGNMENT((#6563,#6568));
#6563 = SURFACE_STYLE_USAGE(.BOTH.,#6564);
#6564 = SURFACE_SIDE_STYLE('',(#6565));
#6565 = SURFACE_STYLE_FILL_AREA(#6566);
#6566 = FILL_AREA_STYLE('',(#6567));
#6567 = FILL_AREA_STYLE_COLOUR('',#6450);
#6568 = CURVE_STYLE('',#6569,POSITIVE_LENGTH_MEASURE(0.1),#6450);
#6569 = DRAUGHTING_PRE_DEFINED_CURVE_FONT('continuous');
#6570 = STYLED_ITEM('color',(#6571),#2020);
#6571 = PRESENTATION_STYLE_ASSIGNMENT((#6572,#6577));
#6572 = SURFACE_STYLE_USAGE(.BOTH.,#6573);
#6573 = SURFACE_SIDE_STYLE('',(#6574));
#6574 = SURFACE_STYLE_FILL_AREA(#6575);
#6575 = FILL_AREA_STYLE('',(#6576));
#6576 = FILL_AREA_STYLE_COLOUR('',#6450);
#6577 = CURVE_STYLE('',#6578,POSITIVE_LENGTH_MEASURE(0.1),#6450);
#6578 = DRAUGHTING_PRE_DEFINED_CURVE_FONT('continuous');
#6579 = STYLED_ITEM('color',(#6580),#2032);
#6580 = PRESENTATION_STYLE_ASSIGNMENT((#6581,#6586));
#6581 = SURFACE_STYLE_USAGE(.BOTH.,#6582);
#6582 = SURFACE_SIDE_STYLE('',(#6583));
#6583 = SURFACE_STYLE_FILL_AREA(#6584);
#6584 = FILL_AREA_STYLE('',(#6585));
#6585 = FILL_AREA_STYLE_COLOUR('',#6450);
#6586 = CURVE_STYLE('',#6587,POSITIVE_LENGTH_MEASURE(0.1),#6450);
#6587 = DRAUGHTING_PRE_DEFINED_CURVE_FONT('continuous');
#6588 = STYLED_ITEM('color',(#6589),#2046);
#6589 = PRESENTATION_STYLE_ASSIGNMENT((#6590,#6595));
#6590 = SURFACE_STYLE_USAGE(.BOTH.,#6591);
#6591 = SURFACE_SIDE_STYLE('',(#6592));
#6592 = SURFACE_STYLE_FILL_AREA(#6593);
#6593 = FILL_AREA_STYLE('',(#6594));
#6594 = FILL_AREA_STYLE_COLOUR('',#6450);
#6595 = CURVE_STYLE('',#6596,POSITIVE_LENGTH_MEASURE(0.1),#6450);
#6596 = DRAUGHTING_PRE_DEFINED_CURVE_FONT('continuous');
#6597 = STYLED_ITEM('color',(#6598),#2086);
#6598 = PRESENTATION_STYLE_ASSIGNMENT((#6599,#6604));
#6599 = SURFACE_STYLE_USAGE(.BOTH.,#6600);
#6600 = SURFACE_SIDE_STYLE('',(#6601));
#6601 = SURFACE_STYLE_FILL_AREA(#6602);
#6602 = FILL_AREA_STYLE('',(#6603));
#6603 = FILL_AREA_STYLE_COLOUR('',#6450);
#6604 = CURVE_STYLE('',#6605,POSITIVE_LENGTH_MEASURE(0.1),#6450);
#6605 = DRAUGHTING_PRE_DEFINED_CURVE_FONT('continuous');
#6606 = STYLED_ITEM('color',(#6607),#2126);
#6607 = PRESENTATION_STYLE_ASSIGNMENT((#6608,#6613));
#6608 = SURFACE_STYLE_USAGE(.BOTH.,#6609);
#6609 = SURFACE_SIDE_STYLE('',(#6610));
#6610 = SURFACE_STYLE_FILL_AREA(#6611);
#6611 = FILL_AREA_STYLE('',(#6612));
#6612 = FILL_AREA_STYLE_COLOUR('',#6450);
#6613 = CURVE_STYLE('',#6614,POSITIVE_LENGTH_MEASURE(0.1),#6450);
#6614 = DRAUGHTING_PRE_DEFINED_CURVE_FONT('continuous');
#6615 = STYLED_ITEM('color',(#6616),#2150);
#6616 = PRESENTATION_STYLE_ASSIGNMENT((#6617,#6622));
#6617 = SURFACE_STYLE_USAGE(.BOTH.,#6618);
#6618 = SURFACE_SIDE_STYLE('',(#6619));
#6619 = SURFACE_STYLE_FILL_AREA(#6620);
#6620 = FILL_AREA_STYLE('',(#6621));
#6621 = FILL_AREA_STYLE_COLOUR('',#6450);
#6622 = CURVE_STYLE('',#6623,POSITIVE_LENGTH_MEASURE(0.1),#6450);
#6623 = DRAUGHTING_PRE_DEFINED_CURVE_FONT('continuous');
#6624 = STYLED_ITEM('color',(#6625),#2172);
#6625 = PRESENTATION_STYLE_ASSIGNMENT((#6626,#6631));
#6626 = SURFACE_STYLE_USAGE(.BOTH.,#6627);
#6627 = SURFACE_SIDE_STYLE('',(#6628));
#6628 = SURFACE_STYLE_FILL_AREA(#6629);
#6629 = FILL_AREA_STYLE('',(#6630));
#6630 = FILL_AREA_STYLE_COLOUR('',#6450);
#6631 = CURVE_STYLE('',#6632,POSITIVE_LENGTH_MEASURE(0.1),#6450);
#6632 = DRAUGHTING_PRE_DEFINED_CURVE_FONT('continuous');
#6633 = STYLED_ITEM('color',(#6634),#2201);
#6634 = PRESENTATION_STYLE_ASSIGNMENT((#6635,#6640));
#6635 = SURFACE_STYLE_USAGE(.BOTH.,#6636);
#6636 = SURFACE_SIDE_STYLE('',(#6637));
#6637 = SURFACE_STYLE_FILL_AREA(#6638);
#6638 = FILL_AREA_STYLE('',(#6639));
#6639 = FILL_AREA_STYLE_COLOUR('',#6450);
#6640 = CURVE_STYLE('',#6641,POSITIVE_LENGTH_MEASURE(0.1),#6450);
#6641 = DRAUGHTING_PRE_DEFINED_CURVE_FONT('continuous');
#6642 = STYLED_ITEM('color',(#6643),#2218);
#6643 = PRESENTATION_STYLE_ASSIGNMENT((#6644,#6649));
#6644 = SURFACE_STYLE_USAGE(.BOTH.,#6645);
#6645 = SURFACE_SIDE_STYLE('',(#6646));
#6646 = SURFACE_STYLE_FILL_AREA(#6647);
#6647 = FILL_AREA_STYLE('',(#6648));
#6648 = FILL_AREA_STYLE_COLOUR('',#6450);
#6649 = CURVE_STYLE('',#6650,POSITIVE_LENGTH_MEASURE(0.1),#6450);
#6650 = DRAUGHTING_PRE_DEFINED_CURVE_FONT('continuous');
#6651 = STYLED_ITEM('color',(#6652),#2230);
#6652 = PRESENTATION_STYLE_ASSIGNMENT((#6653,#6658));
#6653 = SURFACE_STYLE_USAGE(.BOTH.,#6654);
#6654 = SURFACE_SIDE_STYLE('',(#6655));
#6655 = SURFACE_STYLE_FILL_AREA(#6656);
#6656 = FILL_AREA_STYLE('',(#6657));
#6657 = FILL_AREA_STYLE_COLOUR('',#6450);
#6658 = CURVE_STYLE('',#6659,POSITIVE_LENGTH_MEASURE(0.1),#6450);
#6659 = DRAUGHTING_PRE_DEFINED_CURVE_FONT('continuous');
#6660 = STYLED_ITEM('color',(#6661),#2244);
#6661 = PRESENTATION_STYLE_ASSIGNMENT((#6662,#6667));
#6662 = SURFACE_STYLE_USAGE(.BOTH.,#6663);
#6663 = SURFACE_SIDE_STYLE('',(#6664));
#6664 = SURFACE_STYLE_FILL_AREA(#6665);
#6665 = FILL_AREA_STYLE('',(#6666));
#6666 = FILL_AREA_STYLE_COLOUR('',#6450);
#6667 = CURVE_STYLE('',#6668,POSITIVE_LENGTH_MEASURE(0.1),#6450);
#6668 = DRAUGHTING_PRE_DEFINED_CURVE_FONT('continuous');
#6669 = STYLED_ITEM('color',(#6670),#2284);
#6670 = PRESENTATION_STYLE_ASSIGNMENT((#6671,#6676));
#6671 = SURFACE_STYLE_USAGE(.BOTH.,#6672);
#6672 = SURFACE_SIDE_STYLE('',(#6673));
#6673 = SURFACE_STYLE_FILL_AREA(#6674);
#6674 = FILL_AREA_STYLE('',(#6675));
#6675 = FILL_AREA_STYLE_COLOUR('',#6450);
#6676 = CURVE_STYLE('',#6677,POSITIVE_LENGTH_MEASURE(0.1),#6450);
#6677 = DRAUGHTING_PRE_DEFINED_CURVE_FONT('continuous');
#6678 = STYLED_ITEM('color',(#6679),#2324);
#6679 = PRESENTATION_STYLE_ASSIGNMENT((#6680,#6685));
#6680 = SURFACE_STYLE_USAGE(.BOTH.,#6681);
#6681 = SURFACE_SIDE_STYLE('',(#6682));
#6682 = SURFACE_STYLE_FILL_AREA(#6683);
#6683 = FILL_AREA_STYLE('',(#6684));
#6684 = FILL_AREA_STYLE_COLOUR('',#6450);
#6685 = CURVE_STYLE('',#6686,POSITIVE_LENGTH_MEASURE(0.1),#6450);
#6686 = DRAUGHTING_PRE_DEFINED_CURVE_FONT('continuous');
#6687 = STYLED_ITEM('color',(#6688),#2348);
#6688 = PRESENTATION_STYLE_ASSIGNMENT((#6689,#6694));
#6689 = SURFACE_STYLE_USAGE(.BOTH.,#6690);
#6690 = SURFACE_SIDE_STYLE('',(#6691));
#6691 = SURFACE_STYLE_FILL_AREA(#6692);
#6692 = FILL_AREA_STYLE('',(#6693));
#6693 = FILL_AREA_STYLE_COLOUR('',#6450);
#6694 = CURVE_STYLE('',#6695,POSITIVE_LENGTH_MEASURE(0.1),#6450);
#6695 = DRAUGHTING_PRE_DEFINED_CURVE_FONT('continuous');
#6696 = STYLED_ITEM('color',(#6697),#2370);
#6697 = PRESENTATION_STYLE_ASSIGNMENT((#6698,#6703));
#6698 = SURFACE_STYLE_USAGE(.BOTH.,#6699);
#6699 = SURFACE_SIDE_STYLE('',(#6700));
#6700 = SURFACE_STYLE_FILL_AREA(#6701);
#6701 = FILL_AREA_STYLE('',(#6702));
#6702 = FILL_AREA_STYLE_COLOUR('',#6450);
#6703 = CURVE_STYLE('',#6704,POSITIVE_LENGTH_MEASURE(0.1),#6450);
#6704 = DRAUGHTING_PRE_DEFINED_CURVE_FONT('continuous');
#6705 = STYLED_ITEM('color',(#6706),#2399);
#6706 = PRESENTATION_STYLE_ASSIGNMENT((#6707,#6712));
#6707 = SURFACE_STYLE_USAGE(.BOTH.,#6708);
#6708 = SURFACE_SIDE_STYLE('',(#6709));
#6709 = SURFACE_STYLE_FILL_AREA(#6710);
#6710 = FILL_AREA_STYLE('',(#6711));
#6711 = FILL_AREA_STYLE_COLOUR('',#6450);
#6712 = CURVE_STYLE('',#6713,POSITIVE_LENGTH_MEASURE(0.1),#6450);
#6713 = DRAUGHTING_PRE_DEFINED_CURVE_FONT('continuous');
#6714 = STYLED_ITEM('color',(#6715),#2416);
#6715 = PRESENTATION_STYLE_ASSIGNMENT((#6716,#6721));
#6716 = SURFACE_STYLE_USAGE(.BOTH.,#6717);
#6717 = SURFACE_SIDE_STYLE('',(#6718));
#6718 = SURFACE_STYLE_FILL_AREA(#6719);
#6719 = FILL_AREA_STYLE('',(#6720));
#6720 = FILL_AREA_STYLE_COLOUR('',#6450);
#6721 = CURVE_STYLE('',#6722,POSITIVE_LENGTH_MEASURE(0.1),#6450);
#6722 = DRAUGHTING_PRE_DEFINED_CURVE_FONT('continuous');
#6723 = STYLED_ITEM('color',(#6724),#2428);
#6724 = PRESENTATION_STYLE_ASSIGNMENT((#6725,#6730));
#6725 = SURFACE_STYLE_USAGE(.BOTH.,#6726);
#6726 = SURFACE_SIDE_STYLE('',(#6727));
#6727 = SURFACE_STYLE_FILL_AREA(#6728);
#6728 = FILL_AREA_STYLE('',(#6729));
#6729 = FILL_AREA_STYLE_COLOUR('',#6450);
#6730 = CURVE_STYLE('',#6731,POSITIVE_LENGTH_MEASURE(0.1),#6450);
#6731 = DRAUGHTING_PRE_DEFINED_CURVE_FONT('continuous');
#6732 = STYLED_ITEM('color',(#6733),#2442);
#6733 = PRESENTATION_STYLE_ASSIGNMENT((#6734,#6739));
#6734 = SURFACE_STYLE_USAGE(.BOTH.,#6735);
#6735 = SURFACE_SIDE_STYLE('',(#6736));
#6736 = SURFACE_STYLE_FILL_AREA(#6737);
#6737 = FILL_AREA_STYLE('',(#6738));
#6738 = FILL_AREA_STYLE_COLOUR('',#6450);
#6739 = CURVE_STYLE('',#6740,POSITIVE_LENGTH_MEASURE(0.1),#6450);
#6740 = DRAUGHTING_PRE_DEFINED_CURVE_FONT('continuous');
#6741 = STYLED_ITEM('color',(#6742),#2482);
#6742 = PRESENTATION_STYLE_ASSIGNMENT((#6743,#6748));
#6743 = SURFACE_STYLE_USAGE(.BOTH.,#6744);
#6744 = SURFACE_SIDE_STYLE('',(#6745));
#6745 = SURFACE_STYLE_FILL_AREA(#6746);
#6746 = FILL_AREA_STYLE('',(#6747));
#6747 = FILL_AREA_STYLE_COLOUR('',#6450);
#6748 = CURVE_STYLE('',#6749,POSITIVE_LENGTH_MEASURE(0.1),#6450);
#6749 = DRAUGHTING_PRE_DEFINED_CURVE_FONT('continuous');
#6750 = STYLED_ITEM('color',(#6751),#2522);
#6751 = PRESENTATION_STYLE_ASSIGNMENT((#6752,#6757));
#6752 = SURFACE_STYLE_USAGE(.BOTH.,#6753);
#6753 = SURFACE_SIDE_STYLE('',(#6754));
#6754 = SURFACE_STYLE_FILL_AREA(#6755);
#6755 = FILL_AREA_STYLE('',(#6756));
#6756 = FILL_AREA_STYLE_COLOUR('',#6450);
#6757 = CURVE_STYLE('',#6758,POSITIVE_LENGTH_MEASURE(0.1),#6450);
#6758 = DRAUGHTING_PRE_DEFINED_CURVE_FONT('continuous');
#6759 = STYLED_ITEM('color',(#6760),#2546);
#6760 = PRESENTATION_STYLE_ASSIGNMENT((#6761,#6766));
#6761 = SURFACE_STYLE_USAGE(.BOTH.,#6762);
#6762 = SURFACE_SIDE_STYLE('',(#6763));
#6763 = SURFACE_STYLE_FILL_AREA(#6764);
#6764 = FILL_AREA_STYLE('',(#6765));
#6765 = FILL_AREA_STYLE_COLOUR('',#6450);
#6766 = CURVE_STYLE('',#6767,POSITIVE_LENGTH_MEASURE(0.1),#6450);
#6767 = DRAUGHTING_PRE_DEFINED_CURVE_FONT('continuous');
#6768 = STYLED_ITEM('color',(#6769),#2568);
#6769 = PRESENTATION_STYLE_ASSIGNMENT((#6770,#6775));
#6770 = SURFACE_STYLE_USAGE(.BOTH.,#6771);
#6771 = SURFACE_SIDE_STYLE('',(#6772));
#6772 = SURFACE_STYLE_FILL_AREA(#6773);
#6773 = FILL_AREA_STYLE('',(#6774));
#6774 = FILL_AREA_STYLE_COLOUR('',#6450);
#6775 = CURVE_STYLE('',#6776,POSITIVE_LENGTH_MEASURE(0.1),#6450);
#6776 = DRAUGHTING_PRE_DEFINED_CURVE_FONT('continuous');
#6777 = STYLED_ITEM('color',(#6778),#2597);
#6778 = PRESENTATION_STYLE_ASSIGNMENT((#6779,#6784));
#6779 = SURFACE_STYLE_USAGE(.BOTH.,#6780);
#6780 = SURFACE_SIDE_STYLE('',(#6781));
#6781 = SURFACE_STYLE_FILL_AREA(#6782);
#6782 = FILL_AREA_STYLE('',(#6783));
#6783 = FILL_AREA_STYLE_COLOUR('',#6450);
#6784 = CURVE_STYLE('',#6785,POSITIVE_LENGTH_MEASURE(0.1),#6450);
#6785 = DRAUGHTING_PRE_DEFINED_CURVE_FONT('continuous');
#6786 = STYLED_ITEM('color',(#6787),#2614);
#6787 = PRESENTATION_STYLE_ASSIGNMENT((#6788,#6793));
#6788 = SURFACE_STYLE_USAGE(.BOTH.,#6789);
#6789 = SURFACE_SIDE_STYLE('',(#6790));
#6790 = SURFACE_STYLE_FILL_AREA(#6791);
#6791 = FILL_AREA_STYLE('',(#6792));
#6792 = FILL_AREA_STYLE_COLOUR('',#6450);
#6793 = CURVE_STYLE('',#6794,POSITIVE_LENGTH_MEASURE(0.1),#6450);
#6794 = DRAUGHTING_PRE_DEFINED_CURVE_FONT('continuous');
#6795 = STYLED_ITEM('color',(#6796),#2626);
#6796 = PRESENTATION_STYLE_ASSIGNMENT((#6797,#6802));
#6797 = SURFACE_STYLE_USAGE(.BOTH.,#6798);
#6798 = SURFACE_SIDE_STYLE('',(#6799));
#6799 = SURFACE_STYLE_FILL_AREA(#6800);
#6800 = FILL_AREA_STYLE('',(#6801));
#6801 = FILL_AREA_STYLE_COLOUR('',#6450);
#6802 = CURVE_STYLE('',#6803,POSITIVE_LENGTH_MEASURE(0.1),#6450);
#6803 = DRAUGHTING_PRE_DEFINED_CURVE_FONT('continuous');
#6804 = STYLED_ITEM('color',(#6805),#2640);
#6805 = PRESENTATION_STYLE_ASSIGNMENT((#6806,#6811));
#6806 = SURFACE_STYLE_USAGE(.BOTH.,#6807);
#6807 = SURFACE_SIDE_STYLE('',(#6808));
#6808 = SURFACE_STYLE_FILL_AREA(#6809);
#6809 = FILL_AREA_STYLE('',(#6810));
#6810 = FILL_AREA_STYLE_COLOUR('',#6450);
#6811 = CURVE_STYLE('',#6812,POSITIVE_LENGTH_MEASURE(0.1),#6450);
#6812 = DRAUGHTING_PRE_DEFINED_CURVE_FONT('continuous');
#6813 = STYLED_ITEM('color',(#6814),#2680);
#6814 = PRESENTATION_STYLE_ASSIGNMENT((#6815,#6820));
#6815 = SURFACE_STYLE_USAGE(.BOTH.,#6816);
#6816 = SURFACE_SIDE_STYLE('',(#6817));
#6817 = SURFACE_STYLE_FILL_AREA(#6818);
#6818 = FILL_AREA_STYLE('',(#6819));
#6819 = FILL_AREA_STYLE_COLOUR('',#6450);
#6820 = CURVE_STYLE('',#6821,POSITIVE_LENGTH_MEASURE(0.1),#6450);
#6821 = DRAUGHTING_PRE_DEFINED_CURVE_FONT('continuous');
#6822 = STYLED_ITEM('color',(#6823),#2720);
#6823 = PRESENTATION_STYLE_ASSIGNMENT((#6824,#6829));
#6824 = SURFACE_STYLE_USAGE(.BOTH.,#6825);
#6825 = SURFACE_SIDE_STYLE('',(#6826));
#6826 = SURFACE_STYLE_FILL_AREA(#6827);
#6827 = FILL_AREA_STYLE('',(#6828));
#6828 = FILL_AREA_STYLE_COLOUR('',#6450);
#6829 = CURVE_STYLE('',#6830,POSITIVE_LENGTH_MEASURE(0.1),#6450);
#6830 = DRAUGHTING_PRE_DEFINED_CURVE_FONT('continuous');
#6831 = STYLED_ITEM('color',(#6832),#2744);
#6832 = PRESENTATION_STYLE_ASSIGNMENT((#6833,#6838));
#6833 = SURFACE_STYLE_USAGE(.BOTH.,#6834);
#6834 = SURFACE_SIDE_STYLE('',(#6835));
#6835 = SURFACE_STYLE_FILL_AREA(#6836);
#6836 = FILL_AREA_STYLE('',(#6837));
#6837 = FILL_AREA_STYLE_COLOUR('',#6450);
#6838 = CURVE_STYLE('',#6839,POSITIVE_LENGTH_MEASURE(0.1),#6450);
#6839 = DRAUGHTING_PRE_DEFINED_CURVE_FONT('continuous');
#6840 = STYLED_ITEM('color',(#6841),#2766);
#6841 = PRESENTATION_STYLE_ASSIGNMENT((#6842,#6847));
#6842 = SURFACE_STYLE_USAGE(.BOTH.,#6843);
#6843 = SURFACE_SIDE_STYLE('',(#6844));
#6844 = SURFACE_STYLE_FILL_AREA(#6845);
#6845 = FILL_AREA_STYLE('',(#6846));
#6846 = FILL_AREA_STYLE_COLOUR('',#6450);
#6847 = CURVE_STYLE('',#6848,POSITIVE_LENGTH_MEASURE(0.1),#6450);
#6848 = DRAUGHTING_PRE_DEFINED_CURVE_FONT('continuous');
#6849 = STYLED_ITEM('color',(#6850),#2795);
#6850 = PRESENTATION_STYLE_ASSIGNMENT((#6851,#6856));
#6851 = SURFACE_STYLE_USAGE(.BOTH.,#6852);
#6852 = SURFACE_SIDE_STYLE('',(#6853));
#6853 = SURFACE_STYLE_FILL_AREA(#6854);
#6854 = FILL_AREA_STYLE('',(#6855));
#6855 = FILL_AREA_STYLE_COLOUR('',#6450);
#6856 = CURVE_STYLE('',#6857,POSITIVE_LENGTH_MEASURE(0.1),#6450);
#6857 = DRAUGHTING_PRE_DEFINED_CURVE_FONT('continuous');
#6858 = STYLED_ITEM('color',(#6859),#2812);
#6859 = PRESENTATION_STYLE_ASSIGNMENT((#6860,#6865));
#6860 = SURFACE_STYLE_USAGE(.BOTH.,#6861);
#6861 = SURFACE_SIDE_STYLE('',(#6862));
#6862 = SURFACE_STYLE_FILL_AREA(#6863);
#6863 = FILL_AREA_STYLE('',(#6864));
#6864 = FILL_AREA_STYLE_COLOUR('',#6450);
#6865 = CURVE_STYLE('',#6866,POSITIVE_LENGTH_MEASURE(0.1),#6450);
#6866 = DRAUGHTING_PRE_DEFINED_CURVE_FONT('continuous');
#6867 = STYLED_ITEM('color',(#6868),#2824);
#6868 = PRESENTATION_STYLE_ASSIGNMENT((#6869,#6874));
#6869 = SURFACE_STYLE_USAGE(.BOTH.,#6870);
#6870 = SURFACE_SIDE_STYLE('',(#6871));
#6871 = SURFACE_STYLE_FILL_AREA(#6872);
#6872 = FILL_AREA_STYLE('',(#6873));
#6873 = FILL_AREA_STYLE_COLOUR('',#6450);
#6874 = CURVE_STYLE('',#6875,POSITIVE_LENGTH_MEASURE(0.1),#6450);
#6875 = DRAUGHTING_PRE_DEFINED_CURVE_FONT('continuous');
#6876 = STYLED_ITEM('color',(#6877),#2838);
#6877 = PRESENTATION_STYLE_ASSIGNMENT((#6878,#6883));
#6878 = SURFACE_STYLE_USAGE(.BOTH.,#6879);
#6879 = SURFACE_SIDE_STYLE('',(#6880));
#6880 = SURFACE_STYLE_FILL_AREA(#6881);
#6881 = FILL_AREA_STYLE('',(#6882));
#6882 = FILL_AREA_STYLE_COLOUR('',#6450);
#6883 = CURVE_STYLE('',#6884,POSITIVE_LENGTH_MEASURE(0.1),#6450);
#6884 = DRAUGHTING_PRE_DEFINED_CURVE_FONT('continuous');
#6885 = STYLED_ITEM('color',(#6886),#2878);
#6886 = PRESENTATION_STYLE_ASSIGNMENT((#6887,#6892));
#6887 = SURFACE_STYLE_USAGE(.BOTH.,#6888);
#6888 = SURFACE_SIDE_STYLE('',(#6889));
#6889 = SURFACE_STYLE_FILL_AREA(#6890);
#6890 = FILL_AREA_STYLE('',(#6891));
#6891 = FILL_AREA_STYLE_COLOUR('',#6450);
#6892 = CURVE_STYLE('',#6893,POSITIVE_LENGTH_MEASURE(0.1),#6450);
#6893 = DRAUGHTING_PRE_DEFINED_CURVE_FONT('continuous');
#6894 = STYLED_ITEM('color',(#6895),#2918);
#6895 = PRESENTATION_STYLE_ASSIGNMENT((#6896,#6901));
#6896 = SURFACE_STYLE_USAGE(.BOTH.,#6897);
#6897 = SURFACE_SIDE_STYLE('',(#6898));
#6898 = SURFACE_STYLE_FILL_AREA(#6899);
#6899 = FILL_AREA_STYLE('',(#6900));
#6900 = FILL_AREA_STYLE_COLOUR('',#6450);
#6901 = CURVE_STYLE('',#6902,POSITIVE_LENGTH_MEASURE(0.1),#6450);
#6902 = DRAUGHTING_PRE_DEFINED_CURVE_FONT('continuous');
#6903 = STYLED_ITEM('color',(#6904),#2942);
#6904 = PRESENTATION_STYLE_ASSIGNMENT((#6905,#6910));
#6905 = SURFACE_STYLE_USAGE(.BOTH.,#6906);
#6906 = SURFACE_SIDE_STYLE('',(#6907));
#6907 = SURFACE_STYLE_FILL_AREA(#6908);
#6908 = FILL_AREA_STYLE('',(#6909));
#6909 = FILL_AREA_STYLE_COLOUR('',#6450);
#6910 = CURVE_STYLE('',#6911,POSITIVE_LENGTH_MEASURE(0.1),#6450);
#6911 = DRAUGHTING_PRE_DEFINED_CURVE_FONT('continuous');
#6912 = STYLED_ITEM('color',(#6913),#2964);
#6913 = PRESENTATION_STYLE_ASSIGNMENT((#6914,#6919));
#6914 = SURFACE_STYLE_USAGE(.BOTH.,#6915);
#6915 = SURFACE_SIDE_STYLE('',(#6916));
#6916 = SURFACE_STYLE_FILL_AREA(#6917);
#6917 = FILL_AREA_STYLE('',(#6918));
#6918 = FILL_AREA_STYLE_COLOUR('',#6450);
#6919 = CURVE_STYLE('',#6920,POSITIVE_LENGTH_MEASURE(0.1),#6450);
#6920 = DRAUGHTING_PRE_DEFINED_CURVE_FONT('continuous');
#6921 = STYLED_ITEM('color',(#6922),#2993);
#6922 = PRESENTATION_STYLE_ASSIGNMENT((#6923,#6928));
#6923 = SURFACE_STYLE_USAGE(.BOTH.,#6924);
#6924 = SURFACE_SIDE_STYLE('',(#6925));
#6925 = SURFACE_STYLE_FILL_AREA(#6926);
#6926 = FILL_AREA_STYLE('',(#6927));
#6927 = FILL_AREA_STYLE_COLOUR('',#6450);
#6928 = CURVE_STYLE('',#6929,POSITIVE_LENGTH_MEASURE(0.1),#6450);
#6929 = DRAUGHTING_PRE_DEFINED_CURVE_FONT('continuous');
#6930 = STYLED_ITEM('color',(#6931),#3010);
#6931 = PRESENTATION_STYLE_ASSIGNMENT((#6932,#6937));
#6932 = SURFACE_STYLE_USAGE(.BOTH.,#6933);
#6933 = SURFACE_SIDE_STYLE('',(#6934));
#6934 = SURFACE_STYLE_FILL_AREA(#6935);
#6935 = FILL_AREA_STYLE('',(#6936));
#6936 = FILL_AREA_STYLE_COLOUR('',#6450);
#6937 = CURVE_STYLE('',#6938,POSITIVE_LENGTH_MEASURE(0.1),#6450);
#6938 = DRAUGHTING_PRE_DEFINED_CURVE_FONT('continuous');
#6939 = STYLED_ITEM('color',(#6940),#3022);
#6940 = PRESENTATION_STYLE_ASSIGNMENT((#6941,#6946));
#6941 = SURFACE_STYLE_USAGE(.BOTH.,#6942);
#6942 = SURFACE_SIDE_STYLE('',(#6943));
#6943 = SURFACE_STYLE_FILL_AREA(#6944);
#6944 = FILL_AREA_STYLE('',(#6945));
#6945 = FILL_AREA_STYLE_COLOUR('',#6450);
#6946 = CURVE_STYLE('',#6947,POSITIVE_LENGTH_MEASURE(0.1),#6450);
#6947 = DRAUGHTING_PRE_DEFINED_CURVE_FONT('continuous');
#6948 = STYLED_ITEM('color',(#6949),#3036);
#6949 = PRESENTATION_STYLE_ASSIGNMENT((#6950,#6955));
#6950 = SURFACE_STYLE_USAGE(.BOTH.,#6951);
#6951 = SURFACE_SIDE_STYLE('',(#6952));
#6952 = SURFACE_STYLE_FILL_AREA(#6953);
#6953 = FILL_AREA_STYLE('',(#6954));
#6954 = FILL_AREA_STYLE_COLOUR('',#6450);
#6955 = CURVE_STYLE('',#6956,POSITIVE_LENGTH_MEASURE(0.1),#6450);
#6956 = DRAUGHTING_PRE_DEFINED_CURVE_FONT('continuous');
#6957 = STYLED_ITEM('color',(#6958),#3076);
#6958 = PRESENTATION_STYLE_ASSIGNMENT((#6959,#6964));
#6959 = SURFACE_STYLE_USAGE(.BOTH.,#6960);
#6960 = SURFACE_SIDE_STYLE('',(#6961));
#6961 = SURFACE_STYLE_FILL_AREA(#6962);
#6962 = FILL_AREA_STYLE('',(#6963));
#6963 = FILL_AREA_STYLE_COLOUR('',#6450);
#6964 = CURVE_STYLE('',#6965,POSITIVE_LENGTH_MEASURE(0.1),#6450);
#6965 = DRAUGHTING_PRE_DEFINED_CURVE_FONT('continuous');
#6966 = STYLED_ITEM('color',(#6967),#3116);
#6967 = PRESENTATION_STYLE_ASSIGNMENT((#6968,#6973));
#6968 = SURFACE_STYLE_USAGE(.BOTH.,#6969);
#6969 = SURFACE_SIDE_STYLE('',(#6970));
#6970 = SURFACE_STYLE_FILL_AREA(#6971);
#6971 = FILL_AREA_STYLE('',(#6972));
#6972 = FILL_AREA_STYLE_COLOUR('',#6450);
#6973 = CURVE_STYLE('',#6974,POSITIVE_LENGTH_MEASURE(0.1),#6450);
#6974 = DRAUGHTING_PRE_DEFINED_CURVE_FONT('continuous');
#6975 = STYLED_ITEM('color',(#6976),#3140);
#6976 = PRESENTATION_STYLE_ASSIGNMENT((#6977,#6982));
#6977 = SURFACE_STYLE_USAGE(.BOTH.,#6978);
#6978 = SURFACE_SIDE_STYLE('',(#6979));
#6979 = SURFACE_STYLE_FILL_AREA(#6980);
#6980 = FILL_AREA_STYLE('',(#6981));
#6981 = FILL_AREA_STYLE_COLOUR('',#6450);
#6982 = CURVE_STYLE('',#6983,POSITIVE_LENGTH_MEASURE(0.1),#6450);
#6983 = DRAUGHTING_PRE_DEFINED_CURVE_FONT('continuous');
#6984 = STYLED_ITEM('color',(#6985),#3162);
#6985 = PRESENTATION_STYLE_ASSIGNMENT((#6986,#6991));
#6986 = SURFACE_STYLE_USAGE(.BOTH.,#6987);
#6987 = SURFACE_SIDE_STYLE('',(#6988));
#6988 = SURFACE_STYLE_FILL_AREA(#6989);
#6989 = FILL_AREA_STYLE('',(#6990));
#6990 = FILL_AREA_STYLE_COLOUR('',#6450);
#6991 = CURVE_STYLE('',#6992,POSITIVE_LENGTH_MEASURE(0.1),#6450);
#6992 = DRAUGHTING_PRE_DEFINED_CURVE_FONT('continuous');
#6993 = STYLED_ITEM('color',(#6994),#3191);
#6994 = PRESENTATION_STYLE_ASSIGNMENT((#6995,#7000));
#6995 = SURFACE_STYLE_USAGE(.BOTH.,#6996);
#6996 = SURFACE_SIDE_STYLE('',(#6997));
#6997 = SURFACE_STYLE_FILL_AREA(#6998);
#6998 = FILL_AREA_STYLE('',(#6999));
#6999 = FILL_AREA_STYLE_COLOUR('',#6450);
#7000 = CURVE_STYLE('',#7001,POSITIVE_LENGTH_MEASURE(0.1),#6450);
#7001 = DRAUGHTING_PRE_DEFINED_CURVE_FONT('continuous');
#7002 = STYLED_ITEM('color',(#7003),#3208);
#7003 = PRESENTATION_STYLE_ASSIGNMENT((#7004,#7009));
#7004 = SURFACE_STYLE_USAGE(.BOTH.,#7005);
#7005 = SURFACE_SIDE_STYLE('',(#7006));
#7006 = SURFACE_STYLE_FILL_AREA(#7007);
#7007 = FILL_AREA_STYLE('',(#7008));
#7008 = FILL_AREA_STYLE_COLOUR('',#6450);
#7009 = CURVE_STYLE('',#7010,POSITIVE_LENGTH_MEASURE(0.1),#6450);
#7010 = DRAUGHTING_PRE_DEFINED_CURVE_FONT('continuous');
#7011 = STYLED_ITEM('color',(#7012),#3220);
#7012 = PRESENTATION_STYLE_ASSIGNMENT((#7013,#7018));
#7013 = SURFACE_STYLE_USAGE(.BOTH.,#7014);
#7014 = SURFACE_SIDE_STYLE('',(#7015));
#7015 = SURFACE_STYLE_FILL_AREA(#7016);
#7016 = FILL_AREA_STYLE('',(#7017));
#7017 = FILL_AREA_STYLE_COLOUR('',#6450);
#7018 = CURVE_STYLE('',#7019,POSITIVE_LENGTH_MEASURE(0.1),#6450);
#7019 = DRAUGHTING_PRE_DEFINED_CURVE_FONT('continuous');
#7020 = MECHANICAL_DESIGN_GEOMETRIC_PRESENTATION_REPRESENTATION('',(
    #7021),#5104);
#7021 = STYLED_ITEM('color',(#7022),#4682);
#7022 = PRESENTATION_STYLE_ASSIGNMENT((#7023));
#7023 = SURFACE_STYLE_USAGE(.BOTH.,#7024);
#7024 = SURFACE_SIDE_STYLE('',(#7025));
#7025 = SURFACE_STYLE_FILL_AREA(#7026);
#7026 = FILL_AREA_STYLE('',(#7027));
#7027 = FILL_AREA_STYLE_COLOUR('',#6278);
#7028 = MECHANICAL_DESIGN_GEOMETRIC_PRESENTATION_REPRESENTATION('',(
    #7029),#1254);
#7029 = STYLED_ITEM('color',(#7030),#1104);
#7030 = PRESENTATION_STYLE_ASSIGNMENT((#7031));
#7031 = SURFACE_STYLE_USAGE(.BOTH.,#7032);
#7032 = SURFACE_SIDE_STYLE('',(#7033));
#7033 = SURFACE_STYLE_FILL_AREA(#7034);
#7034 = FILL_AREA_STYLE('',(#7035));
#7035 = FILL_AREA_STYLE_COLOUR('',#6278);
#7036 = SHAPE_DEFINITION_REPRESENTATION(#7037,#7039);
#7037 = PROPERTY_DEFINITION('shape with specific properties',
  'properties for subshape',#7038);
#7038 = SHAPE_ASPECT('','',#104,.F.);
#7039 = SHAPE_REPRESENTATION('',(#111),#615);
#7040 = PROPERTY_DEFINITION_REPRESENTATION(#7041,#7042);
#7041 = PROPERTY_DEFINITION('geometric validation property',
  'surface area',#7038);
#7042 = REPRESENTATION('surface area',(#7043),#615);
#7043 = MEASURE_REPRESENTATION_ITEM('surface area measure',AREA_MEASURE(
    14.57037472992),#7044);
#7044 = DERIVED_UNIT((#7045));
#7045 = DERIVED_UNIT_ELEMENT(#7046,2.);
#7046 = ( LENGTH_UNIT() NAMED_UNIT(*) SI_UNIT(.MILLI.,.METRE.) );
#7047 = PROPERTY_DEFINITION_REPRESENTATION(#7048,#7049);
#7048 = PROPERTY_DEFINITION('geometric validation property','volume',
  #7038);
#7049 = REPRESENTATION('volume',(#7050),#615);
#7050 = MEASURE_REPRESENTATION_ITEM('volume measure',VOLUME_MEASURE(
    3.35487961561),#7051);
#7051 = DERIVED_UNIT((#7052));
#7052 = DERIVED_UNIT_ELEMENT(#7053,3.);
#7053 = ( LENGTH_UNIT() NAMED_UNIT(*) SI_UNIT(.MILLI.,.METRE.) );
#7054 = PROPERTY_DEFINITION_REPRESENTATION(#7055,#7056);
#7055 = PROPERTY_DEFINITION('geometric validation property','centroid',
  #7038);
#7056 = REPRESENTATION('centroid',(#7057),#615);
#7057 = CARTESIAN_POINT('centre point',(0.,6.326312126791E-02,
    -1.147582161246E-03));
#7058 = SHAPE_DEFINITION_REPRESENTATION(#7059,#7061);
#7059 = PROPERTY_DEFINITION('shape with specific properties',
  'properties for subshape',#7060);
#7060 = SHAPE_ASPECT('','',#627,.F.);
#7061 = SHAPE_REPRESENTATION('',(#634),#1056);
#7062 = PROPERTY_DEFINITION_REPRESENTATION(#7063,#7064);
#7063 = PROPERTY_DEFINITION('geometric validation property',
  'surface area',#7060);
#7064 = REPRESENTATION('surface area',(#7065),#1056);
#7065 = MEASURE_REPRESENTATION_ITEM('surface area measure',AREA_MEASURE(
    0.96398123925),#7066);
#7066 = DERIVED_UNIT((#7067));
#7067 = DERIVED_UNIT_ELEMENT(#7068,2.);
#7068 = ( LENGTH_UNIT() NAMED_UNIT(*) SI_UNIT(.MILLI.,.METRE.) );
#7069 = PROPERTY_DEFINITION_REPRESENTATION(#7070,#7071);
#7070 = PROPERTY_DEFINITION('geometric validation property','volume',
  #7060);
#7071 = REPRESENTATION('volume',(#7072),#1056);
#7072 = MEASURE_REPRESENTATION_ITEM('volume measure',VOLUME_MEASURE(
    4.417680494523E-02),#7073);
#7073 = DERIVED_UNIT((#7074));
#7074 = DERIVED_UNIT_ELEMENT(#7075,3.);
#7075 = ( LENGTH_UNIT() NAMED_UNIT(*) SI_UNIT(.MILLI.,.METRE.) );
#7076 = PROPERTY_DEFINITION_REPRESENTATION(#7077,#7078);
#7077 = PROPERTY_DEFINITION('geometric validation property','centroid',
  #7060);
#7078 = REPRESENTATION('centroid',(#7079),#1056);
#7079 = CARTESIAN_POINT('centre point',(0.,-6.332699541575E-02,
    0.16971068296));
#7080 = SHAPE_DEFINITION_REPRESENTATION(#7081,#7083);
#7081 = PROPERTY_DEFINITION('shape with specific properties',
  'properties for subshape',#7082);
#7082 = SHAPE_ASPECT('','',#1097,.F.);
#7083 = SHAPE_REPRESENTATION('',(#1104),#1254);
#7084 = PROPERTY_DEFINITION_REPRESENTATION(#7085,#7086);
#7085 = PROPERTY_DEFINITION('geometric validation property',
  'surface area',#7082);
#7086 = REPRESENTATION('surface area',(#7087),#1254);
#7087 = MEASURE_REPRESENTATION_ITEM('surface area measure',AREA_MEASURE(
    0.226),#7088);
#7088 = DERIVED_UNIT((#7089));
#7089 = DERIVED_UNIT_ELEMENT(#7090,2.);
#7090 = ( LENGTH_UNIT() NAMED_UNIT(*) SI_UNIT(.MILLI.,.METRE.) );
#7091 = PROPERTY_DEFINITION_REPRESENTATION(#7092,#7093);
#7092 = PROPERTY_DEFINITION('geometric validation property','volume',
  #7082);
#7093 = REPRESENTATION('volume',(#7094),#1254);
#7094 = MEASURE_REPRESENTATION_ITEM('volume measure',VOLUME_MEASURE(
    7.E-03),#7095);
#7095 = DERIVED_UNIT((#7096));
#7096 = DERIVED_UNIT_ELEMENT(#7097,3.);
#7097 = ( LENGTH_UNIT() NAMED_UNIT(*) SI_UNIT(.MILLI.,.METRE.) );
#7098 = PROPERTY_DEFINITION_REPRESENTATION(#7099,#7100);
#7099 = PROPERTY_DEFINITION('geometric validation property','centroid',
  #7082);
#7100 = REPRESENTATION('centroid',(#7101),#1254);
#7101 = CARTESIAN_POINT('centre point',(0.,7.E-02,-0.1));
#7102 = PROPERTY_DEFINITION_REPRESENTATION(#7103,#7104);
#7103 = PROPERTY_DEFINITION('geometric validation property',
  'surface area',#61);
#7104 = REPRESENTATION('surface area',(#7105),#92);
#7105 = MEASURE_REPRESENTATION_ITEM('surface area measure',AREA_MEASURE(
    17.68831844767),#7106);
#7106 = DERIVED_UNIT((#7107));
#7107 = DERIVED_UNIT_ELEMENT(#7108,2.);
#7108 = ( LENGTH_UNIT() NAMED_UNIT(*) SI_UNIT(.MILLI.,.METRE.) );
#7109 = PROPERTY_DEFINITION_REPRESENTATION(#7110,#7111);
#7110 = PROPERTY_DEFINITION('geometric validation property','volume',#61
  );
#7111 = REPRESENTATION('volume',(#7112),#92);
#7112 = MEASURE_REPRESENTATION_ITEM('volume measure',VOLUME_MEASURE(
    3.494410030445),#7113);
#7113 = DERIVED_UNIT((#7114));
#7114 = DERIVED_UNIT_ELEMENT(#7115,3.);
#7115 = ( LENGTH_UNIT() NAMED_UNIT(*) SI_UNIT(.MILLI.,.METRE.) );
#7116 = PROPERTY_DEFINITION_REPRESENTATION(#7117,#7118);
#7117 = PROPERTY_DEFINITION('geometric validation property','centroid',
  #61);
#7118 = REPRESENTATION('centroid',(#7119),#92);
#7119 = CARTESIAN_POINT('centre point',(-1.175648783325E-02,0.,
    0.505420147153));
#7120 = SHAPE_DEFINITION_REPRESENTATION(#7121,#7123);
#7121 = PROPERTY_DEFINITION('shape with specific properties',
  'properties for subshape',#7122);
#7122 = SHAPE_ASPECT('','',#3374,.F.);
#7123 = SHAPE_REPRESENTATION('',(#3381),#4663);
#7124 = PROPERTY_DEFINITION_REPRESENTATION(#7125,#7126);
#7125 = PROPERTY_DEFINITION('geometric validation property',
  'surface area',#7122);
#7126 = REPRESENTATION('surface area',(#7127),#4663);
#7127 = MEASURE_REPRESENTATION_ITEM('surface area measure',AREA_MEASURE(
    74.08976021816),#7128);
#7128 = DERIVED_UNIT((#7129));
#7129 = DERIVED_UNIT_ELEMENT(#7130,2.);
#7130 = ( LENGTH_UNIT() NAMED_UNIT(*) SI_UNIT(.MILLI.,.METRE.) );
#7131 = PROPERTY_DEFINITION_REPRESENTATION(#7132,#7133);
#7132 = PROPERTY_DEFINITION('geometric validation property','volume',
  #7122);
#7133 = REPRESENTATION('volume',(#7134),#4663);
#7134 = MEASURE_REPRESENTATION_ITEM('volume measure',VOLUME_MEASURE(
    27.68252892329),#7135);
#7135 = DERIVED_UNIT((#7136));
#7136 = DERIVED_UNIT_ELEMENT(#7137,3.);
#7137 = ( LENGTH_UNIT() NAMED_UNIT(*) SI_UNIT(.MILLI.,.METRE.) );
#7138 = PROPERTY_DEFINITION_REPRESENTATION(#7139,#7140);
#7139 = PROPERTY_DEFINITION('geometric validation property','centroid',
  #7122);
#7140 = REPRESENTATION('centroid',(#7141),#4663);
#7141 = CARTESIAN_POINT('centre point',(1.271138176577E-03,
    -5.142983164469E-02,2.224504985826E-03));
#7142 = SHAPE_DEFINITION_REPRESENTATION(#7143,#7145);
#7143 = PROPERTY_DEFINITION('shape with specific properties',
  'properties for subshape',#7144);
#7144 = SHAPE_ASPECT('','',#4675,.F.);
#7145 = SHAPE_REPRESENTATION('',(#4682),#5104);
#7146 = PROPERTY_DEFINITION_REPRESENTATION(#7147,#7148);
#7147 = PROPERTY_DEFINITION('geometric validation property',
  'surface area',#7144);
#7148 = REPRESENTATION('surface area',(#7149),#5104);
#7149 = MEASURE_REPRESENTATION_ITEM('surface area measure',AREA_MEASURE(
    1.097242002884),#7150);
#7150 = DERIVED_UNIT((#7151));
#7151 = DERIVED_UNIT_ELEMENT(#7152,2.);
#7152 = ( LENGTH_UNIT() NAMED_UNIT(*) SI_UNIT(.MILLI.,.METRE.) );
#7153 = PROPERTY_DEFINITION_REPRESENTATION(#7154,#7155);
#7154 = PROPERTY_DEFINITION('geometric validation property','volume',
  #7144);
#7155 = REPRESENTATION('volume',(#7156),#5104);
#7156 = MEASURE_REPRESENTATION_ITEM('volume measure',VOLUME_MEASURE(
    4.76234412612E-02),#7157);
#7157 = DERIVED_UNIT((#7158));
#7158 = DERIVED_UNIT_ELEMENT(#7159,3.);
#7159 = ( LENGTH_UNIT() NAMED_UNIT(*) SI_UNIT(.MILLI.,.METRE.) );
#7160 = PROPERTY_DEFINITION_REPRESENTATION(#7161,#7162);
#7161 = PROPERTY_DEFINITION('geometric validation property','centroid',
  #7144);
#7162 = REPRESENTATION('centroid',(#7163),#5104);
#7163 = CARTESIAN_POINT('centre point',(0.,7.407567836324E-02,
    0.108103305334));
#7164 = PROPERTY_DEFINITION_REPRESENTATION(#7165,#7166);
#7165 = PROPERTY_DEFINITION('geometric validation property',
  'surface area',#3267);
#7166 = REPRESENTATION('surface area',(#7167),#3362);
#7167 = MEASURE_REPRESENTATION_ITEM('surface area measure',AREA_MEASURE(
    96.03460027583),#7168);
#7168 = DERIVED_UNIT((#7169));
#7169 = DERIVED_UNIT_ELEMENT(#7170,2.);
#7170 = ( LENGTH_UNIT() NAMED_UNIT(*) SI_UNIT(.MILLI.,.METRE.) );
#7171 = PROPERTY_DEFINITION_REPRESENTATION(#7172,#7173);
#7172 = PROPERTY_DEFINITION('geometric validation property','volume',
  #3267);
#7173 = REPRESENTATION('volume',(#7174),#3362);
#7174 = MEASURE_REPRESENTATION_ITEM('volume measure',VOLUME_MEASURE(
    28.63499774852),#7175);
#7175 = DERIVED_UNIT((#7176));
#7176 = DERIVED_UNIT_ELEMENT(#7177,3.);
#7177 = ( LENGTH_UNIT() NAMED_UNIT(*) SI_UNIT(.MILLI.,.METRE.) );
#7178 = PROPERTY_DEFINITION_REPRESENTATION(#7179,#7180);
#7179 = PROPERTY_DEFINITION('geometric validation property','centroid',
  #3267);
#7180 = REPRESENTATION('centroid',(#7181),#3362);
#7181 = CARTESIAN_POINT('centre point',(1.228857066714E-03,
    -2.150512605272E-03,0.618441950022));
ENDSEC;
END-ISO-10303-21;
